curve,K,c_K,E_K,D_K,D_K_times_zeta2,D_K_zeta2_minus_1,scale_label,scale_value,rank,normalization_name,normalization_status,normalized_value,L2E_estimate,L2E_prime_count,L2E_max_p,Sym2_good_partial_estimate,Sym2_good_prime_count,Sym2_bad_primes_deferred
37a1,1000,20.147808211575911549662787725,0.021313139983840745216584732861,0.429413056780893457267338500224,0.706356165848323452703544499104,-0.293643834151676547296455500896,c_K / log K,2.9166939762441477629443571186,1,D,COMPUTED_FROM_SOURCE_D_K,0.429413056780893457267339,0.381702621298426499358925,100,541,2.50290445667649290361039,99,37
37a1,1000,20.147808211575911549662787725,0.021313139983840745216584732861,0.429413056780893457267338500224,0.706356165848323452703544499104,-0.293643834151676547296455500896,c_K / log K,2.9166939762441477629443571186,1,D*zeta(2),COMPUTED_FROM_SOURCE_D_K_times_zeta2,0.706356165848323452703544,0.381702621298426499358925,100,541,2.50290445667649290361039,99,37
37a1,1000,20.147808211575911549662787725,0.021313139983840745216584732861,0.429413056780893457267338500224,0.706356165848323452703544499104,-0.293643834151676547296455500896,c_K / log K,2.9166939762441477629443571186,1,D*exp(rank*EulerGamma),COMPUTED_FROM_SOURCE_D_K_AND_EULERGAMMA,0.764815751357308093013314,0.381702621298426499358925,100,541,2.50290445667649290361039,99,37
37a1,1000,20.147808211575911549662787725,0.021313139983840745216584732861,0.429413056780893457267338500224,0.706356165848323452703544499104,-0.293643834151676547296455500896,c_K / log K,2.9166939762441477629443571186,1,D/L2E_partial^rank,COMPUTED_WITH_AP_TABLE_EC_EULER_FACTORS,1.12499373287029516039432,0.381702621298426499358925,100,541,2.50290445667649290361039,99,37
37a1,1000,20.147808211575911549662787725,0.021313139983840745216584732861,0.429413056780893457267338500224,0.706356165848323452703544499104,-0.293643834151676547296455500896,c_K / log K,2.9166939762441477629443571186,1,D*zeta(2)/L2E_partial^rank,COMPUTED_WITH_AP_TABLE_EC_EULER_FACTORS,1.85054051618910189389392,0.381702621298426499358925,100,541,2.50290445667649290361039,99,37
37a1,1000,20.147808211575911549662787725,0.021313139983840745216584732861,0.429413056780893457267338500224,0.706356165848323452703544499104,-0.293643834151676547296455500896,c_K / log K,2.9166939762441477629443571186,1,D/Sym2_good_partial^rank,COMPUTED_GOOD_PRIME_PLACEHOLDER_FULL_SYM2_DEFER,0.171565900422381262135589,0.381702621298426499358925,100,541,2.50290445667649290361039,99,37
37a1,1000,20.147808211575911549662787725,0.021313139983840745216584732861,0.429413056780893457267338500224,0.706356165848323452703544499104,-0.293643834151676547296455500896,c_K / log K,2.9166939762441477629443571186,1,D*zeta(2)/Sym2_good_partial^rank,COMPUTED_GOOD_PRIME_PLACEHOLDER_FULL_SYM2_DEFER,0.282214594314265459262365,0.381702621298426499358925,100,541,2.50290445667649290361039,99,37
37a1,3000,23.9461373435693692058540940492,0.0161508341120969056327252989636,0.386750091861477747598836151723,0.636178401459625752351315772557,-0.363821598540374247648684227443,c_K / log K,2.99088658386404993597648229804,1,D,COMPUTED_FROM_SOURCE_D_K,0.386750091861477747598836,0.381702621298426499358925,100,541,2.50290445667649290361039,99,37
37a1,3000,23.9461373435693692058540940492,0.0161508341120969056327252989636,0.386750091861477747598836151723,0.636178401459625752351315772557,-0.363821598540374247648684227443,c_K / log K,2.99088658386404993597648229804,1,D*zeta(2),COMPUTED_FROM_SOURCE_D_K_times_zeta2,0.636178401459625752351316,0.381702621298426499358925,100,541,2.50290445667649290361039,99,37
37a1,3000,23.9461373435693692058540940492,0.0161508341120969056327252989636,0.386750091861477747598836151723,0.636178401459625752351315772557,-0.363821598540374247648684227443,c_K / log K,2.99088658386404993597648229804,1,D*exp(rank*EulerGamma),COMPUTED_FROM_SOURCE_D_K_AND_EULERGAMMA,0.688829921269653362858843,0.381702621298426499358925,100,541,2.50290445667649290361039,99,37
37a1,3000,23.9461373435693692058540940492,0.0161508341120969056327252989636,0.386750091861477747598836151723,0.636178401459625752351315772557,-0.363821598540374247648684227443,c_K / log K,2.99088658386404993597648229804,1,D/L2E_partial^rank,COMPUTED_WITH_AP_TABLE_EC_EULER_FACTORS,1.01322356798567800543584,0.381702621298426499358925,100,541,2.50290445667649290361039,99,37
37a1,3000,23.9461373435693692058540940492,0.0161508341120969056327252989636,0.386750091861477747598836151723,0.636178401459625752351315772557,-0.363821598540374247648684227443,c_K / log K,2.99088658386404993597648229804,1,D*zeta(2)/L2E_partial^rank,COMPUTED_WITH_AP_TABLE_EC_EULER_FACTORS,1.66668596431315176767070,0.381702621298426499358925,100,541,2.50290445667649290361039,99,37
37a1,3000,23.9461373435693692058540940492,0.0161508341120969056327252989636,0.386750091861477747598836151723,0.636178401459625752351315772557,-0.363821598540374247648684227443,c_K / log K,2.99088658386404993597648229804,1,D/Sym2_good_partial^rank,COMPUTED_GOOD_PRIME_PLACEHOLDER_FULL_SYM2_DEFER,0.154520517485125174933143,0.381702621298426499358925,100,541,2.50290445667649290361039,99,37
37a1,3000,23.9461373435693692058540940492,0.0161508341120969056327252989636,0.386750091861477747598836151723,0.636178401459625752351315772557,-0.363821598540374247648684227443,c_K / log K,2.99088658386404993597648229804,1,D*zeta(2)/Sym2_good_partial^rank,COMPUTED_GOOD_PRIME_PLACEHOLDER_FULL_SYM2_DEFER,0.254176063238299436430018,0.381702621298426499358925,100,541,2.50290445667649290361039,99,37
37a1,10000,27.9254527186885764259843042531,0.0130265755943832113959597671095,0.363773020847370909076468008191,0.598382634592130488035441844074,-0.401617365407869511964558155926,c_K / log K,3.03196750509415262642308296738,1,D,COMPUTED_FROM_SOURCE_D_K,0.363773020847370909076468,0.381702621298426499358925,100,541,2.50290445667649290361039,99,37
37a1,10000,27.9254527186885764259843042531,0.0130265755943832113959597671095,0.363773020847370909076468008191,0.598382634592130488035441844074,-0.401617365407869511964558155926,c_K / log K,3.03196750509415262642308296738,1,D*zeta(2),COMPUTED_FROM_SOURCE_D_K_times_zeta2,0.598382634592130488035442,0.381702621298426499358925,100,541,2.50290445667649290361039,99,37
37a1,10000,27.9254527186885764259843042531,0.0130265755943832113959597671095,0.363773020847370909076468008191,0.598382634592130488035441844074,-0.401617365407869511964558155926,c_K / log K,3.03196750509415262642308296738,1,D*exp(rank*EulerGamma),COMPUTED_FROM_SOURCE_D_K_AND_EULERGAMMA,0.647906093840225605450776,0.381702621298426499358925,100,541,2.50290445667649290361039,99,37
37a1,10000,27.9254527186885764259843042531,0.0130265755943832113959597671095,0.363773020847370909076468008191,0.598382634592130488035441844074,-0.401617365407869511964558155926,c_K / log K,3.03196750509415262642308296738,1,D/L2E_partial^rank,COMPUTED_WITH_AP_TABLE_EC_EULER_FACTORS,0.953027305942869871911281,0.381702621298426499358925,100,541,2.50290445667649290361039,99,37
37a1,10000,27.9254527186885764259843042531,0.0130265755943832113959597671095,0.363773020847370909076468008191,0.598382634592130488035441844074,-0.401617365407869511964558155926,c_K / log K,3.03196750509415262642308296738,1,D*zeta(2)/L2E_partial^rank,COMPUTED_WITH_AP_TABLE_EC_EULER_FACTORS,1.56766708218201385769275,0.381702621298426499358925,100,541,2.50290445667649290361039,99,37
37a1,10000,27.9254527186885764259843042531,0.0130265755943832113959597671095,0.363773020847370909076468008191,0.598382634592130488035441844074,-0.401617365407869511964558155926,c_K / log K,3.03196750509415262642308296738,1,D/Sym2_good_partial^rank,COMPUTED_GOOD_PRIME_PLACEHOLDER_FULL_SYM2_DEFER,0.145340354433828692138364,0.381702621298426499358925,100,541,2.50290445667649290361039,99,37
37a1,10000,27.9254527186885764259843042531,0.0130265755943832113959597671095,0.363773020847370909076468008191,0.598382634592130488035441844074,-0.401617365407869511964558155926,c_K / log K,3.03196750509415262642308296738,1,D*zeta(2)/Sym2_good_partial^rank,COMPUTED_GOOD_PRIME_PLACEHOLDER_FULL_SYM2_DEFER,0.239075300296000489423666,0.381702621298426499358925,100,541,2.50290445667649290361039,99,37
37a1,30000,31.6781471258253132724971328411,0.0108438130692151685928683949748,0.343511905811545461817065390636,0.565054436237370386002968250164,-0.434945563762629613997031749836,c_K / log K,3.07287734929277303188355926552,1,D,COMPUTED_FROM_SOURCE_D_K,0.343511905811545461817065,0.381702621298426499358925,100,541,2.50290445667649290361039,99,37
37a1,30000,31.6781471258253132724971328411,0.0108438130692151685928683949748,0.343511905811545461817065390636,0.565054436237370386002968250164,-0.434945563762629613997031749836,c_K / log K,3.07287734929277303188355926552,1,D*zeta(2),COMPUTED_FROM_SOURCE_D_K_times_zeta2,0.565054436237370386002968,0.381702621298426499358925,100,541,2.50290445667649290361039,99,37
37a1,30000,31.6781471258253132724971328411,0.0108438130692151685928683949748,0.343511905811545461817065390636,0.565054436237370386002968250164,-0.434945563762629613997031749836,c_K / log K,3.07287734929277303188355926552,1,D*exp(rank*EulerGamma),COMPUTED_FROM_SOURCE_D_K_AND_EULERGAMMA,0.611819580692190419223246,0.381702621298426499358925,100,541,2.50290445667649290361039,99,37
37a1,30000,31.6781471258253132724971328411,0.0108438130692151685928683949748,0.343511905811545461817065390636,0.565054436237370386002968250164,-0.434945563762629613997031749836,c_K / log K,3.07287734929277303188355926552,1,D/L2E_partial^rank,COMPUTED_WITH_AP_TABLE_EC_EULER_FACTORS,0.899946415466132215631014,0.381702621298426499358925,100,541,2.50290445667649290361039,99,37
37a1,30000,31.6781471258253132724971328411,0.0108438130692151685928683949748,0.343511905811545461817065390636,0.565054436237370386002968250164,-0.434945563762629613997031749836,c_K / log K,3.07287734929277303188355926552,1,D*zeta(2)/L2E_partial^rank,COMPUTED_WITH_AP_TABLE_EC_EULER_FACTORS,1.48035251713818849175847,0.381702621298426499358925,100,541,2.50290445667649290361039,99,37
37a1,30000,31.6781471258253132724971328411,0.0108438130692151685928683949748,0.343511905811545461817065390636,0.565054436237370386002968250164,-0.434945563762629613997031749836,c_K / log K,3.07287734929277303188355926552,1,D/Sym2_good_partial^rank,COMPUTED_GOOD_PRIME_PLACEHOLDER_FULL_SYM2_DEFER,0.137245313098239967915227,0.381702621298426499358925,100,541,2.50290445667649290361039,99,37
37a1,30000,31.6781471258253132724971328411,0.0108438130692151685928683949748,0.343511905811545461817065390636,0.565054436237370386002968250164,-0.434945563762629613997031749836,c_K / log K,3.07287734929277303188355926552,1,D*zeta(2)/Sym2_good_partial^rank,COMPUTED_GOOD_PRIME_PLACEHOLDER_FULL_SYM2_DEFER,0.225759491030546030718366,0.381702621298426499358925,100,541,2.50290445667649290361039,99,37
37a1,100000,35.6137751428711981494600533567,0.010546896055589965343270407278,0.375614784579016194212982641544,0.617861555165881596836419994397,-0.382138444834118403163580005603,c_K / log K,3.09337320485843106750453379285,1,D,COMPUTED_FROM_SOURCE_D_K,0.375614784579016194212983,0.381702621298426499358925,100,541,2.50290445667649290361039,99,37
37a1,100000,35.6137751428711981494600533567,0.010546896055589965343270407278,0.375614784579016194212982641544,0.617861555165881596836419994397,-0.382138444834118403163580005603,c_K / log K,3.09337320485843106750453379285,1,D*zeta(2),COMPUTED_FROM_SOURCE_D_K_times_zeta2,0.617861555165881596836420,0.381702621298426499358925,100,541,2.50290445667649290361039,99,37
37a1,100000,35.6137751428711981494600533567,0.010546896055589965343270407278,0.375614784579016194212982641544,0.617861555165881596836419994397,-0.382138444834118403163580005603,c_K / log K,3.09337320485843106750453379285,1,D*exp(rank*EulerGamma),COMPUTED_FROM_SOURCE_D_K_AND_EULERGAMMA,0.668997132603015703424244,0.381702621298426499358925,100,541,2.50290445667649290361039,99,37
37a1,100000,35.6137751428711981494600533567,0.010546896055589965343270407278,0.375614784579016194212982641544,0.617861555165881596836419994397,-0.382138444834118403163580005603,c_K / log K,3.09337320485843106750453379285,1,D/L2E_partial^rank,COMPUTED_WITH_AP_TABLE_EC_EULER_FACTORS,0.984050838585542086866323,0.381702621298426499358925,100,541,2.50290445667649290361039,99,37
37a1,100000,35.6137751428711981494600533567,0.010546896055589965343270407278,0.375614784579016194212982641544,0.617861555165881596836419994397,-0.382138444834118403163580005603,c_K / log K,3.09337320485843106750453379285,1,D*zeta(2)/L2E_partial^rank,COMPUTED_WITH_AP_TABLE_EC_EULER_FACTORS,1.61869874789992336988425,0.381702621298426499358925,100,541,2.50290445667649290361039,99,37
37a1,100000,35.6137751428711981494600533567,0.010546896055589965343270407278,0.375614784579016194212982641544,0.617861555165881596836419994397,-0.382138444834118403163580005603,c_K / log K,3.09337320485843106750453379285,1,D/Sym2_good_partial^rank,COMPUTED_GOOD_PRIME_PLACEHOLDER_FULL_SYM2_DEFER,0.150071563290026699530380,0.381702621298426499358925,100,541,2.50290445667649290361039,99,37
37a1,100000,35.6137751428711981494600533567,0.010546896055589965343270407278,0.375614784579016194212982641544,0.617861555165881596836419994397,-0.382138444834118403163580005603,c_K / log K,3.09337320485843106750453379285,1,D*zeta(2)/Sym2_good_partial^rank,COMPUTED_GOOD_PRIME_PLACEHOLDER_FULL_SYM2_DEFER,0.246857826920934623452413,0.381702621298426499358925,100,541,2.50290445667649290361039,99,37
11a1,1000,3.853428423451027829206955253,0.191823004222772293270481288806,0.739176216743797291931917823338,1.21589614032586056795111133798,0.215896140325860567951111337976,c_K (constant),3.853428423451027829206955253,0,D,COMPUTED_FROM_SOURCE_D_K,0.739176216743797291931918,0.545915496934310807456615,100,541,1.05536953821812262696858,99,11
11a1,1000,3.853428423451027829206955253,0.191823004222772293270481288806,0.739176216743797291931917823338,1.21589614032586056795111133798,0.215896140325860567951111337976,c_K (constant),3.853428423451027829206955253,0,D*zeta(2),COMPUTED_FROM_SOURCE_D_K_times_zeta2,1.21589614032586056795111,0.545915496934310807456615,100,541,1.05536953821812262696858,99,11
11a1,1000,3.853428423451027829206955253,0.191823004222772293270481288806,0.739176216743797291931917823338,1.21589614032586056795111133798,0.215896140325860567951111337976,c_K (constant),3.853428423451027829206955253,0,D*exp(rank*EulerGamma),COMPUTED_FROM_SOURCE_D_K_AND_EULERGAMMA,0.739176216743797291931918,0.545915496934310807456615,100,541,1.05536953821812262696858,99,11
11a1,1000,3.853428423451027829206955253,0.191823004222772293270481288806,0.739176216743797291931917823338,1.21589614032586056795111133798,0.215896140325860567951111337976,c_K (constant),3.853428423451027829206955253,0,D/L2E_partial^rank,COMPUTED_WITH_AP_TABLE_EC_EULER_FACTORS,0.739176216743797291931918,0.545915496934310807456615,100,541,1.05536953821812262696858,99,11
11a1,1000,3.853428423451027829206955253,0.191823004222772293270481288806,0.739176216743797291931917823338,1.21589614032586056795111133798,0.215896140325860567951111337976,c_K (constant),3.853428423451027829206955253,0,D*zeta(2)/L2E_partial^rank,COMPUTED_WITH_AP_TABLE_EC_EULER_FACTORS,1.21589614032586056795111,0.545915496934310807456615,100,541,1.05536953821812262696858,99,11
11a1,1000,3.853428423451027829206955253,0.191823004222772293270481288806,0.739176216743797291931917823338,1.21589614032586056795111133798,0.215896140325860567951111337976,c_K (constant),3.853428423451027829206955253,0,D/Sym2_good_partial^rank,COMPUTED_GOOD_PRIME_PLACEHOLDER_FULL_SYM2_DEFER,0.739176216743797291931918,0.545915496934310807456615,100,541,1.05536953821812262696858,99,11
11a1,1000,3.853428423451027829206955253,0.191823004222772293270481288806,0.739176216743797291931917823338,1.21589614032586056795111133798,0.215896140325860567951111337976,c_K (constant),3.853428423451027829206955253,0,D*zeta(2)/Sym2_good_partial^rank,COMPUTED_GOOD_PRIME_PLACEHOLDER_FULL_SYM2_DEFER,1.21589614032586056795111,0.545915496934310807456615,100,541,1.05536953821812262696858,99,11
11a1,3000,4.11870601611409026621819396154,0.162977809375223317655984661508,0.671257683966827661432460339747,1.10417463199067534746727725116,0.10417463199067534746727725116,c_K (constant),4.11870601611409026621819396154,0,D,COMPUTED_FROM_SOURCE_D_K,0.671257683966827661432460,0.545915496934310807456615,100,541,1.05536953821812262696858,99,11
11a1,3000,4.11870601611409026621819396154,0.162977809375223317655984661508,0.671257683966827661432460339747,1.10417463199067534746727725116,0.10417463199067534746727725116,c_K (constant),4.11870601611409026621819396154,0,D*zeta(2),COMPUTED_FROM_SOURCE_D_K_times_zeta2,1.10417463199067534746728,0.545915496934310807456615,100,541,1.05536953821812262696858,99,11
11a1,3000,4.11870601611409026621819396154,0.162977809375223317655984661508,0.671257683966827661432460339747,1.10417463199067534746727725116,0.10417463199067534746727725116,c_K (constant),4.11870601611409026621819396154,0,D*exp(rank*EulerGamma),COMPUTED_FROM_SOURCE_D_K_AND_EULERGAMMA,0.671257683966827661432460,0.545915496934310807456615,100,541,1.05536953821812262696858,99,11
11a1,3000,4.11870601611409026621819396154,0.162977809375223317655984661508,0.671257683966827661432460339747,1.10417463199067534746727725116,0.10417463199067534746727725116,c_K (constant),4.11870601611409026621819396154,0,D/L2E_partial^rank,COMPUTED_WITH_AP_TABLE_EC_EULER_FACTORS,0.671257683966827661432460,0.545915496934310807456615,100,541,1.05536953821812262696858,99,11
11a1,3000,4.11870601611409026621819396154,0.162977809375223317655984661508,0.671257683966827661432460339747,1.10417463199067534746727725116,0.10417463199067534746727725116,c_K (constant),4.11870601611409026621819396154,0,D*zeta(2)/L2E_partial^rank,COMPUTED_WITH_AP_TABLE_EC_EULER_FACTORS,1.10417463199067534746728,0.545915496934310807456615,100,541,1.05536953821812262696858,99,11
11a1,3000,4.11870601611409026621819396154,0.162977809375223317655984661508,0.671257683966827661432460339747,1.10417463199067534746727725116,0.10417463199067534746727725116,c_K (constant),4.11870601611409026621819396154,0,D/Sym2_good_partial^rank,COMPUTED_GOOD_PRIME_PLACEHOLDER_FULL_SYM2_DEFER,0.671257683966827661432460,0.545915496934310807456615,100,541,1.05536953821812262696858,99,11
11a1,3000,4.11870601611409026621819396154,0.162977809375223317655984661508,0.671257683966827661432460339747,1.10417463199067534746727725116,0.10417463199067534746727725116,c_K (constant),4.11870601611409026621819396154,0,D*zeta(2)/Sym2_good_partial^rank,COMPUTED_GOOD_PRIME_PLACEHOLDER_FULL_SYM2_DEFER,1.10417463199067534746728,0.545915496934310807456615,100,541,1.05536953821812262696858,99,11
11a1,10000,3.82961928616491246352743944971,0.176399560413630729571380415782,0.675543158631052865321778183381,1.11122395525847434974364043028,0.111223955258474349743640430279,c_K (constant),3.82961928616491246352743944971,0,D,COMPUTED_FROM_SOURCE_D_K,0.675543158631052865321778,0.545915496934310807456615,100,541,1.05536953821812262696858,99,11
11a1,10000,3.82961928616491246352743944971,0.176399560413630729571380415782,0.675543158631052865321778183381,1.11122395525847434974364043028,0.111223955258474349743640430279,c_K (constant),3.82961928616491246352743944971,0,D*zeta(2),COMPUTED_FROM_SOURCE_D_K_times_zeta2,1.11122395525847434974364,0.545915496934310807456615,100,541,1.05536953821812262696858,99,11
11a1,10000,3.82961928616491246352743944971,0.176399560413630729571380415782,0.675543158631052865321778183381,1.11122395525847434974364043028,0.111223955258474349743640430279,c_K (constant),3.82961928616491246352743944971,0,D*exp(rank*EulerGamma),COMPUTED_FROM_SOURCE_D_K_AND_EULERGAMMA,0.675543158631052865321778,0.545915496934310807456615,100,541,1.05536953821812262696858,99,11
11a1,10000,3.82961928616491246352743944971,0.176399560413630729571380415782,0.675543158631052865321778183381,1.11122395525847434974364043028,0.111223955258474349743640430279,c_K (constant),3.82961928616491246352743944971,0,D/L2E_partial^rank,COMPUTED_WITH_AP_TABLE_EC_EULER_FACTORS,0.675543158631052865321778,0.545915496934310807456615,100,541,1.05536953821812262696858,99,11
11a1,10000,3.82961928616491246352743944971,0.176399560413630729571380415782,0.675543158631052865321778183381,1.11122395525847434974364043028,0.111223955258474349743640430279,c_K (constant),3.82961928616491246352743944971,0,D*zeta(2)/L2E_partial^rank,COMPUTED_WITH_AP_TABLE_EC_EULER_FACTORS,1.11122395525847434974364,0.545915496934310807456615,100,541,1.05536953821812262696858,99,11
11a1,10000,3.82961928616491246352743944971,0.176399560413630729571380415782,0.675543158631052865321778183381,1.11122395525847434974364043028,0.111223955258474349743640430279,c_K (constant),3.82961928616491246352743944971,0,D/Sym2_good_partial^rank,COMPUTED_GOOD_PRIME_PLACEHOLDER_FULL_SYM2_DEFER,0.675543158631052865321778,0.545915496934310807456615,100,541,1.05536953821812262696858,99,11
11a1,10000,3.82961928616491246352743944971,0.176399560413630729571380415782,0.675543158631052865321778183381,1.11122395525847434974364043028,0.111223955258474349743640430279,c_K (constant),3.82961928616491246352743944971,0,D*zeta(2)/Sym2_good_partial^rank,COMPUTED_GOOD_PRIME_PLACEHOLDER_FULL_SYM2_DEFER,1.11122395525847434974364,0.545915496934310807456615,100,541,1.05536953821812262696858,99,11
11a1,30000,4.10373252882216125438151122054,0.16956096834235249268361991403,0.695832861405096622694145292675,1.14459917855772388910119734836,0.144599178557723889101197348356,c_K (constant),4.10373252882216125438151122054,0,D,COMPUTED_FROM_SOURCE_D_K,0.695832861405096622694145,0.545915496934310807456615,100,541,1.05536953821812262696858,99,11
11a1,30000,4.10373252882216125438151122054,0.16956096834235249268361991403,0.695832861405096622694145292675,1.14459917855772388910119734836,0.144599178557723889101197348356,c_K (constant),4.10373252882216125438151122054,0,D*zeta(2),COMPUTED_FROM_SOURCE_D_K_times_zeta2,1.14459917855772388910120,0.545915496934310807456615,100,541,1.05536953821812262696858,99,11
11a1,30000,4.10373252882216125438151122054,0.16956096834235249268361991403,0.695832861405096622694145292675,1.14459917855772388910119734836,0.144599178557723889101197348356,c_K (constant),4.10373252882216125438151122054,0,D*exp(rank*EulerGamma),COMPUTED_FROM_SOURCE_D_K_AND_EULERGAMMA,0.695832861405096622694145,0.545915496934310807456615,100,541,1.05536953821812262696858,99,11
11a1,30000,4.10373252882216125438151122054,0.16956096834235249268361991403,0.695832861405096622694145292675,1.14459917855772388910119734836,0.144599178557723889101197348356,c_K (constant),4.10373252882216125438151122054,0,D/L2E_partial^rank,COMPUTED_WITH_AP_TABLE_EC_EULER_FACTORS,0.695832861405096622694145,0.545915496934310807456615,100,541,1.05536953821812262696858,99,11
11a1,30000,4.10373252882216125438151122054,0.16956096834235249268361991403,0.695832861405096622694145292675,1.14459917855772388910119734836,0.144599178557723889101197348356,c_K (constant),4.10373252882216125438151122054,0,D*zeta(2)/L2E_partial^rank,COMPUTED_WITH_AP_TABLE_EC_EULER_FACTORS,1.14459917855772388910120,0.545915496934310807456615,100,541,1.05536953821812262696858,99,11
11a1,30000,4.10373252882216125438151122054,0.16956096834235249268361991403,0.695832861405096622694145292675,1.14459917855772388910119734836,0.144599178557723889101197348356,c_K (constant),4.10373252882216125438151122054,0,D/Sym2_good_partial^rank,COMPUTED_GOOD_PRIME_PLACEHOLDER_FULL_SYM2_DEFER,0.695832861405096622694145,0.545915496934310807456615,100,541,1.05536953821812262696858,99,11
11a1,30000,4.10373252882216125438151122054,0.16956096834235249268361991403,0.695832861405096622694145292675,1.14459917855772388910119734836,0.144599178557723889101197348356,c_K (constant),4.10373252882216125438151122054,0,D*zeta(2)/Sym2_good_partial^rank,COMPUTED_GOOD_PRIME_PLACEHOLDER_FULL_SYM2_DEFER,1.14459917855772388910120,0.545915496934310807456615,100,541,1.05536953821812262696858,99,11
11a1,100000,4.00475611218316189036890149171,0.179747445625154350210848475157,0.719844681516647426879968522739,1.18409703946624518760259078281,0.18409703946624518760259078281,c_K (constant),4.00475611218316189036890149171,0,D,COMPUTED_FROM_SOURCE_D_K,0.719844681516647426879969,0.545915496934310807456615,100,541,1.05536953821812262696858,99,11
11a1,100000,4.00475611218316189036890149171,0.179747445625154350210848475157,0.719844681516647426879968522739,1.18409703946624518760259078281,0.18409703946624518760259078281,c_K (constant),4.00475611218316189036890149171,0,D*zeta(2),COMPUTED_FROM_SOURCE_D_K_times_zeta2,1.18409703946624518760259,0.545915496934310807456615,100,541,1.05536953821812262696858,99,11
11a1,100000,4.00475611218316189036890149171,0.179747445625154350210848475157,0.719844681516647426879968522739,1.18409703946624518760259078281,0.18409703946624518760259078281,c_K (constant),4.00475611218316189036890149171,0,D*exp(rank*EulerGamma),COMPUTED_FROM_SOURCE_D_K_AND_EULERGAMMA,0.719844681516647426879969,0.545915496934310807456615,100,541,1.05536953821812262696858,99,11
11a1,100000,4.00475611218316189036890149171,0.179747445625154350210848475157,0.719844681516647426879968522739,1.18409703946624518760259078281,0.18409703946624518760259078281,c_K (constant),4.00475611218316189036890149171,0,D/L2E_partial^rank,COMPUTED_WITH_AP_TABLE_EC_EULER_FACTORS,0.719844681516647426879969,0.545915496934310807456615,100,541,1.05536953821812262696858,99,11
11a1,100000,4.00475611218316189036890149171,0.179747445625154350210848475157,0.719844681516647426879968522739,1.18409703946624518760259078281,0.18409703946624518760259078281,c_K (constant),4.00475611218316189036890149171,0,D*zeta(2)/L2E_partial^rank,COMPUTED_WITH_AP_TABLE_EC_EULER_FACTORS,1.18409703946624518760259,0.545915496934310807456615,100,541,1.05536953821812262696858,99,11
11a1,100000,4.00475611218316189036890149171,0.179747445625154350210848475157,0.719844681516647426879968522739,1.18409703946624518760259078281,0.18409703946624518760259078281,c_K (constant),4.00475611218316189036890149171,0,D/Sym2_good_partial^rank,COMPUTED_GOOD_PRIME_PLACEHOLDER_FULL_SYM2_DEFER,0.719844681516647426879969,0.545915496934310807456615,100,541,1.05536953821812262696858,99,11
11a1,100000,4.00475611218316189036890149171,0.179747445625154350210848475157,0.719844681516647426879968522739,1.18409703946624518760259078281,0.18409703946624518760259078281,c_K (constant),4.00475611218316189036890149171,0,D*zeta(2)/Sym2_good_partial^rank,COMPUTED_GOOD_PRIME_PLACEHOLDER_FULL_SYM2_DEFER,1.18409703946624518760259,0.545915496934310807456615,100,541,1.05536953821812262696858,99,11
389a1,1000,37.4372338818977573237524691446,0.00305076911350946345984227305258,0.114212356822123670567669576316,0.187871796591736668610067140932,-0.812128203408263331389932859068,c_K / (log K)²,0.784566690431714108202512398709,2,D,COMPUTED_FROM_SOURCE_D_K,0.114212356822123670567670,0.360336000925056599990789,100,541,3.19940423406928881844707,99,389
389a1,1000,37.4372338818977573237524691446,0.00305076911350946345984227305258,0.114212356822123670567669576316,0.187871796591736668610067140932,-0.812128203408263331389932859068,c_K / (log K)²,0.784566690431714108202512398709,2,D*zeta(2),COMPUTED_FROM_SOURCE_D_K_times_zeta2,0.187871796591736668610067,0.360336000925056599990789,100,541,3.19940423406928881844707,99,389
389a1,1000,37.4372338818977573237524691446,0.00305076911350946345984227305258,0.114212356822123670567669576316,0.187871796591736668610067140932,-0.812128203408263331389932859068,c_K / (log K)²,0.784566690431714108202512398709,2,D*exp(rank*EulerGamma),COMPUTED_FROM_SOURCE_D_K_AND_EULERGAMMA,0.362306603563329342031692,0.360336000925056599990789,100,541,3.19940423406928881844707,99,389
389a1,1000,37.4372338818977573237524691446,0.00305076911350946345984227305258,0.114212356822123670567669576316,0.187871796591736668610067140932,-0.812128203408263331389932859068,c_K / (log K)²,0.784566690431714108202512398709,2,D/L2E_partial^rank,COMPUTED_WITH_AP_TABLE_EC_EULER_FACTORS,0.879625447078385729156608,0.360336000925056599990789,100,541,3.19940423406928881844707,99,389
389a1,1000,37.4372338818977573237524691446,0.00305076911350946345984227305258,0.114212356822123670567669576316,0.187871796591736668610067140932,-0.812128203408263331389932859068,c_K / (log K)²,0.784566690431714108202512398709,2,D*zeta(2)/L2E_partial^rank,COMPUTED_WITH_AP_TABLE_EC_EULER_FACTORS,1.44692586396583841658371,0.360336000925056599990789,100,541,3.19940423406928881844707,99,389
389a1,1000,37.4372338818977573237524691446,0.00305076911350946345984227305258,0.114212356822123670567669576316,0.187871796591736668610067140932,-0.812128203408263331389932859068,c_K / (log K)²,0.784566690431714108202512398709,2,D/Sym2_good_partial^rank,COMPUTED_GOOD_PRIME_PLACEHOLDER_FULL_SYM2_DEFER,0.0111577046968662354755764,0.360336000925056599990789,100,541,3.19940423406928881844707,99,389
389a1,1000,37.4372338818977573237524691446,0.00305076911350946345984227305258,0.114212356822123670567669576316,0.187871796591736668610067140932,-0.812128203408263331389932859068,c_K / (log K)²,0.784566690431714108202512398709,2,D*zeta(2)/Sym2_good_partial^rank,COMPUTED_GOOD_PRIME_PLACEHOLDER_FULL_SYM2_DEFER,0.0183536885637077342731876,0.360336000925056599990789,100,541,3.19940423406928881844707,99,389
389a1,3000,49.2290723335374399373037756204,0.00266991248128582219056620965809,0.131437314665434167063309265762,0.216205716548222659120937326776,-0.783794283451777340879062673224,c_K / (log K)²,0.767981225570418536065075954748,2,D,COMPUTED_FROM_SOURCE_D_K,0.131437314665434167063309,0.360336000925056599990789,100,541,3.19940423406928881844707,99,389
389a1,3000,49.2290723335374399373037756204,0.00266991248128582219056620965809,0.131437314665434167063309265762,0.216205716548222659120937326776,-0.783794283451777340879062673224,c_K / (log K)²,0.767981225570418536065075954748,2,D*zeta(2),COMPUTED_FROM_SOURCE_D_K_times_zeta2,0.216205716548222659120937,0.360336000925056599990789,100,541,3.19940423406928881844707,99,389
389a1,3000,49.2290723335374399373037756204,0.00266991248128582219056620965809,0.131437314665434167063309265762,0.216205716548222659120937326776,-0.783794283451777340879062673224,c_K / (log K)²,0.767981225570418536065075954748,2,D*exp(rank*EulerGamma),COMPUTED_FROM_SOURCE_D_K_AND_EULERGAMMA,0.416947941386790572547087,0.360336000925056599990789,100,541,3.19940423406928881844707,99,389
389a1,3000,49.2290723335374399373037756204,0.00266991248128582219056620965809,0.131437314665434167063309265762,0.216205716548222659120937326776,-0.783794283451777340879062673224,c_K / (log K)²,0.767981225570418536065075954748,2,D/L2E_partial^rank,COMPUTED_WITH_AP_TABLE_EC_EULER_FACTORS,1.01228632253361840512060,0.360336000925056599990789,100,541,3.19940423406928881844707,99,389
389a1,3000,49.2290723335374399373037756204,0.00266991248128582219056620965809,0.131437314665434167063309265762,0.216205716548222659120937326776,-0.783794283451777340879062673224,c_K / (log K)²,0.767981225570418536065075954748,2,D*zeta(2)/L2E_partial^rank,COMPUTED_WITH_AP_TABLE_EC_EULER_FACTORS,1.66514425734006036487993,0.360336000925056599990789,100,541,3.19940423406928881844707,99,389
389a1,3000,49.2290723335374399373037756204,0.00266991248128582219056620965809,0.131437314665434167063309265762,0.216205716548222659120937326776,-0.783794283451777340879062673224,c_K / (log K)²,0.767981225570418536065075954748,2,D/Sym2_good_partial^rank,COMPUTED_GOOD_PRIME_PLACEHOLDER_FULL_SYM2_DEFER,0.0128404560066124309315529,0.360336000925056599990789,100,541,3.19940423406928881844707,99,389
389a1,3000,49.2290723335374399373037756204,0.00266991248128582219056620965809,0.131437314665434167063309265762,0.216205716548222659120937326776,-0.783794283451777340879062673224,c_K / (log K)²,0.767981225570418536065075954748,2,D*zeta(2)/Sym2_good_partial^rank,COMPUTED_GOOD_PRIME_PLACEHOLDER_FULL_SYM2_DEFER,0.0211217035191427231395532,0.360336000925056599990789,100,541,3.19940423406928881844707,99,389
389a1,10000,63.7789081161945379183728573092,0.00157171952381458236638362952057,0.100242555093799281610924221783,0.164892393821700648978239723865,-0.835107606178299351021760276135,c_K / (log K)²,0.751840505833953043968938798307,2,D,COMPUTED_FROM_SOURCE_D_K,0.100242555093799281610924,0.360336000925056599990789,100,541,3.19940423406928881844707,99,389
389a1,10000,63.7789081161945379183728573092,0.00157171952381458236638362952057,0.100242555093799281610924221783,0.164892393821700648978239723865,-0.835107606178299351021760276135,c_K / (log K)²,0.751840505833953043968938798307,2,D*zeta(2),COMPUTED_FROM_SOURCE_D_K_times_zeta2,0.164892393821700648978240,0.360336000925056599990789,100,541,3.19940423406928881844707,99,389
389a1,10000,63.7789081161945379183728573092,0.00157171952381458236638362952057,0.100242555093799281610924221783,0.164892393821700648978239723865,-0.835107606178299351021760276135,c_K / (log K)²,0.751840505833953043968938798307,2,D*exp(rank*EulerGamma),COMPUTED_FROM_SOURCE_D_K_AND_EULERGAMMA,0.317991333679485030810266,0.360336000925056599990789,100,541,3.19940423406928881844707,99,389
389a1,10000,63.7789081161945379183728573092,0.00157171952381458236638362952057,0.100242555093799281610924221783,0.164892393821700648978239723865,-0.835107606178299351021760276135,c_K / (log K)²,0.751840505833953043968938798307,2,D/L2E_partial^rank,COMPUTED_WITH_AP_TABLE_EC_EULER_FACTORS,0.772034697418858135990516,0.360336000925056599990789,100,541,3.19940423406928881844707,99,389
389a1,10000,63.7789081161945379183728573092,0.00157171952381458236638362952057,0.100242555093799281610924221783,0.164892393821700648978239723865,-0.835107606178299351021760276135,c_K / (log K)²,0.751840505833953043968938798307,2,D*zeta(2)/L2E_partial^rank,COMPUTED_WITH_AP_TABLE_EC_EULER_FACTORS,1.26994617457314225893672,0.360336000925056599990789,100,541,3.19940423406928881844707,99,389
389a1,10000,63.7789081161945379183728573092,0.00157171952381458236638362952057,0.100242555093799281610924221783,0.164892393821700648978239723865,-0.835107606178299351021760276135,c_K / (log K)²,0.751840505833953043968938798307,2,D/Sym2_good_partial^rank,COMPUTED_GOOD_PRIME_PLACEHOLDER_FULL_SYM2_DEFER,0.00979295812569468352692684,0.360336000925056599990789,100,541,3.19940423406928881844707,99,389
389a1,10000,63.7789081161945379183728573092,0.00157171952381458236638362952057,0.100242555093799281610924221783,0.164892393821700648978239723865,-0.835107606178299351021760276135,c_K / (log K)²,0.751840505833953043968938798307,2,D*zeta(2)/Sym2_good_partial^rank,COMPUTED_GOOD_PRIME_PLACEHOLDER_FULL_SYM2_DEFER,0.0161087704361733408220126,0.360336000925056599990789,100,541,3.19940423406928881844707,99,389
389a1,30000,78.5849166969843563128476618906,0.00150558674583508338608321334289,0.118316409001533786667365458825,0.194622691833771077922709842167,-0.805377308166228922077290157833,c_K / (log K)²,0.73945220188983606111034956759,2,D,COMPUTED_FROM_SOURCE_D_K,0.118316409001533786667365,0.360336000925056599990789,100,541,3.19940423406928881844707,99,389
389a1,30000,78.5849166969843563128476618906,0.00150558674583508338608321334289,0.118316409001533786667365458825,0.194622691833771077922709842167,-0.805377308166228922077290157833,c_K / (log K)²,0.73945220188983606111034956759,2,D*zeta(2),COMPUTED_FROM_SOURCE_D_K_times_zeta2,0.194622691833771077922710,0.360336000925056599990789,100,541,3.19940423406928881844707,99,389
389a1,30000,78.5849166969843563128476618906,0.00150558674583508338608321334289,0.118316409001533786667365458825,0.194622691833771077922709842167,-0.805377308166228922077290157833,c_K / (log K)²,0.73945220188983606111034956759,2,D*exp(rank*EulerGamma),COMPUTED_FROM_SOURCE_D_K_AND_EULERGAMMA,0.375325555691990185091858,0.360336000925056599990789,100,541,3.19940423406928881844707,99,389
389a1,30000,78.5849166969843563128476618906,0.00150558674583508338608321334289,0.118316409001533786667365458825,0.194622691833771077922709842167,-0.805377308166228922077290157833,c_K / (log K)²,0.73945220188983606111034956759,2,D/L2E_partial^rank,COMPUTED_WITH_AP_TABLE_EC_EULER_FACTORS,0.911233486992744285066749,0.360336000925056599990789,100,541,3.19940423406928881844707,99,389
389a1,30000,78.5849166969843563128476618906,0.00150558674583508338608321334289,0.118316409001533786667365458825,0.194622691833771077922709842167,-0.805377308166228922077290157833,c_K / (log K)²,0.73945220188983606111034956759,2,D*zeta(2)/L2E_partial^rank,COMPUTED_WITH_AP_TABLE_EC_EULER_FACTORS,1.49891900560726530279930,0.360336000925056599990789,100,541,3.19940423406928881844707,99,389
389a1,30000,78.5849166969843563128476618906,0.00150558674583508338608321334289,0.118316409001533786667365458825,0.194622691833771077922709842167,-0.805377308166228922077290157833,c_K / (log K)²,0.73945220188983606111034956759,2,D/Sym2_good_partial^rank,COMPUTED_GOOD_PRIME_PLACEHOLDER_FULL_SYM2_DEFER,0.0115586403184794495275211,0.360336000925056599990789,100,541,3.19940423406928881844707,99,389
389a1,30000,78.5849166969843563128476618906,0.00150558674583508338608321334289,0.118316409001533786667365458825,0.194622691833771077922709842167,-0.805377308166228922077290157833,c_K / (log K)²,0.73945220188983606111034956759,2,D*zeta(2)/Sym2_good_partial^rank,COMPUTED_GOOD_PRIME_PLACEHOLDER_FULL_SYM2_DEFER,0.0190132012263122801365573,0.360336000925056599990789,100,541,3.19940423406928881844707,99,389
389a1,100000,96.7462533289193451245011564822,0.00121089250948111818797558669446,0.117149313476351130171480870229,0.192702896645132004101904506985,-0.807297103354867995898095493015,c_K / (log K)²,0.729899000795319239940772340072,2,D,COMPUTED_FROM_SOURCE_D_K,0.117149313476351130171481,0.360336000925056599990789,100,541,3.19940423406928881844707,99,389
389a1,100000,96.7462533289193451245011564822,0.00121089250948111818797558669446,0.117149313476351130171480870229,0.192702896645132004101904506985,-0.807297103354867995898095493015,c_K / (log K)²,0.729899000795319239940772340072,2,D*zeta(2),COMPUTED_FROM_SOURCE_D_K_times_zeta2,0.192702896645132004101905,0.360336000925056599990789,100,541,3.19940423406928881844707,99,389
389a1,100000,96.7462533289193451245011564822,0.00121089250948111818797558669446,0.117149313476351130171480870229,0.192702896645132004101904506985,-0.807297103354867995898095493015,c_K / (log K)²,0.729899000795319239940772340072,2,D*exp(rank*EulerGamma),COMPUTED_FROM_SOURCE_D_K_AND_EULERGAMMA,0.371623273141062382993268,0.360336000925056599990789,100,541,3.19940423406928881844707,99,389
389a1,100000,96.7462533289193451245011564822,0.00121089250948111818797558669446,0.117149313476351130171480870229,0.192702896645132004101904506985,-0.807297103354867995898095493015,c_K / (log K)²,0.729899000795319239940772340072,2,D/L2E_partial^rank,COMPUTED_WITH_AP_TABLE_EC_EULER_FACTORS,0.902244906845319140395151,0.360336000925056599990789,100,541,3.19940423406928881844707,99,389
389a1,100000,96.7462533289193451245011564822,0.00121089250948111818797558669446,0.117149313476351130171480870229,0.192702896645132004101904506985,-0.807297103354867995898095493015,c_K / (log K)²,0.729899000795319239940772340072,2,D*zeta(2)/L2E_partial^rank,COMPUTED_WITH_AP_TABLE_EC_EULER_FACTORS,1.48413338391017002883661,0.360336000925056599990789,100,541,3.19940423406928881844707,99,389
389a1,100000,96.7462533289193451245011564822,0.00121089250948111818797558669446,0.117149313476351130171480870229,0.192702896645132004101904506985,-0.807297103354867995898095493015,c_K / (log K)²,0.729899000795319239940772340072,2,D/Sym2_good_partial^rank,COMPUTED_GOOD_PRIME_PLACEHOLDER_FULL_SYM2_DEFER,0.0114446236955381775023562,0.360336000925056599990789,100,541,3.19940423406928881844707,99,389
389a1,100000,96.7462533289193451245011564822,0.00121089250948111818797558669446,0.117149313476351130171480870229,0.192702896645132004101904506985,-0.807297103354867995898095493015,c_K / (log K)²,0.729899000795319239940772340072,2,D*zeta(2)/Sym2_good_partial^rank,COMPUTED_GOOD_PRIME_PLACEHOLDER_FULL_SYM2_DEFER,0.0188256513990491927512146,0.360336000925056599990789,100,541,3.19940423406928881844707,99,389
