N	T(N)	T_over_sqrtN	abs_T_over_sqrtN
1	2.0000000000	2.0000000000	2.0000000000
2	1.5000000000	1.0606601718	1.0606601718
3	0.8333333333	0.4811252243	0.4811252243
4	0.5833333333	0.2916666667	0.2916666667
5	-0.2166666667	-0.0968962790	0.0968962790
6	0.1166666667	0.0476289672	0.0476289672
7	-0.7404761905	-0.2798736931	0.2798736931
8	-0.8654761905	-0.3059920416	0.3059920416
9	-1.0876984127	-0.3625661376	0.3625661376
10	-0.6876984127	-0.2174693327	0.2174693327
12	-1.4301226551	-0.4128408500	0.4128408500
13	-2.3531995782	-0.6526601339	0.6526601339
14	-1.9246281496	-0.5143785095	0.5143785095
16	-1.4537948163	-0.3634487041	0.3634487041
18	-2.2838601758	-0.5383110059	0.5383110059
20	-3.0312285968	-0.6778033198	0.6778033198
22	-2.0052545709	-0.4275217110	0.4275217110
24	-2.8784429766	-0.5875597122	0.5875597122
27	-2.6509785892	-0.5101810674	0.5101810674
30	-3.6688767829	-0.6698421916	0.6698421916
33	-4.0618081124	-0.7070700351	0.7070700351
37	-3.8229230088	-0.6284846712	0.6284846712
41	-3.6094639390	-0.5637035617	0.5637035617
46	-3.9886110361	-0.5880886135	0.5880886135
51	-4.3406657729	-0.6078147833	0.6078147833
56	-4.2195759961	-0.5638645605	0.5638645605
63	-4.5308820080	-0.5708374768	0.5708374768
69	-4.2231751224	-0.5084105398	0.5084105398
77	-4.9012553127	-0.5585498808	0.5585498808
86	-5.5726715531	-0.6009166277	0.6009166277
95	-2.9702530071	-0.3047415285	0.3047415285
100	-3.6358657036	-0.3635865704	0.3635865704
105	-6.2717397076	-0.6120591238	0.6120591238
117	-7.5007663408	-0.6934460935	0.6934460935
130	-5.8129288142	-0.5098275832	0.5098275832
144	-5.9526225636	-0.4960518803	0.4960518803
160	-5.6647448491	-0.4478374022	0.4478374022
177	-7.0982937202	-0.5335404280	0.5335404280
197	-9.9578482374	-0.7094673111	0.7094673111
218	-4.0574552571	-0.2748055456	0.2748055456
242	-8.2037484979	-0.5273569267	0.5273569267
269	-7.4525877961	-0.4543922975	0.4543922975
298	-10.0903292321	-0.5845170783	0.5845170783
331	-6.6701184204	-0.3666228655	0.3666228655
367	-8.2878571949	-0.4326226240	0.4326226240
407	-7.4876516916	-0.3711491149	0.3711491149
451	-10.2536423771	-0.4828251624	0.4828251624
501	-10.6712402096	-0.4767558525	0.4767558525
555	-4.1499706094	-0.1761564418	0.1761564418
616	-9.5169212922	-0.3834476862	0.3834476862
683	-15.4297518339	-0.5904030458	0.5904030458
758	-10.1725934959	-0.3694852342	0.3694852342
841	-10.3641280789	-0.3573837269	0.3573837269
933	-5.7652601043	-0.1887461422	0.1887461422
1000	-8.1934298256	-0.2590990010	0.2590990010
1035	-13.6479522916	-0.4242260378	0.4242260378
1148	-11.4749956730	-0.3386737889	0.3386737889
1273	-6.0007473825	-0.1681865037	0.1681865037
1412	-1.4167205461	-0.0377022131	0.0377022131
1566	-10.7325780029	-0.2712115462	0.2712115462
1737	-15.2035626285	-0.3647921282	0.3647921282
1927	-9.5067089800	-0.2165655347	0.2165655347
2137	-13.0467923663	-0.2822289043	0.2822289043
2371	-13.0790669990	-0.2686030795	0.2686030795
2630	-2.8322578377	-0.0552274401	0.0552274401
2917	-23.3836077954	-0.4329555424	0.4329555424
3235	-2.1840045576	-0.0383986891	0.0383986891
3589	-11.2998660598	-0.1886194901	0.1886194901
3981	-17.4972542040	-0.2773152882	0.2773152882
4415	-13.5794370308	-0.2043696549	0.2043696549
4897	1.1190791476	0.0159917411	0.0159917411
5432	-7.2892337813	-0.0989012996	0.0989012996
6025	-8.3607499794	-0.1077126500	0.1077126500
6683	-15.5062628757	-0.1896799435	0.1896799435
7413	-4.1669515360	-0.0483973352	0.0483973352
8222	-2.2568701981	-0.0248895959	0.0248895959
9120	-9.3508793905	-0.0979163095	0.0979163095
10000	-27.1479327735	-0.2714793277	0.2714793277
10115	-25.4503953693	-0.2530530580	0.2530530580
11220	-8.4998713333	-0.0802446197	0.0802446197
12445	-3.5718407892	-0.0320180326	0.0320180326
13803	-20.7133359894	-0.1763044629	0.1763044629
15310	-19.0624032790	-0.1540600583	0.1540600583
16982	-18.3073367862	-0.1404852578	0.1404852578
18836	-8.5038832980	-0.0619616466	0.0619616466
20892	8.7861139072	0.0607864556	0.0607864556
23173	-42.3418405923	-0.2781497039	0.2781497039
25703	-21.1289223142	-0.1317909044	0.1317909044
28510	-2.3278394059	-0.0137865121	0.0137865121
31622	17.0077076983	0.0956425433	0.0956425433
35075	-26.9126528262	-0.1437002981	0.1437002981
38904	-19.6013834960	-0.0993778501	0.0993778501
43151	-65.5386774210	-0.3155020901	0.3155020901
47863	13.4727081713	0.0615821638	0.0615821638
53088	-0.6369691645	-0.0027645231	0.0027645231
58884	-59.6209541798	-0.2456972356	0.2456972356
65313	-3.7279889569	-0.0145872962	0.0145872962
72443	1.1182514042	0.0041547150	0.0041547150
80352	-15.6313502473	-0.0551439852	0.0551439852
89125	1.2544045436	0.0042018239	0.0042018239
98855	-39.6057917858	-0.1259677522	0.1259677522
100000	-49.0155757469	-0.1550008602	0.1550008602
109647	-21.4561811458	-0.0647968733	0.0647968733
121618	1.8469955344	0.0052962310	0.0052962310
134896	-6.8449359108	-0.0186367359	0.0186367359
149623	-57.8060087694	-0.1494423903	0.1494423903
165958	7.0733321330	0.0173630076	0.0173630076
184077	-6.6094374605	-0.0154051075	0.0154051075
204173	12.7235820720	0.0281585470	0.0281585470
226464	-50.0416568737	-0.1051555245	0.1051555245
251188	-36.5341354891	-0.0728952771	0.0728952771
278612	-32.6385678388	-0.0618345472	0.0618345472
309029	87.8347910466	0.1580035898	0.1580035898
342767	-133.5756584034	-0.2281538606	0.2281538606
380189	8.2850108629	0.0134367213	0.0134367213
421696	74.7175213549	0.1150595618	0.1150595618
467735	87.5268201418	0.1279797379	0.1279797379
518800	-97.8771272337	-0.1358880387	0.1358880387
575439	-6.8816725101	-0.0090718185	0.0090718185
638263	-36.1493079724	-0.0452480797	0.0452480797
707945	28.7064312417	0.0341176764	0.0341176764
785235	-12.1456197214	-0.0137062881	0.0137062881
870963	-119.4315487660	-0.1279732535	0.1279732535
966050	5.8680197547	0.0059702397	0.0059702397
1000000	139.6296785129	0.1396296785	0.1396296785
1071519	210.5457088569	0.2033978961	0.2033978961
1188502	-226.6309524306	-0.2078831388	0.2078831388
1318256	-83.1907454380	-0.0724561306	0.0724561306
1462177	-93.2191886294	-0.0770912956	0.0770912956
1621810	111.3928442987	0.0874696334	0.0874696334
1798870	237.1007682240	0.1767799764	0.1767799764
1995262	-96.3475363265	-0.0682088376	0.0682088376
2213094	-156.3072406891	-0.1050701050	0.1050701050
2454708	193.0378997194	0.1232090658	0.1232090658
2722701	-83.3311069890	-0.0505018370	0.0505018370
3019951	94.4617501403	0.0543570701	0.0543570701
3349654	-282.7979977808	-0.1545170314	0.1545170314
3715352	26.1073398200	0.0135444894	0.0135444894
4120975	46.2506153737	0.0227833470	0.0227833470
4570881	116.5366482088	0.0545082910	0.0545082910
5069907	-381.3735180418	-0.1693754791	0.1693754791
5623413	32.5315498861	0.0137184411	0.0137184411
6237348	208.3252835150	0.0834145851	0.0834145851
6918309	-73.6143365766	-0.0279873916	0.0279873916
7673614	-188.5084762117	-0.0680504354	0.0680504354
8511380	223.1189376806	0.0764779861	0.0764779861
9440608	-64.8256338315	-0.0210982673	0.0210982673
10000000	606.7254646887	0.1918634383	0.1918634383
10471285	467.5853503590	0.1444976906	0.1444976906
11614486	-331.4914268474	-0.0972685190	0.0972685190
12882495	-892.4693952081	-0.2486527924	0.2486527924
14288939	218.3461253402	0.0577624357	0.0577624357
15848931	434.8250429872	0.1092231157	0.1092231157
17579236	-689.2906056701	-0.1644002075	0.1644002075
19498445	-310.8669100013	-0.0704002996	0.0704002996
21627185	16.8020631226	0.0036129555	0.0036129555
23988329	489.8115771448	0.1000066887	0.1000066887
26607250	167.7525685067	0.0325213963	0.0325213963
29512092	239.5398396323	0.0440938232	0.0440938232
32734069	-1149.1922330489	-0.2008596425	0.2008596425
36307805	914.0726220203	0.1516982966	0.1516982966
40271703	-694.3789013148	-0.1094199517	0.1094199517
44668359	218.7255046533	0.0327264900	0.0327264900
49545019	37.5225428911	0.0053307985	0.0053307985
54954087	980.6294864658	0.1322832783	0.1322832783
60953689	406.9301590143	0.0521218570	0.0521218570
67608297	-737.2462696616	-0.0896628596	0.0896628596
74989420	-963.3849701193	-0.1112499615	0.1112499615
83176377	-474.0638173773	-0.0519800640	0.0519800640
92257142	1374.1398558706	0.1430641892	0.1430641892
100000000	1123.0700057269	0.1123070006	0.1123070006
102329299	312.9610161900	0.0309378581	0.0309378581
113501081	-1936.5058514569	-0.1817685801	0.1817685801
125892541	235.8897899836	0.0210236997	0.0210236997
139636836	1091.5650718659	0.0923739746	0.0923739746
154881661	1458.8733365435	0.1172242838	0.1172242838
171790838	-888.2897194013	-0.0677726764	0.0677726764
190546071	-2073.3243937156	-0.1501990751	0.1501990751
211348903	1633.4477190959	0.1123583207	0.1123583207
234422881	2420.0490486899	0.1580607974	0.1580607974
260015956	-712.5461333993	-0.0441888794	0.0441888794
288403150	1044.7734857008	0.0615208239	0.0615208239
319889510	-128.8652010806	-0.0072050277	0.0072050277
354813389	1756.3810707406	0.0932435389	0.0932435389
393550075	-302.2954240850	-0.0152381265	0.0152381265
436515832	-97.9000871720	-0.0046857928	0.0046857928
484172367	-2873.6266330552	-0.1305961399	0.1305961399
537031796	3909.9739618091	0.1687228355	0.1687228355
595662143	-1603.7270689536	-0.0657098476	0.0657098476
660693448	-3777.9618067166	-0.1469797699	0.1469797699
732824533	370.2760371039	0.0136780947	0.0136780947
812830516	-798.9481345931	-0.0280232555	0.0280232555
901571137	5169.3826187946	0.1721625467	0.1721625467
999999999	-519.6323042651	-0.0164322163	0.0164322163
1000000000	-519.6323042611	-0.0164322163	0.0164322163
