p	n	Bern	Saw	ratio	B_raw
11	33	0.133589616402116	0.11135085978836	0.8335293026	0.0222387566137566
13	47	0.194295177447351	0.122828962502876	0.6321771035	0.0714662149444758
17	81	0.197033811096311	0.154511518574019	0.7841878392	0.0425222925222925
19	103	0.265505540051388	0.181544302327174	0.6837684151	0.0839612377242135
23	151	0.243511287044569	0.177953756339979	0.7307823736	0.0655575307045895
29	243	0.280236883408376	0.186490978095612	0.6654762065	0.093745905312764
31	279	0.382583215925613	0.199390478949993	0.5211689135	0.183192736975621
37	397	0.315583444569593	0.203468119544294	0.6447363543	0.112115325025298
41	491	0.297777744101074	0.216632807072334	0.727498315	0.08114493702874
43	543	0.402848765555639	0.223091784707449	0.5537854495	0.17975698084819
47	651	0.410959016979135	0.238743849788309	0.5809432083	0.172215167190825
53	831	0.421489277365407	0.246317324103091	0.5843976047	0.175171953262316
59	1029	0.338229189123755	0.230440047547115	0.6813133075	0.10778914157664
61	1103	0.431207087831598	0.240338857904575	0.5573629578	0.190868229927024
67	1329	0.422355165123826	0.246206577009059	0.5829372939	0.176148588114766
71	1495	0.460451345476879	0.255652767140845	0.555222109	0.204798578336033
73	1589	0.540200709237672	0.228037298918	0.4221343938	0.312163410319672
79	1857	0.514238316029696	0.250075715788324	0.4863031555	0.264162600241372
83	2061	0.553787488159321	0.27072203503632	0.488855456	0.283065453123001
89	2369	0.481729525873358	0.258582787072241	0.5367800253	0.223146738801116
97	2807	0.326449442874904	0.263011886669141	0.8056741784	0.0634375562057634
101	3045	0.38379262432306	0.258654510757744	0.6739434121	0.125138113565317
103	3177	0.492441759337807	0.268445585920035	0.5451316442	0.223996173417772
107	3427	0.562605851769205	0.27416768045565	0.4873175058	0.288438171313555
109	3569	0.643554732528982	0.268095428633099	0.4165852803	0.375459303895883
113	3837	0.697961156360673	0.261816364809192	0.3751159537	0.436144791551481
127	4833	0.505808187024178	0.265776495264643	0.5254491764	0.240031691759535
131	5155	0.565646081055969	0.271621610885278	0.4801971055	0.294024470170691
137	5635	0.537635773339779	0.276793868185548	0.514835288	0.260841905154231
139	5815	0.646895030910342	0.278452142098986	0.4304440888	0.368442888811356
149	6671	0.445014703850625	0.279285573581947	0.6275872936	0.165729130268678
151	6859	0.532215476568878	0.278230491500585	0.5227779043	0.253984985068292
157	7405	0.568564383055428	0.274134286859734	0.4821517053	0.294430096195695
163	7993	0.484329339545636	0.281443954546666	0.581100362	0.202885384998971
167	8397	0.546094387754655	0.283972432208333	0.5200061355	0.262121955546322
173	9023	0.634323413971058	0.277122375868598	0.4368786801	0.35720103810246
179	9655	0.632075950602637	0.29372092995228	0.4646924625	0.338355020650357
181	9881	0.718619076276341	0.277737614275571	0.3864879509	0.44088146200077
191	10977	0.666597170838286	0.282224167035969	0.4233803853	0.384373003802317
193	11231	0.74859799068006	0.271981604548817	0.3633213126	0.476616386131244
197	11699	0.828736940783381	0.292206157073307	0.3525921709	0.536530783710074
199	11955	0.920027098613837	0.294327753179386	0.3199120478	0.625699345434451
211	13415	0.629953077443934	0.274930683889196	0.4364304164	0.355022393554738
223	14991	0.335144929791463	0.280898716927495	0.8381410308	0.0542462128639686
227	15541	0.371619135656102	0.277936291754659	0.7479062973	0.093682843901443
229	15839	0.46774041390412	0.298947076980619	0.6391303127	0.168793336923501
233	16387	0.615870424554026	0.285624457011305	0.4637736212	0.330245967542721
239	17243	0.600461992384506	0.291556340311688	0.4855533639	0.308905652072819
241	17545	0.686210631768735	0.283028047578493	0.4124506886	0.403182584190243
251	19025	0.625770181897072	0.298047839184772	0.4762896153	0.3277223427123
257	19949	0.641125027456855	0.29336111337209	0.4575723935	0.347763914084765
263	20899	0.637949487784254	0.295771645647035	0.4636286278	0.342177842137219
269	21865	0.620276781096546	0.291148600977179	0.4693849743	0.329128180119367
271	22205	0.705757017527783	0.296479931082359	0.4200878259	0.409277086445424
277	23171	0.787663424001874	0.289163326164489	0.3671153406	0.498500097837385
281	23861	0.818544314038162	0.280417066611503	0.34258019	0.538127247426659
283	24233	0.928746046816722	0.304985818041756	0.3283845127	0.623760228774966
293	25975	0.959356689731523	0.309963673082827	0.3230953371	0.649393016648697
307	28481	0.623929586770007	0.294691700909671	0.4723156381	0.329237885860336
311	29231	0.700471531889488	0.291991695379193	0.416850196	0.408479836510295
313	29637	0.789935181636978	0.289444131036125	0.3664150398	0.500491050600853
317	30405	0.823727413862389	0.305531993951094	0.3709139563	0.518195419911295
331	33107	0.555199542071031	0.288119967140371	0.5189484956	0.26707957493066
337	34343	0.495579483451849	0.293881415385225	0.593005613	0.201698068066624
347	36405	0.464180650530522	0.29344696971868	0.6321826844	0.170733680811842
349	36863	0.560682387139866	0.30548833779975	0.5448509616	0.255194049340115
353	37707	0.641435757890777	0.293362526925434	0.4573529357	0.348073230965344
359	39001	0.668913745582225	0.302923257428109	0.4528584731	0.365990488154115
367	40749	0.690056239304821	0.302081229280937	0.4377632026	0.387975010023885
373	42107	0.725924902476391	0.304152354891273	0.4189859775	0.421772547585118
379	43467	0.761104040681974	0.295418084484308	0.3881441547	0.465685956197667
383	44431	0.763435512158438	0.300816599006234	0.3940301364	0.462618913152204
389	45817	0.817919567473625	0.306097421914362	0.3742390256	0.511822145559263
397	47709	0.646039214839203	0.298195857727227	0.4615754754	0.347843357111977
401	48679	0.731982348386415	0.294378972267326	0.4021667639	0.437603376119089
409	50643	0.713097474745219	0.292058370162069	0.4095630408	0.42103910458315
419	53143	0.604092599286049	0.300137206553556	0.4968397344	0.303955392732492
421	53657	0.677697832852197	0.292212485249996	0.4311840338	0.385485347602201
431	56211	0.694166339313392	0.305261429936442	0.4397525674	0.38890490937695
433	56785	0.776915455164799	0.297627502119623	0.3830886619	0.479287953045176
439	58377	0.86877070910708	0.298821676931719	0.3439591987	0.569949032175362
443	59419	0.993417445522421	0.30226006438552	0.3042628914	0.691157381136901
449	61067	0.926396801441308	0.303862804049332	0.3280050229	0.622533997391977
457	63217	0.879136665792195	0.300943254686251	0.3423168051	0.578193411105944
461	64365	0.930939636143371	0.306412986611184	0.3291437755	0.624526649532187
463	64945	0.992441515529847	0.300543478586005	0.3028324328	0.691898036943842
467	66103	1.0720842864551	0.313838008358461	0.2927363196	0.758246278096638
479	69515	0.954308158470742	0.31353763497119	0.3285496746	0.640770523499552
487	71823	0.900038508932032	0.303240701223428	0.3369196965	0.596797807708603
491	73041	0.921823038714344	0.307069602763915	0.3331112262	0.614753435950428
499	75419	0.944710546905763	0.30238571541764	0.3200829253	0.642324831488123
503	76699	0.930485611207376	0.31531685444768	0.3388734341	0.615168756759696
509	78529	0.961255519333463	0.312258072096874	0.3248439835	0.648997447236589
521	82221	0.766501118247854	0.302754858045879	0.3949829307	0.463746260201975
523	82909	0.858609279639891	0.300732674769397	0.3502555608	0.557876604870494
541	88643	0.620704223808827	0.300985670813714	0.4849099769	0.319718552995113
547	90645	0.516633822160409	0.307902322313639	0.595977865	0.20873149984677
557	94011	0.407927527609763	0.299440377183323	0.7340528817	0.10848715042644
563	96043	0.434530507480857	0.299600748135316	0.6894815047	0.134929759345541
569	98123	0.411679157412437	0.301620884939379	0.7326600813	0.110058272473058
571	98835	0.473808833648635	0.309044114699586	0.6522548605	0.164764718949049
577	100897	0.541025713933492	0.301593747965847	0.5574480846	0.239431965967645
587	104425	0.427208759573951	0.306545415676855	0.7175541437	0.120663343897096
593	106631	0.408132263233704	0.307525663911473	0.7534951084	0.100606599322232
599	108743	0.508742012970092	0.304023277005387	0.5975981328	0.204718735964705
601	109501	0.593046278896325	0.304841766610855	0.5140269444	0.28820451228547
607	111689	0.694192135754969	0.308729499448492	0.4447320613	0.385462636306477
613	113903	0.782763874544068	0.300194263441006	0.3835055158	0.482569611103062
617	115381	0.875908914347781	0.307951652226145	0.3515795389	0.567957262121635
619	116201	0.986610933187988	0.30760314875072	0.3117775593	0.679007784437268
631	120689	0.874580001734326	0.296154373240759	0.33862468	0.578425628493566
641	124539	0.80653892658971	0.304766786674585	0.3778699039	0.501772139915125
643	125391	0.917256785945304	0.311815085921644	0.339943068	0.60544170002366
647	126921	1.09810095539891	0.314353757517897	0.2862703615	0.783747197881017
653	129287	1.13810928310804	0.304701585857924	0.2677261229	0.833407697250119
659	131703	1.19428704003686	0.314780708519685	0.263572071	0.879506331517174
661	132521	1.26738769695222	0.302985291731045	0.2390628317	0.964402405221173
673	137319	1.21702070165709	0.297461658358642	0.2444179117	0.919559043298448
677	138999	1.2562193784108	0.303519410142881	0.2416133801	0.95269996826792
683	141483	1.28546088087744	0.310072292732639	0.2412148805	0.975388588144804
691	144811	1.14903436098908	0.307614833496182	0.2677159569	0.8414195274929
701	149019	0.954422302695279	0.309235397366961	0.3240026941	0.645186905328318
709	152455	0.907379603617711	0.307978590456655	0.3394153772	0.599401013161056
719	156785	0.833689912304525	0.316236927606617	0.3793220032	0.517452984697908
727	160269	0.758403580196176	0.311812819720665	0.4111436547	0.446590760475511
733	162969	0.820025854554663	0.308472922318791	0.3761746299	0.511552932235871
739	165655	0.799053288835044	0.306469479652367	0.3835407274	0.492583809182678
743	167425	0.982113997387393	0.30549998748884	0.3110636732	0.676614009898553
751	171019	0.893944204479022	0.304912495934087	0.3410867193	0.589031708544935
757	173789	0.888970167863549	0.303904693722476	0.341861521	0.585065474141072
761	175651	0.986839095929129	0.30579924466587	0.3098775129	0.681039851263259
769	179409	0.902679090720265	0.308418776726609	0.3416704562	0.594260313993656
773	181313	0.883863966464414	0.314579347073807	0.3559137594	0.569284619390608
787	187829	0.787976191442498	0.309022216900682	0.3921720228	0.478953974541816
797	192683	0.665006088353591	0.309691829764345	0.465697736	0.355314258589246
809	198487	0.553813780795181	0.30716082905047	0.5546283601	0.246652951744712
811	199511	0.637866218904106	0.306602542790022	0.4806690395	0.331263676114084
821	204377	0.569096102628344	0.31143255480615	0.5472407092	0.257663547822193
823	205469	0.679902693620001	0.30834716310662	0.4535166076	0.37155553051338
827	207447	0.796011569418743	0.306488502017262	0.3850302104	0.489523067401481
829	208537	0.883670629798093	0.312499049527472	0.3536374742	0.571171580270621
839	213559	0.865391807611578	0.313865779371587	0.3626863308	0.551526028239991
853	220733	0.709351945531437	0.311447370275158	0.4390590203	0.397904575256279
857	222801	0.831431380704638	0.311744917806432	0.3749496652	0.519686462898206
859	223897	0.891355313504733	0.307005479073127	0.344425477	0.584349834431606
863	226001	0.995758868830006	0.315015129195518	0.3163568401	0.680743739634487
877	233263	0.833657160569077	0.310616118315083	0.3725945545	0.523041042253994
881	235481	0.823743108126527	0.310279628035276	0.3766703781	0.513463480091251
883	236613	0.908113899839858	0.312752050384547	0.3443973828	0.595361849455311
887	238785	1.01156959838368	0.311617353404081	0.3080533004	0.699952244979602
907	249531	0.812380283864848	0.31458825469009	0.3872426017	0.497792029174758
911	251777	0.830172293100141	0.307109761929226	0.3699349695	0.523062531170915
919	256255	0.755281533771194	0.311089066286354	0.4118849096	0.44419246748484
929	261919	0.587482588454483	0.308654818265082	0.5253854741	0.278827770189401
937	266321	0.581035176007557	0.309391551448461	0.5324833405	0.271643624559097
941	268645	0.660395509892698	0.314774125427035	0.4766448601	0.345621384465663
947	272093	0.729590717651194	0.308382272461818	0.4226784483	0.421208445189376
953	275591	0.710018952735369	0.309024681075408	0.4352344115	0.400994271659961
967	283711	0.564096667691087	0.309858556036699	0.5493004547	0.254238111654388
971	286077	0.729011455143474	0.313082122268528	0.4294611834	0.415929332874947
977	289645	0.702673862935833	0.309985482212109	0.4411512916	0.392688380723725
983	293299	0.680733913958691	0.314430425619822	0.4618991638	0.36630348833887
991	297981	0.722529892711739	0.306898181155067	0.4247549953	0.415631711556672
997	301651	0.730473046366964	0.30969313585455	0.423962441	0.420779910512415
1009	308927	0.681236908331559	0.308015523864037	0.4521415679	0.373221384467522
1013	311447	0.760217987344456	0.306654905218013	0.4033775974	0.453563082126443
1019	315127	0.830340306345564	0.314020289660368	0.3781826406	0.516320016685196
1021	316401	0.903133515202182	0.311577063887847	0.3449955722	0.591556451314335
1031	322533	0.995824035988824	0.314558974747843	0.3158780702	0.68126506124098
1033	323899	1.08585747396419	0.31145719265058	0.2868306386	0.774400281313608
1039	327655	1.18820124191747	0.31347637278302	0.26382431	0.874724869134447
1049	333971	1.0619395165538	0.314919010488765	0.2965507975	0.747020506065033
1051	335259	1.14138194240517	0.311521686692375	0.2729337789	0.829860255712798
1061	341647	1.06343131975488	0.313466253648724	0.2947686868	0.749965066106161
1063	343055	1.15578687470208	0.314475617786894	0.272087895	0.841311256915186
1069	346901	1.26759991760385	0.310692101777884	0.2451026522	0.956907815825968
1087	358501	1.12290476208331	0.313770964498055	0.27942794	0.809133797585251
1091	361191	1.23643139751631	0.318131843775057	0.257298419	0.918299553741249
1093	362569	1.30869672420755	0.302170222560551	0.2308940009	1.006526501647
1097	365327	1.38385659762764	0.318216704560113	0.2299491906	1.06563989306753
1103	369355	1.39098729817351	0.316799515516466	0.2277515517	1.07418778265705
1109	373317	1.54396390413571	0.321131305013576	0.207991459	1.22283259912213
1117	378693	1.46349889663817	0.313395340057171	0.2141411523	1.150103556581
1123	382805	1.42932945668662	0.309518346844272	0.2165479382	1.11981110984235
1129	386941	1.44668097015967	0.310898991092758	0.2149050119	1.13578197906691
1151	402063	0.990273480818639	0.314799971446871	0.3178919536	0.675473509371768
1153	403597	1.07338832281579	0.309395156921724	0.2882415901	0.76399316589407
1163	410565	0.9904951978829	0.312073767626899	0.3150684307	0.678421430256001
1171	416195	0.919900118671352	0.309303852158168	0.3362363434	0.610596266513183
1181	423339	0.939780499473079	0.313522392325624	0.3336123621	0.626258107147455
1187	427639	1.0453600273315	0.315385829914329	0.3017006789	0.729974197417173
1193	432073	0.958878280441921	0.31477714884641	0.3282764406	0.644101131595511
1201	437787	0.920722196102369	0.308916097060078	0.3355149885	0.611806099042292
1213	446559	0.774592751601808	0.313533856054435	0.4047725149	0.461058895547373
1217	449601	0.814477009670801	0.312451898394605	0.3836227354	0.502025111276196
1223	454049	0.899725822714487	0.311651639898876	0.3463851231	0.588074182815612
1229	458535	0.865753610908812	0.313412216305244	0.3620108682	0.552341394603568
1231	460083	0.927338042084284	0.315946658514588	0.3407027903	0.611391383569696
1237	464497	1.02673363075418	0.318795101287359	0.3104944571	0.70793852946682
1249	473559	0.955257942554996	0.312248107630357	0.3268730818	0.643009834924639
1259	481223	0.810136798689848	0.313432143706667	0.3868879234	0.496704654983181
1277	494867	0.614511938955125	0.310867311361922	0.5058767644	0.303644627593203
1279	496563	0.706908587452396	0.312080874406004	0.4414727448	0.394827713046392
1283	499713	0.795153200962096	0.312233029732914	0.3926702796	0.482920171229182
1289	504333	0.808252295288366	0.312445398026581	0.3865691441	0.495806897261786
1291	505957	0.86981440882985	0.313805800160793	0.3607732833	0.556008608669057
1297	510625	0.930100318206784	0.31339307476674	0.3369454548	0.616707243440044
1301	513845	0.998256079911326	0.314257976360719	0.3148069746	0.683998103550607
1303	515505	1.05848218909899	0.314034024721888	0.2966833339	0.744448164377097
1307	518779	1.10409903408943	0.313210954484782	0.2836801272	0.79088807960465
1319	528195	1.13013178159184	0.320138267434433	0.2832751655	0.80999351415741
1321	529833	1.20835017643632	0.31015645571176	0.2566776269	0.89819372072456
1327	534653	1.19127577691551	0.31216662298208	0.2620439608	0.879109153933427
1361	562269	0.588516836156129	0.313744219660262	0.5331100155	0.274772616495867
1367	567227	0.562253910794813	0.311738511748315	0.5544443636	0.250515399046498
1373	572401	0.627202918230242	0.316722229531576	0.504975695	0.310480688698667
1381	578917	0.68727297126081	0.310463204830877	0.451732016	0.376809766429932
1399	594211	0.308925615696599	0.309459016200592	1.001726631	-0.000533400503993253
1409	602673	0.237900335692455	0.312286777071869	1.31267901	-0.0743864413794141
1423	614641	0.105749488557878	0.312127294859766	2.951572619	-0.206377806301888
1427	618147	0.230866628465014	0.308794581646152	1.337545334	-0.0779279531811382
1429	619957	0.302937357306764	0.311309515845086	1.0276366	-0.00837215853832279
1433	623513	0.341825596708896	0.310370555489595	0.9079792692	0.0314550412193007
1439	628771	0.390689176332722	0.314712574996486	0.80553185	0.075976601336236
1447	635621	0.507448117203875	0.314199265841777	0.6191751535	0.193248851362097
1451	639139	0.601984550197987	0.313434932800422	0.5206693971	0.288549617397565
1453	641029	0.686408092007824	0.313492962785165	0.4567151326	0.37291512922266
1459	646417	0.697139346388576	0.314873003817021	0.4516643702	0.382266342571555
1471	656939	0.621871922066695	0.315289936149398	0.5070014017	0.306581985917297
1481	665863	0.623078530771147	0.313975999382143	0.5039107976	0.309102531389003
1483	667775	0.682063316513385	0.314597981263816	0.4612445409	0.36746533524957
1487	671343	0.745739295067499	0.315029760451282	0.4224395342	0.430709534616217
1489	673309	0.832376199159189	0.314948136481495	0.3783723475	0.517428062677694
1493	676973	0.974934810633161	0.316804951963976	0.3249498823	0.658129858669185
1499	682285	1.11507230648112	0.318040682797909	0.2852197844	0.797031623683208
1511	693213	1.06279320154193	0.319588893374328	0.3007065654	0.743204308167599
1523	704287	0.898686761702263	0.312972129160969	0.3482549677	0.585714632541294
1531	711701	0.870024943119063	0.311156485742185	0.3576408794	0.558868457376878
1543	722931	0.764404556686341	0.314313234814481	0.411187024	0.45009132187186
1549	728485	0.906299303137886	0.315321750571506	0.3479223138	0.59097755256638
1553	732321	1.0403067926995	0.311512871759497	0.2994432738	0.728793920939998
1559	738073	1.0332886382236	0.315921667257116	0.3057438702	0.717366970966481
1567	745543	0.977511339913733	0.317575987193431	0.3248821515	0.659935352720302
1571	749449	1.0381439665375	0.314561634660542	0.3030038654	0.723582331876957
1579	757149	1.02908885396128	0.317742477880734	0.308760975	0.711346376080548
1583	760983	1.21482338386565	0.317573147978997	0.2614150766	0.897250235886657
1597	774301	1.06452176836867	0.315185927740086	0.2960821818	0.749335840628589
1601	778233	1.23600655044982	0.31224234570168	0.2526219182	0.923764204748139
1607	784097	1.31793375884777	0.316657817995188	0.2402683867	1.00127594085258
1609	786231	1.40805507262106	0.316591429129694	0.2248430728	1.09146364349137
1613	790155	1.46420267618864	0.315736886455642	0.2156374193	1.148465789733
1619	795903	1.59401365209605	0.323620864181693	0.2030226427	1.27039278791436
1621	797953	1.67770555366621	0.308034643809302	0.1836047113	1.36967090985691
1627	803875	1.69775405433025	0.320327314027202	0.1886771015	1.37742674030304
1637	813829	1.7279115722106	0.322780629725621	0.1868039053	1.40513094248498
1657	833681	1.38195616640898	0.314934156472758	0.2278901199	1.06702200993622
1663	839809	1.43952569715774	0.318333764486732	0.221137952	1.12119193267101
1667	843775	1.54142414138444	0.315170667888918	0.2044671933	1.22625347349553
1669	845993	1.63849476263407	0.316840481936654	0.1933728988	1.32165428069742
1693	870415	1.28259518100993	0.31506245083872	0.2456444991	0.967532730171209
1697	874495	1.41032582835645	0.319054194469151	0.2262272931	1.0912716338873
1699	876755	1.52128787910425	0.320208032666156	0.2104848379	1.20107984643809
1709	886885	1.55555145958369	0.323182136005556	0.2077604916	1.23236932357813
1721	899419	1.30811328174798	0.316839664944344	0.2422111826	0.991273616803638
1723	901619	1.3681688367192	0.31191063224611	0.2279767116	1.05625820447309
1733	912079	1.34154316560964	0.318863457563057	0.2376840833	1.02267970804658
1741	920495	1.29742612181922	0.314982590723488	0.2427749723	0.982443531095729
1747	926843	1.40317208609233	0.318519813141427	0.2269998215	1.0846522729509
1753	933229	1.48521070420505	0.314268182139198	0.2115983821	1.17094252206585
1759	939681	1.467188598624	0.321363220524176	0.2190333409	1.14582537809983
1777	958839	1.19886268737661	0.311042751742852	0.2594481879	0.887819935633759
1783	965431	1.2031744235662	0.318287425308238	0.2645397202	0.884886998257959
1787	969697	1.27887099241235	0.315982153509058	0.2470789903	0.962888838903295
1789	972075	1.3759525800874	0.316321128990277	0.229892464	1.05963145109713
1801	985059	1.19928644911072	0.310814171659278	0.2591659164	0.888472277451439
1811	996023	1.20302179982409	0.318551929371837	0.2647931479	0.884469870452253
1823	1009345	0.984358034946321	0.319860974441569	0.324943733	0.664497060504752
1831	1018143	0.986964749675034	0.316903521670668	0.3210889971	0.670061228004366
1847	1035947	0.822061514825578	0.318311290964749	0.3872110362	0.50375022386083
1861	1051643	0.705110075738227	0.316411872132237	0.4487411016	0.388698203605989
1867	1058483	0.742093082307772	0.31688706546943	0.4270179483	0.425206016838342
1871	1062977	0.823156618232434	0.315069983875624	0.3827582466	0.508086634356809
1873	1065423	0.907513394514951	0.312520541068844	0.344370169	0.594992853446107
1877	1070023	0.966415336661234	0.315396109863712	0.3263566894	0.651019226797521
1879	1072523	1.0773926180969	0.320263726699883	0.2972581409	0.757128891397015
1889	1083693	1.23241702065821	0.319802155277371	0.2594918359	0.912614865380834
1901	1097459	1.04753962925869	0.315627115446573	0.3013032697	0.731912513812113
1907	1104439	1.08987310010727	0.316148798651694	0.2900785409	0.773724301455581
1913	1111493	1.12802066427679	0.318279228849168	0.282157268	0.809741435427621
1931	1132391	0.842711338870746	0.312906235793761	0.3713089184	0.529805103076985
1933	1134849	0.914613730250675	0.318000847424159	0.3476886875	0.596612882826516
1949	1153681	0.635853962221936	0.314403280159742	0.4944583172	0.321450682062194
1951	1156109	0.715041681575593	0.316855960501653	0.4431293569	0.39818572107394
1973	1182221	0.485938729352781	0.316377371876565	0.6510643272	0.169561357476217
1979	1189409	0.525328492288835	0.31275148349932	0.5953446045	0.212577008789516
1987	1199073	0.396914912097777	0.312577955777061	0.7875188013	0.0843369563207161
1993	1206299	0.478588299754574	0.315746849377628	0.6597462778	0.162841450376945
1997	1211147	0.463372217173541	0.319003987559238	0.6884400396	0.144368229614303
1999	1213791	0.549666947543299	0.316457732216147	0.575726326	0.233209215327152
2003	1218541	0.654130303810706	0.316431057127194	0.4837431553	0.337699246683513
2011	1228275	0.66262365600037	0.316627325336411	0.4778388494	0.345996330663958
2017	1235441	0.873579975936759	0.311777949682039	0.3568968592	0.561802026254719
2027	1247817	0.787456784214704	0.315850049693029	0.4011014395	0.471606734521675
2029	1250467	0.871734884936719	0.317427936716635	0.3641335711	0.554306948220085
2039	1262733	0.841446601323754	0.317541565828078	0.377375778	0.523905035495676
2053	1280151	0.512218839175226	0.317688576432276	0.6202204061	0.19453026274295
2063	1292773	0.538350507193797	0.315950849262748	0.5868868795	0.222399657931048
2069	1300099	0.708434792932866	0.317907271222413	0.4487459882	0.390527521710453
2081	1315037	0.584505892309325	0.316877803883199	0.5421293576	0.267628088426126
2083	1317809	0.695497204691112	0.313314193842144	0.4504895084	0.382183010848968
2087	1322923	0.837597081947392	0.317389363719191	0.3789284497	0.520207718228202
2089	1325681	0.92312515144934	0.317234968469061	0.3436532609	0.605890182980279
2099	1338245	0.966953962005614	0.319556820540537	0.3304778026	0.647397141465078
2111	1353409	0.893337039367496	0.317659604836374	0.3555876347	0.575677434531122
2113	1356159	0.977419726564114	0.3176647230886	0.3250033885	0.659755003475514
2129	1376601	0.829214006212592	0.315959452548926	0.3810348718	0.513254553663666
2131	1379289	0.89059849817454	0.319004268591647	0.3581908899	0.571594229582894
2137	1386887	1.08712109276535	0.318042016590669	0.292554361	0.769079076174677
2141	1392259	1.19672387614431	0.321470937757665	0.2686258244	0.875252938386646
2143	1394975	1.27254818308938	0.318496586175543	0.2502825358	0.954051596913841
2153	1408045	1.19718458302976	0.315703492570468	0.2637049433	0.881481090459294
2161	1418485	1.14900230341841	0.31410047296893	0.2733680098	0.834901830449482
2179	1442115	0.854187864225345	0.316583553824384	0.3706252068	0.537604310400961
2203	1474077	0.473739217786138	0.317208991662387	0.6695856702	0.15653022612375
2207	1479397	0.53627574038757	0.31391595624615	0.5853629628	0.22235978414142
2213	1487493	0.66139028997846	0.31643284454664	0.4784358787	0.34495744543182
2221	1498353	0.491677747988295	0.320485066307854	0.6518193423	0.171192681680441
2237	1519741	0.473382206147601	0.314934740582934	0.6652863933	0.158447465564668
2239	1522721	0.584381873494011	0.319144312459917	0.5461228812	0.265237561034094
2243	1528247	0.701277649731194	0.316944844993816	0.4519534383	0.384332804737378
2251	1539099	0.625154803825824	0.316091711413298	0.5056215028	0.309063092412526
2267	1560825	0.606946723574816	0.316306529550511	0.5211438126	0.290640194024305
2269	1563739	0.69068409011081	0.317009815180266	0.4589794665	0.373674274930545
2273	1569543	0.749117888369666	0.316898532373884	0.4230289215	0.432219355995782
2281	1580283	0.819483567518296	0.313827423679366	0.3829575554	0.505656143838931
2287	1588775	0.804661965929542	0.318829942615367	0.396228424	0.485832023314175
2293	1597173	0.907074835177349	0.317933624055523	0.3505042933	0.589141211121825
2297	1602657	1.04296361732061	0.314555311819347	0.3015975884	0.728408305501261
2309	1619499	0.964920506566266	0.318395010504015	0.3299701979	0.646525496062252
2311	1622287	1.06553346862602	0.316427400205171	0.2969661766	0.749106068420847
2333	1653139	0.784332024775191	0.313872284663777	0.4001778262	0.470459740111414
2339	1661699	0.913092112662171	0.318647159048355	0.3489759189	0.594444953613816
2341	1664613	0.992970685443107	0.314680188060154	0.3169078329	0.678290497382953
2347	1672979	1.1053328802203	0.321266455372899	0.2906513152	0.784066424847406
2351	1678929	1.17237100136849	0.317728370703413	0.271013502	0.854642630665077
2357	1687499	1.2803822429568	0.315715923113673	0.2465794296	0.964666319843129
2371	1707531	1.08982111150135	0.318608632116462	0.2923494771	0.771212479384885
2377	1716135	1.15606228711754	0.317080054360955	0.274275926	0.838982232756587
2381	1721839	1.31560521936596	0.312277428793489	0.2373640848	1.00332779057247
2383	1725011	1.42661074391507	0.320540473797869	0.2246867095	1.10607027011721
2389	1733609	1.5542981684891	0.317868703076181	0.2045094754	1.23642946541292
2393	1739597	1.62450188553681	0.318247605775613	0.1959047315	1.30625427976119
2399	1748297	1.70166164513033	0.322750284428253	0.18966772	1.37891136070207
2411	1765609	1.81673491162212	0.322237927938329	0.1773720128	1.49449698368379
2417	1774455	1.82331960349775	0.317498316435329	0.1741320149	1.50582128706242
2423	1783431	1.82031756810976	0.317512275597569	0.1744268589	1.50280529251219
2437	1803861	1.59848850594569	0.31712405633773	0.198389951	1.28136444960796
2441	1810021	1.71063670787633	0.319691566734123	0.1868845473	1.3909451411422
2447	1818891	1.71950312677265	0.326359314296804	0.1897986164	1.39314381247584
2459	1836765	1.59432289239493	0.322383561951795	0.2022071962	1.27193933044313
2467	1848633	1.56249955465331	0.31789085150317	0.2034502029	1.24460870315014
2473	1857767	1.47601279867419	0.317972741719773	0.2154268188	1.15804005695442
2477	1863911	1.49957304277575	0.320133868504666	0.2134833445	1.17943917427109
2503	1903107	1.03067072051574	0.316541567636041	0.3071219172	0.714129152879702
2521	1930455	0.776739639338767	0.315657684378802	0.4063880204	0.461081954959966
2531	1945711	0.836395520676669	0.316426201291338	0.3783212529	0.519969319385331
2539	1958305	0.806908307600938	0.316736524864944	0.392531	0.490171782735994
2543	1964371	0.950018991217774	0.31579147125659	0.33240543	0.634227519961183
2549	1973665	0.992976610398642	0.315381507869189	0.3176122222	0.677595102529453
2551	1976853	1.07209404620762	0.319033795299636	0.2975800457	0.753060250907983
2557	1985951	1.23553255585802	0.316759236100835	0.2563746577	0.918773319757186
2579	2020507	0.609581875109263	0.317663835159282	0.5211175859	0.291918039949981
2591	2039059	0.492015969986941	0.31856780425666	0.6474745205	0.173448165730281
2593	2042513	0.575252812000461	0.316956706198398	0.5509868002	0.258296105802063
2609	2067747	0.423926039739753	0.316734942567184	0.7471467022	0.107191097172569
2617	2080405	0.357259937717208	0.320352553690415	0.8966931913	0.0369073840267931
2621	2086749	0.420434423844021	0.320868839903925	0.7631840347	0.0995655839400968
2633	2106029	0.27247752925766	0.3166863776444	1.162247685	-0.0442088483867399
2647	2128163	0.225754791695871	0.317983906800088	1.408536689	-0.0922291151042166
2657	2144399	0.0613252350290696	0.318716172497144	5.197145553	-0.257390937468075
2659	2147939	0.172342588422338	0.315189610738658	1.828855036	-0.14284702231632
2663	2154443	0.186304481911799	0.316401540815782	1.698303431	-0.130097058903983
2671	2167093	0.337862886681052	0.318029597847654	0.9412978175	0.0198332888333976
2677	2176859	0.451510498088943	0.316853467311445	0.701763234	0.134657030777497
2683	2186651	0.570577233787966	0.316519488937724	0.5547355734	0.254057744850243
2687	2193205	0.755424367905978	0.317629211169907	0.4204646086	0.437795156736071
2689	2196659	0.839098560557714	0.31458583171094	0.3749092735	0.524512728846774
2693	2203347	0.951158670353952	0.320096812305006	0.3365335588	0.631061858048947
2699	2212899	1.15003979615012	0.320452363030244	0.2786445861	0.82958743311988
2707	2225933	1.14889970420969	0.316684756077788	0.275641777	0.832214948131902
2711	2232583	1.26011347573753	0.319491481778657	0.2535418341	0.94062199395887
2713	2236189	1.35029851266239	0.318685247442404	0.2360109594	1.03161326521998
2719	2245829	1.61009993230627	0.319311834672775	0.1983180225	1.2907880976335
2729	2262423	1.57003182824056	0.322989446383204	0.2057215915	1.24704238185736
2731	2265727	1.67091629079526	0.311795260962287	0.1866013652	1.35912102983298
2741	2282227	1.70048760291616	0.318926650389605	0.1875501179	1.38156095252655
2749	2295939	1.64144404471261	0.321752132881029	0.1960177284	1.31969191183158
2753	2302591	1.77194242690688	0.320279886464491	0.1807507296	1.45166254044239
2767	2325715	1.75883061298719	0.320430834102359	0.1821840214	1.43839977888483
2777	2342741	1.79618810562335	0.31918111364724	0.1776991578	1.47700699197611
2789	2362893	1.81220743679086	0.320237537663388	0.1767113031	1.49196989912747
2791	2366401	1.8883418155374	0.314917724822899	0.1667694494	1.5734240907145
2797	2376299	2.07921938235821	0.316735157290782	0.1523336883	1.76248422506743
2801	2383313	2.10314122500343	0.317236090497657	0.1508391765	1.78590513450577
2803	2387045	2.21416195094736	0.319295664658047	0.1442061022	1.89486628628932
2819	2414443	1.97574020643123	0.321929831860212	0.162941378	1.65381037457102
2833	2438173	2.03309414246448	0.316150294673751	0.1555020439	1.71694384779073
2837	2445013	2.13511265913639	0.32371503542528	0.151614967	1.81139762371111
2843	2455533	2.07343566129522	0.319927252692223	0.1542981336	1.753508408603
2851	2469021	2.16009801298788	0.316372926187277	0.1464623014	1.8437250868006
2857	2479561	2.13043770331849	0.314065607065489	0.1474183482	1.816372096253
2861	2486709	2.10262118514234	0.320951456338198	0.1526434997	1.78166972880415
2879	2517971	1.9527014546917	0.328215525302048	0.1680827986	1.62448592938965
2887	2531941	1.91809753616851	0.320484992266448	0.1670848256	1.59761254390206
2897	2549629	1.92234071133872	0.320297639634954	0.1666185592	1.60204307170377
2903	2560483	1.82755867367694	0.323633597476514	0.1770852023	1.50392507620042
2909	2570865	1.92196051829568	0.323027431126364	0.168071835	1.59893308716932
2917	2584865	1.94854882304183	0.316026230331807	0.1621854308	1.63252259271002
2927	2602463	1.90542344632461	0.317441054210179	0.1665986922	1.58798239211443
2939	2624125	1.81845909356598	0.322687583322562	0.1774511093	1.49577151024341
2953	2649085	1.68701784641765	0.317853391910768	0.1884113986	1.36916445450688
2957	2656341	1.82928083796807	0.321864346281206	0.1759513026	1.50741649168687
2963	2667161	1.78981909243333	0.321319900603042	0.1795264683	1.46849919183029
2969	2677933	1.81345019146457	0.321792985212999	0.1774479314	1.49165720625157
2971	2681621	1.89451024153797	0.313780020969228	0.1656259302	1.58073022056874
2999	2732391	1.25638782031645	0.321266732368953	0.2557066593	0.935121087947496
3001	2736189	1.33991527943521	0.319191634548277	0.2382177735	1.02072364488694
3011	2754145	1.28648437274294	0.318103820763989	0.2472659812	0.968380551978951
3019	2768887	1.3224618193305	0.320287561562489	0.2421904034	1.00217425776802
3023	2776487	1.43232291606396	0.323103228652033	0.225579878	1.10921968741193
3037	2801957	1.23953365739437	0.317970939894322	0.2565246518	0.92156271750005
3041	2809429	1.2742497858906	0.319319442409053	0.2505940719	0.95493034348155
3049	2824407	1.11239903262623	0.31905536638492	0.2868173713	0.793343666241306
3061	2846211	1.25970678030999	0.31526827324962	0.2502711569	0.944438507060374
3067	2857681	1.14544152046414	0.320472885954025	0.2797810977	0.824968634510114
3079	2880211	1.09605872671599	0.320200035329912	0.2921376634	0.775858691386075
3083	2887573	1.26276445212481	0.317109974631106	0.2511236154	0.945654477493703
3089	2898985	1.24620213196397	0.319858810346027	0.2566668778	0.926343321617943
3109	2936585	0.584633590553609	0.318731089988073	0.5451809392	0.265902500565536
3119	2955443	0.654537422872942	0.318780394787177	0.4870315793	0.335757028085764
3121	2959329	0.735279814991784	0.318614496504595	0.4333241441	0.416665318487188
3137	2989483	0.656671508437503	0.317043712466783	0.4828041241	0.33962779597072
3163	3039227	0.256549594643609	0.316334230369701	1.233033445	-0.0597846357260922
3167	3046995	0.360149276422536	0.315968780103313	0.8773272662	0.0441804963192227
3169	3051121	0.44398241485413	0.321067123534651	0.7231527934	0.122915291319479
3181	3073917	0.527795044520366	0.318646787807958	0.6037320568	0.209148256712408
3187	3085373	0.600584157815954	0.316665350707747	0.5272622439	0.283918807108207
3191	3093395	0.578322511306455	0.3184177113476	0.5505884781	0.259904799958855
3203	3116789	0.401099571404593	0.316762066661584	0.7897342437	0.0843375047430093
3209	3128711	0.392085865683625	0.319017502089149	0.8136419341	0.0730683635944765
3217	3143973	0.366649235644039	0.321168081758979	0.8759545924	0.0454811538850604
3221	3151869	0.446841673709423	0.317593788878429	0.710752393	0.129247884830994
3229	3167641	0.382767450163573	0.321238656103075	0.8392528047	0.0615287940604988
3251	3210571	0.105571144070161	0.315507065125255	2.988572947	-0.209935921055094
3253	3214901	0.202716534052528	0.320798463474415	1.582497772	-0.118081929421887
3257	3222659	0.216730151883042	0.317049262377402	1.462875653	-0.10031911049436
3259	3226995	0.309246068775696	0.319764747999207	1.034013946	-0.0105186792235103
3271	3250437	0.211578019193983	0.318961386706509	1.507535556	-0.107383367512526
3299	3306247	-0.119227333262438	0.315906936719422	inf	-0.43513426998186
3301	3310345	-0.0379392679889975	0.318875789689008	inf	-0.356815057678006
3307	3322393	-0.0181374411531464	0.316770535740857	inf	-0.334907976894003
3313	3334451	0.0866226780058905	0.320516718638972	3.700147883	-0.233894040633081
3319	3346727	-0.0345318325476913	0.319344795295691	inf	-0.353876627843383
3323	3355017	0.0926303799358892	0.317227041954049	3.42465444	-0.22459666201816
3329	3367017	0.103156497342281	0.316576793542944	3.068898244	-0.213420296200664
3331	3371209	0.179257782643475	0.319904336179154	1.784605005	-0.140646553535679
3343	3395389	0.202986149268392	0.320461949296516	1.57873801	-0.117475800028124
3347	3403375	0.370591097533969	0.318508087647591	0.8594596302	0.0520830098863775
3359	3427929	0.281349459321348	0.317932678176734	1.130027685	-0.036583218855386
3361	3432055	0.363467526257221	0.319746086478119	0.8797101897	0.0437214397791015
3371	3452275	0.453829843011734	0.319771127053571	0.7046057724	0.134058715958162
3373	3456765	0.550977872876883	0.321114247824962	0.5828078833	0.22986362505192
3389	3489405	0.34549199550165	0.318966477518186	0.923223929	0.0265255179834637
3391	3493689	0.406774841154239	0.319625818703463	0.7857561146	0.0871490224507761
3407	3526589	0.406911192426384	0.316010841315038	0.7766088699	0.0909003511113465
3413	3539203	0.353757293794678	0.318851550622526	0.9013285555	0.0349057431721517
3433	3580655	0.168213438608875	0.319223500147653	1.897728878	-0.151010061538778
3449	3614081	0.0906883194986589	0.31544613999701	3.478354674	-0.224757820498351
3457	3630593	0.129358104807358	0.319278985363193	2.468179213	-0.189920880555835
3461	3639025	0.142498182193002	0.318080924060208	2.23217531	-0.175582741867206
3463	3643637	0.253537342066903	0.319564279840468	1.260422931	-0.0660269377735646
3467	3651999	0.273267251867774	0.318120460858981	1.164136788	-0.044853208991207
3469	3656553	0.357345530711449	0.32081021224917	0.8977591286	0.0365353184622791
3491	3702543	0.454436312669198	0.318417963610122	0.7006877636	0.136018349059076
3499	3719615	0.381679206551014	0.317654843532508	0.8322560886	0.0640243630185059
3511	3745025	0.318798739432622	0.318060012131638	0.9976827785	0.000738727300983788
3517	3757887	0.44707206444976	0.31992498277795	0.7156004775	0.12714708167181
3527	3779257	0.41375726921568	0.316030761894195	0.7638071531	0.0977265073214851
3529	3783791	0.497350420778496	0.318133509104943	0.6396566602	0.179216911673553
3533	3792611	0.643122664315607	0.319775126484014	0.497222605	0.323347537831593
3539	3805179	0.795512372698325	0.317956654654574	0.3996878811	0.477555718043751
3541	3809645	0.867899352959763	0.318659175935177	0.3671614397	0.549240177024586
3547	3822641	0.796890960654183	0.319832796899958	0.4013507653	0.477058163754225
3557	3843855	0.848742960550133	0.319178336013121	0.3760600687	0.529564624537011
3559	3848595	0.959783811544932	0.319675167970769	0.3330699728	0.640108643574163
3571	3874343	0.967912414078796	0.317098949968122	0.3276112026	0.650813464110675
3581	3895935	0.937867709261646	0.320993253733477	0.3422585622	0.616874455528169
3583	3900703	1.0303902878389	0.319751529197648	0.310320791	0.71063875864125
3593	3922385	1.05275802177739	0.319247181484978	0.303248396	0.733510840292415
3607	3952685	1.05167588975873	0.321354878293149	0.3055645579	0.730321011465584
3613	3966099	1.03658438326228	0.318866510347303	0.3076126898	0.717717872914974
3617	3975079	1.19975832654013	0.318629994970414	0.2655784819	0.881128331569718
3623	3988133	1.37614437161692	0.319784865005448	0.2323774101	1.05635950661147
3631	4005539	1.38410451629227	0.318343117343754	0.2299993343	1.06576139894851
3637	4018861	1.48693282107909	0.320140182692375	0.215302385	1.16679263838671
3643	4032281	1.49919267396124	0.318972776700355	0.2127630306	1.18021989726088
3659	4067721	1.39714330555518	0.320537107494322	0.2294232139	1.07660619806086
3671	4094241	1.19302760110177	0.321554688394833	0.2695282893	0.871472912706933
3673	4099063	1.27706427646723	0.317516248113856	0.2486298098	0.959548028353371
3677	4107911	1.37830455301426	0.322112844227754	0.2337022275	1.05619170878651
3691	4138879	1.45650764226524	0.320082590535227	0.2197603234	1.13642505173001
3697	4152467	1.39234178185062	0.31964853604059	0.2295762005	1.07269324581003
3701	4161857	1.47182148438555	0.318913386778246	0.2166793936	1.1529080976073
3709	4179713	1.49854166166296	0.319304189143632	0.213076618	1.17923747251932
3719	4202229	1.37579200196997	0.320383247225586	0.2328718635	1.05540875474439
3727	4220391	1.45515431058376	0.317963788456062	0.2185086394	1.1371905221277
3733	4233821	1.69475134701793	0.320519945270902	0.1891250571	1.37423140174703
3739	4247907	1.63683979509591	0.322623448076941	0.1971014201	1.31421634701897
3761	4297417	1.40537798216835	0.321947955855636	0.2290828232	1.08343002631272
3767	4311385	1.45914301130643	0.321376683023296	0.220250298	1.13776632828314
3769	4316399	1.54935424298408	0.320551740039783	0.2068937698	1.22880250294429
3779	4339131	1.46548130027557	0.324965584154758	0.2217466604	1.14051571612081
3793	4371369	1.37801562549901	0.318195640610579	0.2309085868	1.05981998488843
3797	4380269	1.4772294243456	0.319462224188497	0.2162576909	1.1577672001571
3803	4394465	1.49720070938229	0.321035708015862	0.214423962	1.17616500136642
3821	4435705	1.46767056518321	0.31884152359448	0.2172432501	1.14882904158873
3823	4440533	1.54784209015234	0.319260717464451	0.2062618141	1.22858137268789
3833	4464175	1.39048111739694	0.320998304410562	0.230854127	1.06948281298638
3847	4496359	1.39901506033984	0.32010070392378	0.2288043303	1.07891435641606
3851	4505697	1.43097517468199	0.320105010654117	0.2236971097	1.11087016402787
3853	4510819	1.51887298845535	0.318598807462862	0.2097600062	1.20027418099249
3863	4534029	1.67615476435486	0.321498455198137	0.1918071422	1.35465630915673
3877	4566771	1.43878383907297	0.318391515499715	0.2212921127	1.12039232357326
3881	4576419	1.54745277039595	0.318950211106687	0.2061130506	1.22850255928926
3889	4595355	1.55900585845368	0.316314826995133	0.2028952138	1.24269103145855
3907	4637633	1.32567383741295	0.318976414194191	0.2406145503	1.00669742321876
3911	4647503	1.30265238634016	0.320849436310276	0.2463047239	0.981802950029884
3917	4661345	1.51985188702709	0.319905657147423	0.2104847583	1.19994622987967
3919	4666565	1.63089884824489	0.322209385471294	0.197565524	1.30868946277359
3923	4676311	1.69898347407147	0.319708948397252	0.1881766087	1.37927452567422
3929	4690329	1.76070200476136	0.319681733552231	0.1815649285	1.44102027120913
3931	4695297	1.82196134336512	0.320998502430337	0.176182938	1.50096284093478
3943	4723867	1.82869748079127	0.320980478559859	0.1755240995	1.50771700223141
3947	4733669	1.9241053649725	0.322642917527188	0.1676846411	1.60146244744531
3967	4781509	1.72628648138044	0.322694424862847	0.1869298221	1.40359205651759
3989	4834893	1.36363473866988	0.321228374556782	0.2355677554	1.0424063641131
4001	4863603	1.33825321533654	0.319174618416873	0.2385009165	1.01907859691967
4003	4868835	1.39591178447248	0.319865066580114	0.2291441839	1.07604671789236
4007	4878391	1.43724170523322	0.319921884180994	0.2225943507	1.11731982105222
4013	4893241	1.54877933237644	0.319767805481157	0.2064644064	1.22901152689528
4019	4907593	1.75165959929351	0.319337622128317	0.1823057529	1.4323219771652
4021	4912667	1.82402665462532	0.319359391708962	0.1750848272	1.50466726291636
4027	4927209	1.83525929190067	0.321022875152996	0.1749196294	1.51423641674768
4049	4981011	1.62110718586368	0.320231097230964	0.1975385095	1.30087608863272
4051	4986139	1.70458430266229	0.317949249937267	0.1865259755	1.38663505272502
4057	5001031	1.70671910045738	0.320704018171732	0.1879067376	1.38601508228565
4073	5040559	1.63161241745602	0.320528659288679	0.1964490193	1.31108375816734
4079	5055797	1.60951885453215	0.323649088357765	0.2010843722	1.28586976617439
4091	5084927	1.80053659744148	0.321964977452039	0.1788161251	1.47857161998944
4093	5090217	1.87163027701222	0.320578687660773	0.1712831277	1.55105158935145
4099	5105225	1.93228014474995	0.322524208239031	0.1669137931	1.60975593651092
4111	5134895	1.74002778920238	0.319728684924799	0.1837491832	1.42029910427758
4127	5174787	1.58689074196366	0.321418064378593	0.202545806	1.26547267758507
4129	5180257	1.67189938713967	0.318671021015732	0.1906041856	1.35322836612394
4133	5190433	1.70566667175392	0.319438804552478	0.1872809089	1.38622786720145
4139	5205377	1.71223555572706	0.3243220461359	0.1894143858	1.38791350959117
4153	5240303	1.67111115787712	0.31881032106302	0.1907774474	1.3523008368141
4157	5250719	1.81761546048064	0.321301277238872	0.176770766	1.49631418324176
4159	5255955	1.89852350161757	0.322160791658667	0.1696901784	1.5763627099589
4177	5301273	1.7013847081833	0.318575363918161	0.1872447556	1.38280934426514
4201	5362063	1.30652826607669	0.316639204664268	0.2423515915	0.989889061412423
4211	5387723	1.42277315454286	0.32118286552131	0.2257442548	1.10159028902155
4217	5402973	1.4897589925513	0.318404464381017	0.213728842	1.17135452817028
4219	5408485	1.54746796012774	0.32167942685527	0.2078746928	1.22578853327247
4229	5434077	1.46087113166232	0.320648382619261	0.219491217	1.14022274904306
4231	5439409	1.53693469325766	0.321742617942835	0.2093404615	1.21519207531483
4241	5464763	1.68731044055197	0.319334737280719	0.1892566594	1.36797570327125
4243	5470203	1.7470502492241	0.321591066302241	0.1840765979	1.42545918292186
4253	5496165	1.77368094382479	0.320586732774224	0.1807465621	1.45309421105056
4259	5511377	1.92368887473927	0.321552782944245	0.1671542562	1.60213609179502
4261	5516755	1.99604778311787	0.318515550617905	0.1595731091	1.67753223249997
4271	5542433	1.84712866624953	0.319124645331776	0.1727679566	1.52800402091775
4273	5548111	1.9338754222484	0.322460039783825	0.1667429226	1.61141538246458
4283	5574015	1.83188255828094	0.325017002559675	0.1774224014	1.50686555572127
4289	5589983	1.74642633605302	0.324233886469978	0.1856556327	1.42219244958305
4297	5610599	1.77406969779443	0.320744672867056	0.1807959818	1.45332502492737
4327	5688667	1.35137523195465	0.31672563894725	0.2343728311	1.0346495930074
4337	5715045	1.3577052158554	0.320168462193909	0.2358158888	1.03753675366149
4339	5720821	1.45024003527802	0.323154038652819	0.222827967	1.12708599662521
4349	5746871	1.51272919370038	0.32093508904159	0.2121563399	1.19179410465879
4357	5767739	1.55392807361313	0.316694211910744	0.2038023621	1.23723386170238
4363	5784053	1.56598441252731	0.321869400576182	0.2055380616	1.24411501195113
4373	5810723	1.52815927097932	0.320132366131093	0.2094888748	1.20802690484823
4391	5858173	1.2284700675717	0.320536328613709	0.2609231898	0.907933738957991
4397	5874419	1.29657713344687	0.319757784690932	0.2466168625	0.976819348755934
4409	5906505	1.39261149618698	0.320563059585985	0.2301884341	1.072048436601
4421	5938625	1.11056596112546	0.320322787977253	0.288432024	0.790243173148211
4423	5944365	1.16900478968551	0.320981661052982	0.2745768571	0.848023128632532
4441	5992383	1.12171504214105	0.319575292089582	0.2848988202	0.80213975005147
4447	6008323	1.17521151242559	0.319942892705847	0.272242817	0.855268619719745
4451	6019701	1.20701432560031	0.320771592867035	0.2657562434	0.88624273273328
4457	6036183	1.22781924366331	0.321155304837394	0.2615656225	0.90666393882592
4463	6052511	1.33804666315335	0.321910090007103	0.2405821104	1.01613657314624
4481	6100847	1.07641926013377	0.319730589095547	0.2970316502	0.756688671038224
4483	6106803	1.16278310130492	0.320253904046621	0.2754201568	0.842529197258303
4493	6134293	1.10253950285274	0.32207156327465	0.2921179354	0.780467939578087
4507	6171983	1.14456929768645	0.319507815495697	0.2791511323	0.825061482190753
4513	6188549	1.11962241407188	0.319632983606798	0.2854828374	0.799989430465086
4517	6199493	1.18478884574124	0.321726922627588	0.2715478997	0.86306192311365
4519	6205509	1.27732597428709	0.320938532760671	0.2512581277	0.956387441526415
4523	6216267	1.38719248183051	0.320839460905995	0.2312869087	1.06635302092452
4547	6282051	1.07812267854868	0.320356439386899	0.2971428445	0.757766239161785
4549	6288109	1.17528987092163	0.321253066452194	0.2733394326	0.854036804469441
4561	6320961	1.12355273244463	0.316689835251604	0.2818646834	0.806862897193025
4567	6337353	1.27014585250433	0.320223354052495	0.2521154192	0.949922498451838
4583	6382413	1.00153032053391	0.320163424787695	0.3196742208	0.681366895746212
4591	6404223	1.09754090730493	0.318598114544787	0.2902835898	0.778942792760142
4597	6421289	1.03530223543798	0.321355551564995	0.3103978148	0.713946683872983
4603	6438061	1.03328853904021	0.318976286599284	0.3087001109	0.714312252440924
4621	6488207	0.949350943088087	0.319464067026466	0.3365078735	0.629886876061622
4637	6533161	0.895581365633953	0.319482325957793	0.3567317702	0.576099039676159
4639	6539341	1.00663848652227	0.32089322135764	0.3187770244	0.685745265164628
4643	6550175	1.08829413390681	0.319723712034087	0.2937842832	0.768570421872723
4649	6567305	1.09928376681228	0.321308529294933	0.2922889785	0.777975237517345
4651	6573153	1.1782979576195	0.318037670740305	0.2699127743	0.860260286879192
4657	6589583	1.30669146501829	0.320062394074669	0.2449410612	0.986629070943624
4663	6607195	1.30140584954559	0.319631659277813	0.2456049044	0.981774190267778
4673	6635557	1.42561713911324	0.323164016319271	0.2266835937	1.10245312279397
4679	6652315	1.41524841971295	0.323408108322783	0.2285168482	1.09184031139017
4691	6686709	1.17772542468953	0.322630969768721	0.2739441325	0.855094454920812
4703	6721067	1.12747138360052	0.321909736228077	0.2855147731	0.80556164737244
4721	6771805	0.953669387401617	0.319009024602701	0.3345069359	0.634660362798916
4723	6778097	1.06472750136611	0.320853592029464	0.3013480835	0.743873909336644
4729	6795651	1.09395070180836	0.320369684528565	0.2928556872	0.773581017279793
4733	6806883	1.20093350356321	0.321262908363613	0.2675109883	0.879670595199602
4751	6858633	0.89840573959325	0.321245426759471	0.3575727676	0.577160312833779
4759	6882059	0.888098932707491	0.318721252615	0.3588803464	0.569377680092491
4783	6951263	0.479905522944281	0.319818143109167	0.6664189675	0.160087379835114
4787	6962789	0.487159979841045	0.318900258175438	0.654610952	0.168259721665607
4789	6968871	0.566716494922985	0.320189559742348	0.5649907187	0.246526935180637
4793	6981155	0.617376173954584	0.322742925276233	0.5227654368	0.294633248678352
4799	6998121	0.725623708092112	0.321847653520781	0.4435462209	0.403776054571331
4801	7004199	0.809078521730116	0.320024363451537	0.3955417859	0.489054158278579
4813	7038897	0.828348471475807	0.321989356960968	0.3887124417	0.506359114514839
4817	7050565	0.970446589226646	0.31996309008933	0.3297070582	0.650483499137317
4831	7091371	0.866667529251327	0.318565244655938	0.3675749165	0.548102284595389
4861	7180167	0.124430387421971	0.321023613316718	2.579945462	-0.196593225894747
4871	7209719	0.117317005623747	0.319753465626061	2.72555086	-0.202436460002314
4877	7227477	0.0988423987082368	0.320850410764611	3.246080781	-0.222008012056375
4889	7262913	0.0452588146183464	0.318957425423622	7.04741006	-0.273698610805275
4903	7304315	0.0512042036189304	0.318071184220891	6.211817815	-0.266866980601961
4909	7322309	0.119037112486789	0.319677867578492	2.6855311	-0.200640755091703
4919	7352619	0.0938365167092816	0.318637249060964	3.395663652	-0.224800732351682
4931	7387701	0.198986458227317	0.316641679089915	1.591272501	-0.117655220862598
4933	7394263	0.286898758708282	0.32132421936452	1.119991668	-0.0344254606562386
4937	7406333	0.280880762675817	0.320478377244205	1.140976599	-0.0395976145683876
4943	7424473	0.335366976845368	0.320155732993002	0.9546429884	0.0152112438523658
4951	7448159	0.462239800120757	0.319621606662897	0.6914627572	0.14261819345786
4957	7466433	0.466082530121937	0.322045312569104	0.6909619901	0.144037217552833
4967	7496233	0.659896911984846	0.320269496405242	0.4853326188	0.339627415579604
4969	7502783	0.743951500870025	0.32083506972896	0.4312580449	0.423116431141065
4973	7514983	0.762348678294835	0.321274438972454	0.4214271607	0.441074239322381
4987	7556911	0.785568765145605	0.320547810409443	0.4080455138	0.465020954736162
4993	7575061	0.932796584230585	0.319228529826933	0.3422273786	0.613568054403651
4999	7593461	0.955964970836426	0.320839045455463	0.3356179936	0.635125925380963
