curve,rank,conductor,series,alpha,mode,n,zero_index,gamma,cycles_over_logK_range,median_abs_phase_step_rad,intercept,cos_coef,sin_coef,amplitude,phase_rad_for_amp_cos_gamma_u_minus_phase,rss_constant,rss_zero_model,rmse_zero_model,r2_vs_constant,adjusted_r2_vs_constant,const_loo_rmse,zero_model_loo_rmse,loo_skill_vs_constant,series_range
37a1,1,37,product_residual_logP_plus_rank_loglogK,0.75,all,7,1,5.0031700140066588,5.5005021157673477,0.78664124749607467,-2.0556118547438542,-0.011481104004147358,-0.09027627345339953,0.09100341366007661,-1.6972946698993334,0.012178347227243296,0.0034111649479937512,0.022075082746952988,0.71989918793226049,0.57984878189839073,0.04866222313923671,0.036356520711782157,0.44181168840456964,0.1269569598439606
37a1,1,37,product_residual_logP_plus_rank_loglogK,0.75,all,7,2,6.8703912169544319,7.5533314517016859,1.9885788731133207,-2.1055790762580924,0.0071815613024142121,-0.015784661361238447,0.017341578850534556,-1.1438163098486909,0.012178347227243296,0.011351767250133333,0.04027010101468996,0.067872919180763769,-0.39819062122885418,0.04866222313923671,0.073023962205784679,-1.251888564917262,0.1269569598439606
37a1,1,37,product_residual_logP_plus_rank_loglogK,0.75,all,7,3,8.014330807872879,8.8109825254292353,2.9173342768087043,-2.1183867365101405,0.050927406108336057,-0.044263299596654579,0.0674747388591211,-0.71550424691283898,0.012178347227243296,0.006278394646696361,0.029948514503337607,0.48446250303559912,0.22669375455339869,0.04866222313923671,0.054075567540396698,-0.23486158564960746,0.1269569598439606
37a1,1,37,product_residual_logP_plus_rank_loglogK,0.75,all,7,4,9.9330983536053523,10.920482085791996,1.6537466985393703,-2.1126251112490273,0.035713200040168827,-0.030648209822145341,0.047061081823640237,-0.70922152310916764,0.012178347227243296,0.0041466678084059313,0.02433888073610949,0.65950487935425905,0.48925731903138847,0.04866222313923671,0.045353501171532966,0.13136415587385242,0.1269569598439606
37a1,1,37,product_residual_logP_plus_rank_loglogK,0.75,all,7,5,10.7751381625408,11.846223513255627,0.72867141689513915,-1.7806804421030007,0.058712754283367807,0.34984610934355137,0.35473861889898489,1.4045213043730977,0.012178347227243296,0.0037631501073650056,0.023186049091656714,0.69099664863005916,0.53649497294508874,0.04866222313923671,0.03445827921012503,0.49857812133039658,0.1269569598439606
37a1,1,37,product_residual_logP_plus_rank_loglogK,0.75,all,7,6,11.757324722849777,12.926042755442705,1.589128603580928,-2.1056405250304571,0.0093793651375358809,-0.030883228195770367,0.032276094469053239,-1.2759446867456128,0.012178347227243296,0.0085828120446855526,0.03501593931888234,0.29523999566332226,-0.057140006505016494,0.04866222313923671,0.060951132689504015,-0.56884367036537808,0.1269569598439606
37a1,1,37,product_residual_logP_plus_rank_loglogK,0.75,all,7,7,12.958386413882845,14.246494060155396,3.0351742159024653,-2.105524824737103,0.018379956750048738,0.01376019878732178,0.022960093222813231,0.64263808866356442,0.012178347227243296,0.010253485891036801,0.038272492716304007,0.15805603997729079,-0.26291594003406371,0.04866222313923671,0.064447951110412724,-0.75401918191080708,0.1269569598439606
37a1,1,37,product_residual_logP_plus_rank_loglogK,0.75,all,7,8,15.603857873204319,17.15493437268972,1.7069659114058666,-2.1029734182912865,0.027960974795446285,0.046253760140031311,0.054048371285387788,1.0270654382004438,0.012178347227243296,0.0021466169604445382,0.017511697969579968,0.8237349518461341,0.73560242776920126,0.04866222313923671,0.031255663454123492,0.58745288701768894,0.1269569598439606
37a1,1,37,s1_proxy_all_adjusted,0.75,all,7,1,5.0031700140066588,5.5005021157673477,0.78664124749607467,-2.5521786188131075,-0.010391756358746047,-0.092413356796967883,0.092995790844012008,-1.6827745715707889,0.01270188531371433,0.0035690035338563847,0.022580027628277367,0.71901781147378951,0.57852671721068427,0.049697193413936559,0.037631434379413541,0.42662623398982424,0.12808843043386187
37a1,1,37,s1_proxy_all_adjusted,0.75,all,7,2,6.8703912169544319,7.5533314517016859,1.9885788731133207,-2.6030865776191638,0.0064164460966160495,-0.014908454581542364,0.01623061300508058,-1.1643693811044391,0.01270188531371433,0.011966180323562385,0.041345547909508749,0.057920928427656171,-0.41311860735851558,0.049697193413936559,0.074887286988873286,-1.2706618753894299,0.12808843043386187
37a1,1,37,s1_proxy_all_adjusted,0.75,all,7,3,8.014330807872879,8.8109825254292353,2.9173342768087043,-2.6163544978527353,0.051906211547983611,-0.045552966239903223,0.06906031805977865,-0.72030148607148525,0.01270188531371433,0.0064649424626742023,0.030390182772623422,0.49102496967958364,0.23653745451937558,0.049697193413936559,0.055194763329533929,-0.23347975129446263,0.12808843043386187
37a1,1,37,s1_proxy_all_adjusted,0.75,all,7,4,9.9330983536053523,10.920482085791996,1.6537466985393703,-2.6103970404983987,0.037753271728209623,-0.030004270934386196,0.048224120525812438,-0.67152921291808232,0.01270188531371433,0.0043162764535093785,0.02483165161502374,0.66018615765259203,0.49027923647888805,0.049697193413936559,0.046459741441331047,0.12604343176034261,0.12808843043386187
37a1,1,37,s1_proxy_all_adjusted,0.75,all,7,5,10.7751381625408,11.846223513255627,0.72867141689513915,-2.2692682754070019,0.058822606848508346,0.35980640661700641,0.36458298001839951,1.4087458431069071,0.01270188531371433,0.0039270018080595197,0.023685444017248591,0.69083315499475473,0.53624973249213204,0.049697193413936559,0.034365338804611997,0.5218352759502336,0.12808843043386187
37a1,1,37,s1_proxy_all_adjusted,0.75,all,7,6,11.757324722849777,12.926042755442705,1.589128603580928,-2.6032148742245349,0.0084254815154767987,-0.032015570946305166,0.033105672048540875,-1.3134629349518951,0.01270188531371433,0.0089586607524335463,0.035774413746686023,0.29469834350017265,-0.057952484749741018,0.049697193413936559,0.061982953089673408,-0.5555386311091044,0.12808843043386187
37a1,1,37,s1_proxy_all_adjusted,0.75,all,7,7,12.958386413882845,14.246494060155396,3.0351742159024653,-2.6031933998347752,0.018896618515940218,0.014220843646459721,0.02364983267074058,0.64513764573707288,0.01270188531371433,0.010661102355926532,0.039025819943663179,0.16066772037252997,-0.25899841944120494,0.049697193413936559,0.065562935365565969,-0.74041594111002862,0.12808843043386187
37a1,1,37,s1_proxy_all_adjusted,0.75,all,7,8,15.603857873204319,17.15493437268972,1.7069659114058666,-2.6006931733156882,0.026644551562865014,0.047768872513887756,0.054697324516234186,1.0619991397624706,0.01270188531371433,0.0023062293758177033,0.018151069924457044,0.81843408920346272,0.72765113380519408,0.049697193413936559,0.032446896650634091,0.57373212440329846,0.12808843043386187
389a1,2,389,product_residual_logP_plus_rank_loglogK,0.75,all,7,1,2.876099071260465,3.1619930928462825,3.1234675240659033,-1.7488724849326411,-0.0091359433187789968,-0.041262861930722407,0.042262148963792684,-1.78868959317159,0.026996886696179168,0.016152797128411753,0.048036886315788258,0.40167926360568695,0.10251889540853043,0.072452706197685762,0.077458706716172568,-0.14296060077434625,0.20635909380823936
389a1,2,389,product_residual_logP_plus_rank_loglogK,0.75,all,7,2,4.4168960836652582,4.8559505644040923,1.4307289918948891,-1.7629631446063831,0.044630154938576347,-0.03703097157095632,0.057992616644968749,-0.69260785543080294,0.026996886696179168,0.016372906735785248,0.048363071413432268,0.3935261158056983,0.090289173708547499,0.072452706197685762,0.081703676360975808,-0.27166867697895647,0.20635909380823936
389a1,2,389,product_residual_logP_plus_rank_loglogK,0.75,all,7,3,5.7934026339283653,6.3692865435719108,0.69191390858041046,-1.7208341166592289,0.046012967136847174,0.0023457304446422769,0.046072720736412984,0.05093567353578006,0.026996886696179168,0.025892220316262305,0.060818489101661349,0.04091828781402429,-0.43862256827896351,0.072452706197685762,0.14955483267636716,-3.2608052033579797,0.20635909380823936
389a1,2,389,product_residual_logP_plus_rank_loglogK,0.75,all,7,4,6.9859666528286892,7.6803954786640594,2.127728554754043,-1.75578852345713,0.049567170836857521,-0.029145248332061977,0.05750086890741548,-0.53154552240081732,0.026996886696179168,0.013178776092395898,0.043389887058088772,0.51184089333304228,0.26776133999956353,0.072452706197685762,0.079579971909217506,-0.20641947671508531,0.20635909380823936
389a1,2,389,product_residual_logP_plus_rank_loglogK,0.75,all,7,5,7.4749074957854305,8.2179387029877269,2.7164000325981572,-1.7523268691195317,-0.014525387949056721,-0.010732896987154395,0.018060508653065951,-2.5052295649335266,0.026996886696179168,0.025833742260598459,0.06074977044118704,0.043084391495606278,-0.43537341275659047,0.072452706197685762,0.10633716353254909,-1.1540754950984962,0.20635909380823936
389a1,2,389,product_residual_logP_plus_rank_loglogK,0.75,all,7,6,8.6332052445633263,9.4913751842595566,3.081825242087934,-1.7553592802692743,0.016497570382770995,0.049222815274255254,0.051913922718842383,1.2474017315843793,0.026996886696179168,0.018661243559240173,0.051632276117117966,0.30876312630962466,-0.036855310535562902,0.072452706197685762,0.0930584740366171,-0.6496910961270046,0.20635909380823936
389a1,2,389,product_residual_logP_plus_rank_loglogK,0.75,all,7,7,9.6330788021849134,10.59063957139818,1.9833518645705581,-1.7671918323913098,-0.089140337905575198,0.035775592688917508,0.096051511566260406,2.7599315465630294,0.026996886696179168,0.01069934331817801,0.039095749345454074,0.60368232683317991,0.40552349024976986,0.072452706197685762,0.080575190682514952,-0.23678286821510697,0.20635909380823936
389a1,2,389,product_residual_logP_plus_rank_loglogK,0.75,all,7,8,10.351433312881497,11.380400961655889,1.194158771499124,-1.7474660527085839,-0.015746584951866729,-0.029721849045024087,0.033635446307453021,-2.0579974219422059,0.026996886696179168,0.023159082940157682,0.057519043976951893,0.14215727165920378,-0.28676409251119428,0.072452706197685762,0.093201828507889731,-0.65477763448905613,0.20635909380823936
389a1,2,389,s1_proxy_all_adjusted,0.75,all,7,1,2.876099071260465,3.1619930928462825,3.1234675240659033,-2.4383362347466142,-0.0081377311516146397,-0.040924849504576297,0.041726082673409187,-1.7670817557325396,0.027023095853340569,0.016419556002478256,0.048431919820474741,0.39238804866806232,0.088582073002093531,0.072487866987322611,0.078171775881551997,-0.16297215217598282,0.20813927495151052
389a1,2,389,s1_proxy_all_adjusted,0.75,all,7,2,4.4168960836652582,4.8559505644040923,1.4307289918948891,-2.4525980717871199,0.045711336479066902,-0.037602078103773473,0.059189885626048926,-0.68836944324885974,0.027023095853340569,0.015964355141534301,0.047755859986773654,0.40923293066879296,0.11384939600318944,0.072487866987322611,0.080737687534514949,-0.24057199101489291,0.20813927495151052
389a1,2,389,s1_proxy_all_adjusted,0.75,all,7,3,5.7934026339283653,6.3692865435719108,0.69191390858041046,-2.409199306627321,0.047721499186242411,0.0016865698864700774,0.04775129320305873,0.035327226438708753,0.027023095853340569,0.025799274285518262,0.060709230041377515,0.045287985302062239,-0.43206802204690664,0.072487866987322611,0.14970059769204347,-3.2649743895014476,0.20813927495151052
389a1,2,389,s1_proxy_all_adjusted,0.75,all,7,4,6.9859666528286892,7.6803954786640594,2.127728554754043,-2.4452525715066891,0.049046128753989851,-0.029071503856790519,0.057014691810517888,-0.5350626770019794,0.027023095853340569,0.013423418868467417,0.043790766914087231,0.5032612495134221,0.25489187427013327,0.072487866987322611,0.080382558040590524,-0.22968253420688955,0.20813927495151052
389a1,2,389,s1_proxy_all_adjusted,0.75,all,7,5,7.4749074957854305,8.2179387029877269,2.7164000325981572,-2.441881217505244,-0.014189995021844403,-0.010156249918929331,0.017450082267305246,-2.5203853825436693,0.027023095853340569,0.025933032864470077,0.060866402724644261,0.04033819791730997,-0.43949270312403499,0.072487866987322611,0.10658269137763315,-1.1619354573386853,0.20813927495151052
389a1,2,389,s1_proxy_all_adjusted,0.75,all,7,6,8.6332052445633263,9.4913751842595566,3.081825242087934,-2.444768746629518,0.01597795507646934,0.049558935054962998,0.052070942878036236,1.2589150106833797,0.027023095853340569,0.018649692200982202,0.051616293386850795,0.3098610054822144,-0.035208491776678397,0.072487866987322611,0.093295951663850796,-0.65651341455520829,0.20813927495151052
389a1,2,389,s1_proxy_all_adjusted,0.75,all,7,7,9.6330788021849134,10.59063957139818,1.9833518645705581,-2.4567106708021753,-0.08965836770738006,0.035751809522197212,0.096523648833139547,2.7621591746369898,0.027023095853340569,0.010571747359337363,0.038861930250085115,0.60878844464334403,0.41318266696501615,0.072487866987322611,0.080228682484749764,-0.22497910154959833,0.20813927495151052
389a1,2,389,s1_proxy_all_adjusted,0.75,all,7,8,10.351433312881497,11.380400961655889,1.194158771499124,-2.43651286492035,-0.016945181799796458,-0.030897889021958419,0.035239448523514266,-2.0724296950081733,0.027023095853340569,0.0228479517341178,0.057131367083888086,0.15450280537367234,-0.26824579193949161,0.072487866987322611,0.092548494951350341,-0.63007685147140924,0.20813927495151052
