35573,-28,1988642443.3928701878,1924584636.4147315025,64057806.9781387225,30.0444977311,384632601
35591,-26,1867920693.7777645588,1803788423.4665081501,64132270.3112563565,28.1260653133,385016023
35593,-27,1937932458.1723637581,1873785194.5023298264,64147263.6700338349,29.2106800399,385063469
35597,-28,2008457301.6797537804,1944298772.5689167976,64158529.1108368710,30.3046032930,385147333
35603,-27,1974271196.6191139221,1910098297.9107146263,64172898.7083993182,29.7648748359,385282265
35617,-24,1863735793.9478611946,1799481461.7674000263,64254332.1804610565,28.0056052363,385582393
35671,-23,1625304352.4393804073,1560869643.6691915989,64434708.7701888531,24.2240505693,386752587
35677,-22,1614969680.3479347229,1550517492.7282626629,64452187.6196720153,24.0568636999,386880845
35729,-15,1113281932.4554359913,1048646813.9866508245,64635118.4687852263,16.2241029154,388007555
35731,-16,1171682358.8496949673,1107025554.2580580711,64656804.5916368142,17.1215630165,388052787
35747,-21,1285146772.4202227592,1220453999.9991257191,64692772.4210969508,18.8653840966,388401917
35753,-22,1342709305.4509687424,1277985229.1403732300,64724076.3105956316,19.7451288916,388531859
35759,-22,1393575669.2385437489,1328844117.7486481667,64731551.4898955896,20.5285380493,388662891
35771,-19,1270276154.9978706837,1205486120.3312389851,64790034.6666316614,18.6060422183,388921965
35797,-16,1124486543.7696878910,1059606747.4107854366,64879796.3589024097,16.3318445321,389484789
35801,-17,1174790241.2643737793,1109898849.4151129723,64891391.8492608070,17.1039458052,389574025
35803,-18,1239059763.3441247940,1174138089.2398624420,64921674.1042623520,18.0854561353,389620193
35809,-18,1219809910.0387804508,1154876444.0535295010,64933465.9852510616,17.7855351864,389753261
35831,-11,930199312.3921930790,865203391.1656115055,64995921.2265815139,13.3116567138,390228643
35837,-11,952319154.8230078220,887300853.3359063864,65018301.4871013761,13.6469399083,390358381
35839,-12,1010782344.3091804981,945756328.5653638840,65026015.7438165620,14.5442761293,390405017
35851,-11,969276535.3439389467,904198900.7510122061,65077634.5929267630,13.8941574384,390666173
35863,-8,889888524.6184591055,824760530.0045291185,65127994.6139300168,12.6636868660,390925071
35869,-11,1047238215.7946680784,982086247.4788199663,65151968.3158481643,15.0737770917,391057353
35879,-9,983243318.9240622520,918084783.2455717325,65158535.6784904823,14.0900155856,391275435
35897,-9,932686882.7036591768,867442356.7209612131,65244525.9826979861,13.2952511135,391665433
35899,-9,977304071.5544240475,912055426.8024851084,65248644.7519389093,13.9781512746,391712849
35911,-12,1106064240.1377227306,1040747585.5475326777,65316654.5901899785,15.9338776929,391973003
35923,-11,1068625606.2313990593,1003289161.0398820639,65336445.1915169582,15.3557353495,392236931
35933,-11,1130590841.2615442276,1065226607.4266413450,65364233.8349029347,16.2967810518,392452445
35951,-4,807303880.0038479567,741874553.2629474401,65429326.7409005612,11.3385631523,392845619
35993,-5,977323455.2089576721,911728076.0315839052,65595379.1773738116,13.8992728980,393765855
35999,-7,1093174135.7179915905,1027583447.7714841366,65590687.9465074092,15.6666057323,393896931
36007,-11,1298359582.6151578426,1232714605.8483364582,65644976.7668213174,18.7785062401,394068189
36011,-11,1332375339.3197484016,1266715726.6250593662,65659612.6946890727,19.2921595885,394156851
36013,-12,1409630517.4225876331,1343963121.8722012043,65667395.5503864065,20.4662163104,394204861
36017,-14,1500828259.4452466965,1435155193.2852325439,65673066.1600141004,21.8530255583,394291697
36037,-8,1239824870.1007781029,1174043457.1589376926,65781412.9418403581,17.8476473012,394729117
36061,-12,1321770730.6278152466,1255922261.6197171211,65848469.0080982372,19.0729151420,395253253
36067,-12,1314097481.6513435841,1248237810.6965229511,65859670.9548205361,18.9529919084,395384553
36073,-14,1407184470.6412522793,1341288116.3720993996,65896354.2691529393,20.3545117366,395517387
36083,-12,1343905518.0549991131,1277986323.8358616829,65919194.2191374823,19.3871654375,395739711
36097,-13,1419642787.0981910229,1353645719.4930968285,65997067.6050941348,20.5106949235,396043325
36107,-10,1297155727.7063360214,1231158332.4505410194,65997395.2557950765,18.6546503491,396263353
36109,-11,1361059912.0259177685,1295030566.4747600555,66029345.5511577278,19.6129547501,396310595
36131,-6,1183852211.2222046852,1117749926.1442363262,66102285.0779682919,16.9093991959,396788901
36137,-5,1152920585.8637793064,1086805390.5922346115,66115195.2715447992,16.4380576376,396921739
36161,-5,1143521859.9739811420,1077316147.5451729298,66205712.4288081601,16.2722536776,397448133
36187,-5,976964645.3929991722,910657726.7848258018,66306918.6081734225,13.7339774778,398019489
36191,-7,1065268422.5959116220,998953171.8357014656,66315250.7602101639,15.0637019446,398108547
36209,-6,955603964.4682629108,889225240.1756018400,66378724.2926610708,13.3962387746,398507213
36217,-7,981575609.9144392014,915149148.9333182573,66426460.9811208993,13.7768764949,398682109
36229,-7,986319993.6442229748,919859434.0214545727,66460559.6227683574,13.8406814394,398947689
36241,-9,1055611549.2849767208,989091444.6386752129,66520104.6463014856,14.8690602623,399209539
36251,-9,1075264682.2478907108,1008725021.5740585327,66539660.6738320813,15.1597560216,399430487
36263,-7,951218530.9135742188,884646468.0232803822,66572062.8902938589,13.2885542315,399696841
36269,-5,886231205.0103150606,819647358.0113208294,66583846.9989942834,12.3100030256,399829175
36277,-9,1086910387.1912393570,1020279078.2375311852,66631308.9537082314,15.3123072961,400005055
36293,-4,932219479.2721675634,865524657.6113437414,66694821.6608237922,12.9773891894,400359289
36307,-3,965309619.3143044710,898568727.2152892351,66740892.0990152210,13.4635408511,400666807
36313,-4,1005356470.6994937658,938577382.5599179268,66779088.1395757869,14.0549595496,400797513
36319,-6,1082048398.7356133461,1015262891.5302896500,66785507.2053235918,15.2018444422,400933313
36341,-3,930589873.3693434000,863717873.8056378365,66871999.5637055337,12.9159869518,401414115
36343,-4,999981186.3096886873,933106943.0549333096,66874243.2547553554,13.9531589090,401462551
36353,-5,1006118852.3053301573,939201567.9842714071,66917284.3210587204,14.0352612559,401683969
36389,-3,885700917.5892106295,818649220.8059937954,67051696.7832168788,12.2092245250,402476897
36571,-7,1231511430.6496655941,1163785714.4667270184,67725716.1829384714,17.1838081612,406512683
36583,-7,1201127917.5067994595,1133354897.6475279331,67773019.8592715263,16.7228035581,406780775
36587,-9,1311398183.6480009556,1243612095.1201202869,67786088.5278807282,18.3461256156,406870569
36599,-13,1504041014.2574322224,1436240741.9513092041,67800272.3061230630,21.1834066900,407135175
36607,-12,1426811927.9525318146,1358967498.8686223030,67844429.0839093924,20.0306424156,407314549
36629,-6,1208406495.6607964039,1140494012.9918715954,67912482.6689248979,16.7935844512,407806435
36637,-7,1258808665.9328112602,1190833139.0224580765,67975526.9103531986,17.5185569447,407980971
36643,-7,1278792474.0792067051,1210794120.0952684879,67998353.9839382619,17.8062269034,408115923
36653,-7,1251993372.7764151096,1183951928.7730481625,68041444.0033669472,17.4004527111,408338825
36677,-4,1144585881.8220407963,1076474676.2074170113,68111205.6146237403,15.8046633662,408871943
36683,-3,1083146480.7781434059,1015013283.3331104517,68133197.4450330585,14.8974849471,409011899
36697,-4,1161108246.0450568199,1092914095.5306694508,68194150.5143872648,16.0265079525,409319559
36709,-8,1384546947.8670082092,1316300112.5282545090,68246835.3387538046,19.2873428635,409586003
36713,-10,1471994906.7993154526,1403745244.1540315151,68249662.6452838331,20.5677975501,409678755
36721,-10,1501647981.5629141331,1433337865.0737390518,68310116.4891749769,20.9828051648,409856847
36739,-5,1193903462.6952445507,1125557735.1444945335,68345727.5507499874,16.4685895590,410259069
36749,-7,1277100575.0668597221,1208730826.2219500542,68369748.8449095637,17.6793223120,410483329
36761,-5,1256757813.1184244156,1188325909.6771123409,68431903.4413121939,17.3650863109,410748091
36767,-5,1245947709.1959433556,1177513848.7224495411,68433860.4734938294,17.2065968597,410882563
36781,-3,1167989663.7956809998,1099481185.0080251694,68508478.7876558453,16.0488337278,411195999
36787,-7,1355038070.2015357018,1286515939.2886617184,68522130.9128738940,18.7751887186,411327831
36791,-6,1368818197.2973549366,1300290274.9873120785,68527922.3100427836,18.9746052580,411419957
36793,-7,1436861967.1918187141,1368293247.5240411758,68568719.6677774787,19.9550648481,411467115
36809,-5,1398581775.3728017807,1329985943.9310364723,68595831.4417653382,19.3887283816,411821971
36821,-8,1444874405.6656079292,1376230568.0354750156,68643837.6301329136,20.0488582158,412090639
36833,-3,1214289425.3333461285,1145600901.3908092976,68688523.9425367415,16.6781994376,412363431
36847,-5,1339852457.5263662338,1271116245.7384786606,68736211.7878875434,18.4926723873,412672047
36857,-4,1277007210.3019165993,1208224604.0581879616,68782606.2437285334,17.5658450594,412897095
36871,-7,1449716113.7658715248,1380886248.9447348118,68829864.8211368024,20.0623123775,413209259
36877,-9,1565410353.0407745838,1496537412.0643694401,68872940.9764050841,21.7289604720,413343557
36887,-10,1623446616.7234852314,1554562248.4207482338,68884368.3027370572,22.5677071116,413568381
36899,-13,1685141733.4618036747,1616222078.1385869980,68919655.3232167214,23.4508148736,413838503
36901,-14,1754696032.5751061440,1685730803.8495061398,68965228.7255999446,24.4431989134,413885001
36913,-15,1787598105.2344939709,1718596557.8033907413,69001547.4311032742,24.9066379202,414153035
36919,-15,1858820613.5415863991,1789803892.9173743725,69016720.6242121309,25.9329025884,414287595
36923,-16,1930901561.8943319321,1861882504.0668785572,69019057.8274532557,26.9763535272,414380173
36929,-18,2046666781.6958835125,1977610555.0318653584,69056226.6640181392,28.6376862821,414512495
36931,-18,2097137229.3001735210,2028075554.2840442657,69061675.0161291659,29.3661506734,414559263
36943,-21,2309214856.5596842766,2240112942.3932480812,69101914.1664363891,32.4175237317,414826317
36947,-22,2382629501.9966249466,2313502840.0319876671,69126661.9646370560,33.4675908583,414915515
36973,-18,2113280279.3558981419,2044056752.6568529606,69223526.6990450770,29.5283532944,415501065
36979,-18,2098083823.0949301720,2028851082.3280642033,69232740.7668659836,29.3047922104,415638181
36997,-15,1972107057.1422889233,1902794298.1962177753,69312758.9460711032,27.4522948896,416036991
37003,-15,1970144485.1261239052,1900813555.9925303459,69330929.1335935891,27.4165308290,416177283
37013,-17,2081586235.9152560234,2012212336.3456790447,69373899.5695768893,29.0053225901,416400939
37019,-19,2219256601.0533995628,2149872363.2670192719,69384237.7863802016,30.9850253005,416535379
37021,-20,2279657968.4707612991,2210250168.8074932098,69407799.6632679999,31.8444062415,416582253
37039,-16,2047951887.7015366554,1978492668.6177172661,69459219.0838194489,28.4842342703,416984089
37049,-15,2045521485.8039503098,1976032083.3548495770,69489402.4491007328,28.4364523756,417212565
37057,-17,2189320205.7286324501,2119784708.3743870258,69535497.3542455584,30.4849291230,417390901
37061,-20,2318242033.5811758041,2248688383.3010635376,69553650.2801121622,32.3302712977,417480097
37087,-11,1898838162.5256783962,1829203986.5554151535,69634175.9702632129,26.2687676140,418066187
37097,-14,1988422360.3562817574,1918743586.3540413380,69678774.0022404045,27.5369883272,418292633
37117,-15,2041434131.2468457222,1971668360.7521224022,69765770.4947232753,28.2612568710,418739245
37123,-14,2017502432.9333088398,1947718315.5488269329,69784117.3844819963,27.9106247747,418877261
37139,-12,1857350587.2255578041,1787519365.6419954300,69831221.5835624188,25.5977100945,419242639
37159,-7,1601909441.7904033661,1531997229.7522163391,69912212.0381870270,21.9131563012,419692981
37171,-8,1649346715.7162194252,1579364989.4608020782,69981726.2554174513,22.5682485124,419960249
37181,-9,1706033758.9409453869,1636022331.9862787724,70011426.9546666145,23.3679329668,420186113
37189,-8,1661859447.8913135529,1591827281.2468874454,70032166.6444262266,22.7299447885,420372537
37199,-12,1790655556.1600201130,1720613676.3495814800,70041879.8104387075,24.5654982563,420595481
37201,-13,1862169753.3744070530,1792071454.8425483704,70098298.5318585932,25.5651205860,420642279
37217,-14,1913008061.8895323277,1842864922.0148334503,70143139.8746989220,26.2729174272,421003783
37223,-19,2154461639.6269817352,2084326882.5436861515,70134757.0832954049,29.7188864584,421139203
37243,-17,1967236616.7445514202,1896993403.3037939072,70243213.4407575876,27.0060737598,421593529
37253,-19,2078141855.9177932739,2007874091.1415681839,70267764.7762251347,28.5746116663,421821691
37273,-23,2255111933.4963574409,2184760795.3250384331,70351138.1713190079,31.0550881210,422269911
37277,-23,2265866969.2548141479,2195514735.7453718185,70352233.5094424784,31.2074631639,422361255
37307,-26,2196252717.0839719772,2125774587.5704011917,70478129.5135710239,30.1621879332,423038299
37309,-27,2278654824.7207145691,2208190513.6564798355,70464311.0642345101,31.3377152250,423088037
37313,-28,2325782643.5194773674,2255285099.8999056816,70497543.6195717901,31.9909742114,423178377
37321,-31,2470712033.9288611412,2400166595.9214916229,70545438.0073695630,34.0229880729,423359925
37337,-31,2362920580.5344500542,2292344135.5989079475,70576444.9355419278,32.4803004415,423720409
37339,-32,2432253271.7701158524,2361652992.2412753105,70600279.5288407207,33.4510430837,423768329
37357,-32,2386006695.6770210266,2315333577.3022761345,70673118.3747447729,32.7611633751,424173949
37361,-32,2438671508.2386512756,2367995581.3712863922,70675926.8673648983,33.5049809225,424266207
37363,-32,2487921767.7500839233,2417239758.9040517807,70682008.8460323662,34.1987982284,424315039
37369,-32,2540272535.3465085030,2469559065.4136676788,70713469.9328407347,34.9234603783,424450337
37379,-34,2618141279.2756953239,2547418792.1838831902,70722487.0918119848,36.0199265741,424675121
37397,-33,2489211383.4672770500,2418394113.7720618248,70817269.6952151507,34.1497790607,425085785
37409,-30,2355393437.9982318878,2284529722.6313443184,70863715.3668873459,32.2383565525,425360937
37423,-35,2593980740.5955233574,2523046568.1706819534,70934172.4248414189,35.5688447743,425675597
37441,-28,2302557538.5977783203,2231537050.6762199402,71020487.9215585142,31.4210323807,426086637
37447,-30,2377544205.6896872520,2306534168.2851533890,71010037.4045339525,32.4818047221,426222009
37463,-27,2271922330.5004158020,2200864400.2298016548,71057930.2706141770,30.9728188233,426589513
37483,-27,2240269966.2113270760,2169129888.0801000595,71140078.1312271208,30.4909685941,427041187
37489,-26,2187599822.5916776657,2116423502.1472930908,71176320.4443844110,29.7349383746,427178975
37493,-25,2170023156.0106630325,2098846052.7181384563,71177103.2925244719,29.4876576262,427270399
37501,-26,2268052150.9638009071,2196833523.6539139748,71218627.3098869473,30.8463334191,427450507
37507,-30,2442298601.8778200150,2371043907.3048524857,71254694.5729676038,33.2756167368,427586859
37511,-30,2445732027.1235151291,2374486842.8777627945,71245184.2457525283,33.3283837780,427681321
37517,-30,2523606775.4550728798,2452338728.0438065529,71268047.4112663120,34.4100731972,427818259
37529,-32,2569347248.9350423813,2498048541.9298248291,71298707.0052175671,35.0363792957,428091639
37537,-30,2488494032.8728218079,2417138265.7386569977,71355767.1341648400,33.8744626092,428273127
37547,-32,2609958515.0751867294,2538587128.5847945213,71371386.4903924018,35.5686957115,428501291
37549,-33,2679782073.2824640274,2608374849.1070709229,71407224.1753931195,36.5281647512,428549493
37561,-32,2687390346.9401869774,2615940537.4620637894,71449809.4781229794,36.6122814962,428821005
37567,-36,2876898541.5208745003,2805429750.1860208511,71468791.3348538280,39.2539134605,428956921
37571,-38,2987434238.0248236656,2915951518.7270812988,71482719.2977424562,40.7923977623,429047751
37573,-39,3048382524.3435301781,2976891619.3299913406,71490905.0135390013,41.6401445578,429097321
37579,-39,3033647068.0964374542,2962141443.2461838722,71505624.8502534330,41.4252927577,429237339
37589,-35,2898376070.2575798035,2826843924.8764867783,71532145.3810927868,39.5185117099,429461721
37591,-37,2986917905.8316588402,2915360144.6208333969,71557761.2108256668,40.7413548900,429507853
37607,-37,2985695822.3442201614,2914091627.7380809784,71604194.6061393470,40.6972195381,429873213
37619,-39,3015633545.0088229179,2944002384.7975020409,71631160.2113207728,41.0994653181,430148919
37633,-38,2957966206.1550030708,2886231706.6098890305,71734499.5451141894,40.2349179950,430468345
37643,-37,2943247864.6633954048,2871486459.5234045982,71761405.1399907470,40.0143566576,430696521
37649,-38,3020546742.0784134865,2948773461.0230779648,71773281.0553353429,41.0845570617,430834515
37657,-39,3057745804.8468093872,2985925086.9274463654,71820717.9193631262,41.5747039772,431015715
37663,-40,3061104405.4068493843,2989286325.3584179878,71818080.0484315157,41.6230331324,431156463
37691,-41,2999125518.0621266365,2927204907.1514625549,71920610.9106640816,40.7005011510,431794367
37693,-42,3073779211.3490438461,3001833638.0342822075,71945573.3147615343,41.7236738792,431844585
37699,-43,3187512176.9396533966,3115569547.4717154503,71942629.4679378718,43.3063062959,431979941
37717,-44,3169419907.4919905663,3097381657.8064517975,72038249.6855386496,42.9963480696,432389955
37747,-40,2905338869.5728292465,2833187219.0137772560,72151650.5590519309,39.2671158187,433077401
37781,-34,2413022047.1345448494,2340757283.1677360535,72264763.9668090045,32.3914056406,433857975
37783,-35,2493808152.1450419426,2421518163.4192433357,72289988.7257986069,33.4972823499,433908343
37799,-36,2482199713.9327988625,2409902159.1717038155,72297554.7610948384,33.3331074216,434272891
37811,-36,2472984216.9655566216,2400592995.4241328239,72391221.5414236933,33.1613826139,434547045
37813,-37,2535751531.0146555901,2463345212.3981723785,72406318.6164831668,34.0211359929,434596823
37831,-36,2457295031.2978448868,2384821314.2862281799,72473717.0116169006,32.9060163135,435006709
37847,-33,2264725050.0214672089,2192207381.3508138657,72517668.6706534326,30.2299759705,435377421
37853,-32,2217815274.3499507904,2145264817.4664335251,72550456.8835170865,29.5692806030,435515155
37861,-34,2323838765.7834072113,2251245411.9798808098,72593353.8035265654,31.0117289535,435698911
37871,-35,2333246147.9738368988,2260633107.5899901390,72613040.3838467002,31.1326050478,435928435
37879,-36,2424102038.3487896919,2351449713.9642629623,72652324.3845266700,32.3657877967,436113969
37889,-36,2440238138.1772007942,2367544266.6131310463,72693871.5640697181,32.5686913583,436345295
37897,-35,2394306073.5393719673,2321583540.5142078400,72722533.0251640975,31.9238541885,436524953
37907,-37,2402957186.7355217934,2330212631.9166021347,72744554.8189195246,32.0328117715,436757753
37951,-25,1676643307.5297942162,1603702313.0388028622,72940994.4909913838,21.9862962416,437771493
37957,-26,1717967319.9625809193,1645014308.9307184219,72953011.0318623930,22.5489570021,437912951
37963,-24,1645884134.7764904499,1572900144.0512061119,72983990.7252842486,21.5513036273,438047557
37967,-27,1774018871.1922624111,1701036680.5869719982,72982190.6052903235,23.3075585493,438143219
37987,-30,1852874164.0879225731,1779795554.6798522472,73078609.4080702364,24.3545350561,438602625
37991,-30,1881277252.9668617249,1808194752.3424186707,73082500.6244430542,24.7418292600,438695547
37993,-31,1961385189.6558701992,1888290032.7163193226,73095156.9395507872,25.8333125172,438746193
37997,-31,1986142144.6165196896,1913038540.9499795437,73103603.6665401906,26.1688678123,438835601
38011,-36,2257589074.2481317520,2184426015.3616199493,73163058.8865118325,29.8569530663,439158149
38039,-31,1875365064.5262010098,1802098569.6296894550,73266494.8965116292,24.5964894619,439803899
38047,-32,1910364511.9177556038,1837076854.5181009769,73287657.3996545076,25.0666608772,439990137
38053,-33,1966471489.5270538330,1893138779.6349110603,73332709.8921428621,25.8157482850,440130255
38069,-32,1858600741.8227939606,1785230726.9054102898,73370014.9173837006,24.3318844751,440500797
38083,-31,1786732335.6494433880,1713295672.2662737370,73436663.3831697255,23.3302494059,440824169
38113,-23,1342920857.3205132484,1269362485.8814003468,73558371.4391130060,17.2565332952,441520597
38119,-23,1353019963.7475671768,1279445625.1702980995,73574338.5772691220,17.3898352321,441658785
38149,-23,1235379770.5335586071,1161684274.2551352978,73695496.2784232497,15.7633007839,442354139
38153,-24,1312193610.8317549229,1238486058.3798341751,73707552.4519207627,16.8027022629,442448519
38167,-23,1210000621.6730601788,1136239904.3835997581,73760717.2894603312,15.4044042159,442769193
38177,-21,1165773400.1160795689,1091987161.2002174854,73786238.9158621430,14.7993335511,443003113
38183,-21,1145311775.5198209286,1071498383.3863319159,73813392.1334890723,14.5163140782,443143177
38189,-24,1265832059.4801826477,1191988251.4021275043,73843808.0780551732,16.1420203322,443282879
38197,-25,1277258833.5964610577,1203382365.9344444275,73876467.6620165259,16.2891161965,443468043
38201,-26,1349616772.8037831783,1275710370.3922441006,73906402.4115391672,17.2611618042,443560551
38219,-30,1479228542.7136082649,1405296822.8836417198,73931719.8299664855,19.0080364168,443979167
38231,-31,1577120307.1211261749,1503128178.0569832325,73992129.0641430616,20.3147036998,444254949
38237,-35,1788775090.3407688141,1714745641.5938436985,74029448.7469250709,23.1630205360,444392655
38239,-37,1888169184.6499280930,1814137825.8567111492,74031358.7932169288,24.5049916067,444443635
38261,-34,1750674067.4744577408,1676557645.6417875290,74116421.8326701522,22.6205961403,444951649
38273,-31,1629201579.4696073532,1555011567.9317803383,74190011.5378270000,20.9598507360,445231197
38281,-31,1610513048.9474558830,1536290517.2099883556,74222531.7374674827,20.6984386176,445420627
38287,-31,1659783822.2683269978,1585562301.0759575367,74221521.1923694462,21.3625681016,445556559
38299,-28,1521863892.1124000549,1447595889.7216293812,74268002.3907707185,19.4915150956,445838849
38303,-31,1678763413.7233626842,1604505550.5819468498,74257863.1414158791,21.6072141414,445933827
38317,-33,1835596617.7552387714,1761251676.7731673717,74344940.9820713103,23.6902693513,446255793
38321,-35,1958523815.1604185104,1884161404.0666906834,74362411.0937277675,25.3375512756,446349149
38327,-34,1911645057.5905704498,1837268733.8590652943,74376323.7315051407,24.7023332384,446488807
38329,-35,1993245550.1103222370,1918855270.6350946426,74390279.4752275050,25.7944355657,446539901
38333,-37,2081602727.7925364971,2007192107.0960915089,74410620.6964450181,26.9745378860,446635089
38351,-37,1899501309.0036017895,1825032239.5556504726,74469069.4479513019,24.5072518441,447051685
38371,-36,1872788132.4674727917,1798230455.0545303822,74557677.4129423797,24.1186490439,447514985
38377,-37,1944612778.9123153687,1870027075.3207249641,74585703.5915905088,25.0721919252,447656215
38393,-38,1879755161.0697331429,1805124824.8246190548,74630336.2451139987,24.1875477942,448033351
38431,-24,1230880536.1910295486,1156074373.1261653900,74806163.0648641735,15.4542664102,448916907
38447,-22,1137731925.2973654270,1062902899.7428280115,74829025.5545375198,14.2044199008,449288171
38449,-23,1213901135.7826457024,1139028820.1960299015,74872315.5866159201,15.2129503578,449339289
38453,-25,1319037289.2635374069,1244182049.6902828217,74855239.5732545257,16.6211751747,449434281
38459,-25,1299730639.9948630333,1224844011.4952452183,74886628.4996177852,16.3559775094,449571557
38461,-26,1365366153.5689492226,1290455151.9975368977,74911001.5714123994,17.2265104581,449620255
38501,-23,1131889596.5615670681,1056824873.5020017624,75064723.0595653057,14.0788486312,450552197
38543,-15,492060779.0481745601,416848518.6684628725,75212260.3797116727,5.5422947876,451538061
38557,-17,593484678.7209452391,518191217.0585080385,75293461.6624371856,6.8822870621,451860683
38561,-18,654848460.0686287880,579544109.2918576002,75304350.7767711431,7.6960242445,451958087
38567,-21,811211278.5065879822,735899638.1042977571,75311640.4022902399,9.7713930300,452099175
38569,-22,894135732.9314373732,818814678.2244225740,75321054.7070147842,10.8709932622,452150589
38593,-17,583300083.6779713631,507866272.2259919643,75433811.4519793391,6.7326078644,452708989
38603,-15,491942836.6227806807,416489955.2036037445,75452881.4191769660,5.5198681266,452945893
38609,-19,721031054.9564763308,645569178.1080312729,75461876.8484450281,8.5549048747,453085151
38611,-20,798377946.8811485767,722869704.8862401247,75508241.9949085116,9.5733880936,453132399
38629,-17,700666809.3951379061,625095496.7645274401,75571312.6306104660,8.2715977135,453554181
38639,-16,693870324.0117920637,618311141.2838590145,75559182.7279330194,8.1831369658,453789971
38651,-18,756058889.9640200138,680411207.9122265577,75647682.0517935157,8.9944753026,454069207
38653,-19,845809662.5135244131,770165723.4062215090,75643939.1073029488,10.1814597772,454120737
38669,-16,809021805.9338040352,733305582.8767132759,75716223.0570907593,9.6849202624,454491353
38671,-16,864463814.2815736532,788743009.8334206343,75720804.4481530339,10.4164636863,454540325
38677,-18,935555971.7693681717,859807834.1619204283,75748137.6074476838,11.3508775439,454677779
38693,-15,757704143.8660724163,681891429.7198029757,75812714.1462693810,8.9944204926,455059287
38699,-18,909986748.6335672140,834173207.3531681299,75813541.2803990543,11.0029579580,455201051
38707,-19,945419194.7515994310,869565105.5204323530,75854089.2311670780,11.4636549504,455387345
38711,-20,984744132.1987812519,908866497.5880098343,75877634.6107714176,11.9780552234,455479627
38713,-21,1067731591.2424908876,991837293.1610723734,75894298.0814185143,13.0686667936,455531233
38723,-20,969457797.2406623363,893537395.6436353922,75920401.5970268846,11.7693976434,455768557
38729,-21,1048804958.6534765959,972859291.0648674965,75945667.5886091143,12.8099379722,455909759
38737,-23,1229777699.9318962097,1153782425.9544131756,75995273.9774830192,15.1822918133,456095411
38747,-24,1314467662.6696817875,1238454200.5379660130,76013462.1317158341,16.2925640512,456328599
38749,-25,1404257721.6484844685,1328237751.6827061176,76019969.9657783806,17.4722214739,456380257
38767,-23,1338113738.0722730160,1262002939.7574632168,76110798.3148097396,16.5811286664,456799299
38783,-21,1278047910.7005395889,1201893047.6727778912,76154863.0277616680,15.7822232211,457178429
38791,-20,1203671107.2680754662,1127475604.4180874825,76195502.8499879837,14.7971410680,457367919
38803,-20,1239531970.7328014374,1163290320.9567286968,76241649.7760726660,15.2579374184,457647877
38821,-21,1254346921.5084021091,1178028606.0531198978,76318315.4552821219,15.4357259987,458074325
38833,-19,1236753288.4879617691,1160382382.8766131401,76370905.6113487184,15.1940372265,458356509
38839,-19,1222946962.7035291195,1146574453.6690416336,76372509.0344875008,15.0129211174,458502161
38851,-20,1328166393.8087620735,1251720964.0409593582,76445429.7678027153,16.3740457454,458782537
38861,-19,1347525431.5606846809,1271056000.4287536144,76469431.1319309473,16.6217530537,459017013
38867,-19,1353404009.4560773373,1276916418.4752805233,76487590.9807967395,16.6944258814,459160049
38873,-19,1365429035.1024892330,1288930713.9650263786,76498321.1374629587,16.8491372726,459304111
38891,-19,1208134125.1406264305,1131549955.1102561951,76584170.0303702354,14.7752460419,459729299
38903,-19,1198774753.1437063217,1122136272.8705413342,76638480.2731650472,14.6419431710,460014847
38917,-19,1318431630.2184288502,1241730386.5009658337,76701243.7174629569,16.1891819000,460340229
38921,-18,1304932023.1573965549,1228224397.4087457657,76707625.7486508936,16.0117639599,460435137
38923,-18,1358328403.4081399441,1281618222.3352656364,76710181.0728743374,16.7072767188,460486009
38933,-18,1416946387.7934949398,1340216279.4824542999,76730108.3110406846,17.4666282765,460723317
38953,-14,1174343219.6702473164,1097492795.1395299435,76850424.5307174027,14.2808943716,461193935
38959,-12,1087335508.3967041969,1010490201.5644946098,76845306.8322095424,13.1496670808,461340467
38971,-12,1075943450.6937105656,999030518.1385250092,76912932.5551854819,12.9891096978,461620187
38977,-15,1203678754.5195598602,1126730272.2620992661,76948482.2574605942,14.6426575185,461762129
38993,-10,991020307.9769794941,914029923.2094496489,76990384.7675298154,11.8720009774,462145677
39097,-3,807249644.6651852131,729843564.3480739594,77406080.3171113133,9.4287627194,464606685
39103,-3,792645351.8367953300,715218023.8000049591,77427328.0367904156,9.2372814862,464754173
39107,-3,819917699.4741027355,742477092.0494788885,77440607.4246238768,9.5876971623,464849211
39113,-5,944390023.1852252483,866931128.6679050922,77458894.5173202157,11.1921443505,464995013
39119,-3,854294537.4453454018,776829387.3444750309,77465150.1008704007,10.0281144015,465134843
39133,-5,880927155.6843494177,803375181.7999480963,77551973.8844013512,10.3591841904,465468137
39139,-6,944073038.7068163157,866510667.0702401400,77562371.6365762204,11.1717917953,465611465
39157,-3,734944261.1338018179,657297753.7634537220,77646507.3703480512,8.4652584646,466036717
39161,-5,855801963.0110480785,778132505.3377509117,77669457.6732971668,10.0185134369,466131353
39163,-5,908244500.4573152065,830578108.5252946615,77666391.9320205301,10.6941765655,466183233
39181,-8,1011221540.3562576771,933481816.3799569607,77739723.9763007015,12.0077840341,466609505
39191,-9,1084353618.4802761078,1006583471.5565371513,77770146.9237389266,12.9430573475,466849441
39199,-8,1085864886.6922030449,1008080637.4365881681,77784249.2556149065,12.9599584374,467038887
39209,-9,1119349370.9770846367,1041499206.5325406790,77850164.4445440024,13.3782531349,467277103
39217,-8,1040582527.7349168062,962691993.3051264286,77890534.4297904074,12.3595504942,467466547
39227,-10,1141633128.2122621536,1063728717.1567373276,77904411.0555247515,13.6542809675,467705779
39229,-11,1208731073.3454077244,1130796961.7843782902,77934111.5610294044,14.5096535924,467756189
39233,-13,1310948624.4363598824,1233013241.2044401169,77935383.2319197953,15.8209684751,467856825
39239,-12,1326795952.1930553913,1248856589.9220824242,77939362.2709729820,16.0234386520,467992737
39241,-13,1403140037.6146469116,1325146186.2689349651,77993851.3457118422,16.9903930041,468042343
39251,-15,1518694655.7133970261,1440682928.4706561565,78011727.2427408546,18.4675173771,468278615
39293,-18,1376266086.8192200661,1298088395.9504458904,78177690.8687740862,16.6043327901,469280997
39301,-18,1384177210.6127529144,1305952010.1192004681,78225200.4935524613,16.6947735753,469472301
39313,-20,1446125405.7617926598,1367829227.8127186298,78296177.9490741342,17.4699361277,469759089
39317,-23,1581579288.2419717312,1503308310.4641430378,78270977.7778287530,19.2064588069,469856877
39323,-25,1736458118.7831268311,1658168451.5856449604,78289667.1974817812,21.1799144248,470001885
39341,-22,1480068526.0757150650,1401692942.3639543056,78375583.7117608339,17.8843062594,470427807
39343,-22,1533304667.3909983635,1454927057.2468390465,78377610.1441593915,18.5630444022,470479939
39359,-26,1765938429.5358672142,1687518757.2084770203,78419672.3273902982,21.5190743231,470858665
39367,-23,1640839548.2471454144,1562374712.3885037899,78464835.8586416095,19.9117820778,471050669
39371,-24,1730136148.5942926407,1651649685.8171882629,78486462.7771043330,21.0437523539,471144547
39373,-25,1796973154.5182795525,1718467364.4423625469,78505790.0759170353,21.8896894456,471196205
39383,-23,1686173434.0248651505,1607645365.0551087856,78528068.9697564691,20.4722386039,471436439
39397,-24,1711188174.1448802948,1632582340.1382808685,78605834.0065993220,20.7692261111,471768949
39409,-23,1686820332.0563480854,1608182067.2299890518,78638264.8263589740,20.4503757907,472058247
39419,-22,1680696735.5347251892,1602034939.2115569115,78661796.3231682479,20.3661118115,472296447
39439,-22,1557816387.9116511345,1479060244.8680994511,78756143.0435517430,18.7802524058,472777669
39443,-21,1546447640.1056499481,1467667462.2416491508,78780177.8640008718,18.6299079545,472875015
39451,-21,1524128029.5303890705,1445312677.4567623138,78815352.0736266524,18.3379587787,473065941
39461,-24,1754235843.5297505856,1675385647.7471845150,78850195.7825659662,21.2477043477,473301809
39499,-24,1645893333.4006357193,1566893818.5683162212,78999514.8323194385,19.8342207784,474215939
39503,-24,1682372038.2882201672,1603361414.0824568272,79010624.2057633698,20.2929850283,474310227
39509,-24,1694736571.9961113930,1615702373.1205904484,79034198.8755209446,20.4430790229,474454265
39511,-25,1766685369.6923243999,1687633723.7118539810,79051645.9804704785,21.3484956927,474504285
39521,-25,1746629637.1023082733,1667523793.9147350788,79105843.1875732839,21.0796538754,474745153
39541,-17,1345210303.7966976166,1266037187.6453847885,79173116.1513127834,15.9907459652,475225003
39551,-18,1360139524.9064130783,1280933039.2144174576,79206485.6919957399,16.1720726279,475464799
39563,-16,1266515783.5654459000,1187279032.9824635983,79236750.5829823911,14.9839439938,475754641
39569,-19,1442543596.7676584721,1363259648.1359207630,79283948.6317376196,17.1946487487,475899131
39581,-18,1416168111.0058639050,1336835479.5332159996,79332631.4726479501,16.8510164697,476185575
39607,-19,1419006505.0613894463,1339558803.3240361214,79447701.7373534441,16.8608880311,476810633
39619,-18,1380822961.9208338261,1301343314.6576735973,79479647.2631601244,16.3732900116,477101959
39623,-21,1534682078.6117630005,1455193078.3233518600,79489000.2884111553,18.3068484072,477198873
39631,-19,1435137412.1936018467,1355609624.0958840847,79527788.0977177322,17.0457352898,477390995
39659,-14,1053001926.4156677723,973370978.0863299370,79630948.3293378800,12.2235261353,478064795
39667,-13,1004027681.0412729979,924347748.9341874123,79679932.1070856005,11.6007597458,478256245
39671,-16,1180612829.0513274670,1100946905.0363345146,79665924.0149928629,13.8195460437,478353751
39679,-15,1107099215.8918867111,1027393333.5971318483,79705882.2947547436,12.8898056708,478548469
39703,-15,1146974313.9326233864,1067161139.3641197681,79813174.5685035139,13.3707391685,479124389
39709,-15,1164315799.2212154865,1084477364.9132976532,79838434.3079178929,13.5833997036,479274303
39719,-16,1162386679.7066481113,1082517633.1330428123,79869046.5736052394,13.5536566364,479512295
39727,-16,1212872742.5996220112,1132959897.7018117905,79912844.8978101313,14.1774441787,479703449
39733,-14,1153546595.1897940636,1073586036.2457029819,79960558.9440910369,13.4264448676,479848839
39749,-10,984559094.3958830833,904563523.9479669333,79995570.4479161352,11.3076701483,480236789
39761,-9,914044390.0516716242,833973258.4163142443,80071131.6353573948,10.4154049204,480528165
39769,-8,849515046.7256366014,769420515.6909039021,80094531.0347327143,9.6064051534,480718633
39779,-4,737072091.2427752018,656981336.1025586128,80090755.1402165741,8.2029609404,480964037
39821,-3,581036002.3878844976,500729632.9632096291,80306369.4246748984,6.2352418189,481976257
39827,-3,585269550.5707519054,504953680.1821954846,80315870.3885564804,6.2870971545,482122989
39829,-4,679397513.5400062799,599071423.8508739471,80326089.6891323775,7.4579931149,482176087
39841,-3,753560984.6184358597,673170384.5133305788,80390600.1051053107,8.3737449855,482465335
39847,-5,937328190.0075958967,856934481.1775909662,80393708.8300049156,10.6592231363,482607539
39857,-5,952497018.2361131907,872068498.8607203960,80428519.3753927946,10.8427769855,482851411
39863,-7,1048584183.3780047894,968127794.9348890781,80456388.4431157261,12.0329511884,483000243
39869,-9,1144051065.5503015518,1063574177.5552147627,80476887.9950867146,13.2158959429,483142753
39877,-7,1065666640.1921701431,985142829.0708227158,80523811.1213473827,12.2341803667,483334721
39883,-8,1122414327.1093592644,1041861426.1800886393,80552900.9292705059,12.9338784099,483482601
39887,-10,1242880687.6451871395,1162327982.9015600681,80552704.7436271310,14.4294097461,483576963
39901,-9,1169174299.4833207130,1088527189.5361170769,80647109.9472036809,13.4974110076,483916957
39929,-11,1284408948.2384939194,1203676102.9731416702,80732845.2653522342,14.9093729946,484596083
39937,-12,1354826712.0392355919,1274055795.9055149555,80770916.1337206662,15.7736949993,484787675
39953,-11,1283553834.7564618587,1202718681.9589481354,80835152.7975137979,14.8786591023,485179191
39971,-8,1105175346.1048288345,1024271955.6329102516,80903390.4719186723,12.6604330135,485615253
39979,-6,1027478676.0852929354,946547087.5558907986,80931588.5294021070,11.6956444913,485810687
39983,-5,1029615865.1920626163,948694726.1762665510,80921139.0157961249,11.7236946701,485913291
39989,-6,1141738639.0037715435,1060768550.0173214674,80970088.9864500761,13.1007457605,486058129
40009,-10,1370063350.3731045723,1289008392.5564584732,81054957.8166462034,15.9028938794,486539893
40013,-11,1446728778.1225039959,1365664585.9527177811,81064192.1697861850,16.8467056711,486639709
40031,-8,1251125844.7258756161,1170004587.1151621342,81121257.6107134372,14.4229098707,487075587
40037,-9,1321154225.9677591324,1239987784.8830170631,81166441.0847421736,15.2770993567,487220041
40039,-11,1429225293.6624116898,1348083543.3126714230,81141750.3497401625,16.6139322544,487273421
40063,-6,1114625271.6380243301,1033348779.9648978710,81276491.6731264591,12.7139934155,487854749
40087,-5,956107591.1640176773,874721053.8664947748,81386537.2975229174,10.7477364551,488437563
40093,-3,861082047.4774286747,779674644.2939811945,81407403.1834475100,9.5774415324,488585937
40111,-4,966000575.3867857456,884530928.0384269953,81469647.3483587056,10.8571837099,489023731
40123,-9,1221670273.7324302197,1140149063.6298182011,81521210.1026119888,13.9859192742,489316953
40127,-9,1281461350.6184949875,1199950256.7928979397,81511093.8255969584,14.7213121610,489415521
40129,-10,1362899039.5649926662,1281334612.2458248138,81564427.3191678971,15.7094784376,489467167
40151,-10,1296498938.9190366268,1214874890.1239802837,81624048.7950563431,14.8837861887,489997977
40153,-11,1373030222.7125499249,1291372625.7940976620,81657596.9184522629,15.8144823571,490049551
40163,-14,1453700900.8000407219,1372016989.5580883026,81683911.2419523895,16.7966612849,490294103
40169,-15,1550683678.3116247654,1468999782.0174374580,81683896.2941873223,17.9839582667,490441613
40177,-19,1724741936.8597054482,1642985615.2729759216,81756321.5867296308,20.0961293682,490634829
40189,-19,1716026709.3233840466,1634237256.4391953945,81789452.8841887563,19.9810268783,490926405
40193,-20,1775164006.6767988205,1693372046.6855113506,81791959.9912873805,20.7034046729,491029425
40213,-17,1511142854.9145486355,1429264558.5152163506,81878296.3993323892,17.4559635626,491516725
40231,-14,1407108877.2664420605,1325138115.0468950272,81970762.2195469588,16.1659850313,491952499
40237,-14,1451783872.8638768196,1369801936.1768486500,81981936.6870280653,16.7085822991,492100305
40241,-14,1519917994.6562275887,1437916802.7253715992,82001191.9308559150,17.5353158761,492199157
40253,-10,1295059652.8652977943,1213008253.9250581264,82051398.9402395636,14.7835170343,492496179
40277,-15,1514483670.2798957825,1432350264.4798095226,82133405.8000863492,17.4393141320,493078739
40283,-17,1596496556.3195514679,1514331919.6229388714,82164636.6966125518,18.4304584126,493228963
40289,-19,1743214603.3404450417,1661029901.9176826477,82184701.4227623791,20.2109379624,493375275
40343,-13,1196084885.5495128632,1113682159.5371720791,82402726.0123409033,13.5151130725,494694209
40351,-11,1051894515.6490480900,969457222.5333687067,82437293.1156793833,11.7599351688,494893263
40357,-11,1092383698.4460806847,1009911320.0598148108,82472378.3862658888,12.2454492015,495039297
40361,-14,1272155641.6770882607,1189670552.7517354488,82485088.9253527373,14.4228559156,495139197
40387,-11,1039121694.9208531380,956526791.0481342077,82594903.8727189302,11.5809419976,495776275
40423,-11,824322747.6685757637,741580642.6477533579,82742105.0208224058,8.9625547049,496661885
40427,-11,880556795.8964500427,797799470.5959354639,82757325.3005146384,9.6402278312,496756467
40429,-12,967608962.6181488037,884837334.1005173922,82771628.5176313818,10.6901042054,496810357
40433,-11,964332762.8030064106,881535741.0150376558,82797021.7879687250,10.6469498779,496909033
40459,-5,584041272.3052717447,501169053.5290516615,82872218.7762201279,6.0474916797,497546351
40483,-3,450636717.6180155277,367639654.4724279642,82997063.1455875486,4.4295501616,498134365
40487,-6,638284920.0630681515,555302848.1962738037,82982071.8667943329,6.6918412098,498235479
40493,-7,706955783.2606918812,623930714.4841928482,83025068.7764990479,7.5149677523,498386257
40499,-4,609535950.4079102278,526514591.2914240956,83021359.1164861768,6.3419172716,498532249
40519,-3,603548483.2198847532,520414978.0083268881,83133505.2115578949,6.2599908026,499024713
40529,-5,719157367.7689598799,635988346.1314055920,83169021.6375543028,7.6469379296,499269503
40531,-7,821427199.6753954887,738232153.3760583401,83195046.2993371487,8.8735109386,499319247
40543,-5,723417037.4070246220,640186767.3330029249,83230270.0740216672,7.6917540549,499618845
40559,-6,730490869.0223486423,647214809.7207406759,83276059.3016080260,7.7719192665,500008415
40577,-3,419983753.9181479216,336599714.1573944092,83384039.7607534975,4.0367403057,500455983
40583,-5,529900789.0838637352,446512516.9936798811,83388272.0901838690,5.3546200899,500601991
40591,-4,507794206.7715258598,424345550.6326610446,83448656.1388647854,5.0851094585,500799189
40597,-6,652724015.3219940662,569269051.7239215374,83454963.5980725288,6.8212725425,500946395
40609,-6,604828306.0030654669,521301571.5640608072,83526734.4390046895,6.2411343514,501243719
40627,-4,396911398.7290856838,313325388.8398790359,83586009.8892066330,3.7485386520,501685747
40637,-4,377288237.7920159101,293671684.6999772191,83616553.0920386612,3.5121237822,501935385
40639,-4,434583421.8663429618,350962100.1738138199,83621321.6925291270,4.1970408153,501988501
40709,-4,278312940.6226134896,194412744.8318761885,83900195.7907373011,2.3171905977,503716059
40763,-4,185824683.5419731736,101699436.5626645088,84125246.9793086499,1.2089050578,505054007
40771,-5,256253269.7569519579,172069826.7669844329,84183442.9899675250,2.0439865686,505250253
40829,-5,355754410.1969181895,271349052.8833876848,84405357.3135304898,3.2148321092,506691351
40841,-5,367994927.4691835642,283524330.1478271484,84470597.3213563859,3.3564854415,506985427
40847,-7,515875211.0905758142,431406228.1575980783,84468982.9329777062,5.1072738558,507133639
40849,-8,597222353.6091032028,512716981.0624015927,84505372.5467016697,6.0672708209,507187157
40853,-9,699196077.4336777925,614686848.6013317108,84509228.8323461115,7.2736061741,507285965
40867,-9,715272673.4588494301,630702770.9670348167,84569902.4918146133,7.4577686906,507630527
40879,-7,628367148.2097917795,543753700.3266494274,84613447.8831423968,6.4263271847,507932465
40883,-6,610396223.3882509470,525765612.1731758118,84630611.2150751799,6.2124756589,508034859
40897,-3,393157796.0124993324,308459833.9165534973,84697962.0959458500,3.6418802328,508377639
40933,-5,492495589.3242142200,407652463.3127226830,84843126.0114915669,4.8047789194,509274495
40939,-10,760929705.7304224968,676064796.3055372238,84864909.4248852432,7.9663644360,509423615
40949,-12,848795452.4373822212,763917700.0482847691,84877752.3890974224,9.0002112279,509672685
40961,-7,589889407.3669664860,504923063.5092742443,84966343.8576922268,5.9426243449,509970151
40973,-8,609401567.9151628017,524387369.1453159451,85014198.7698468715,6.1682327980,510271449
40993,-12,679012396.6654152870,593904369.8068792820,85108026.8585359603,6.9782415564,510767873
41011,-9,527487197.6295186281,442316356.0943427682,85170841.5351758301,5.1932838530,511215453
41017,-10,618615581.9381971359,533417320.6124378443,85198261.3257592618,6.2608944398,511364057
41023,-11,718178999.2618869543,632961769.6997869015,85217229.5621000975,7.4276267012,511513629
41039,-8,563032254.7576750517,477787733.1477421522,85244521.6099328846,5.6049083756,511916355
41047,-6,470125966.9862084985,384809713.6455584764,85316253.3406500071,4.5103916145,512110753
41051,-7,552095371.0159435272,466770974.5977966785,85324396.4181468934,5.4705452859,512213127
41057,-9,612786804.7345746756,527432245.1496019363,85354559.5849727392,6.1793095497,512363241
41077,-5,348663538.3857788444,263209320.2427785695,85454218.1430002600,3.0801208643,512861117
41081,-4,330707058.7896737456,245238136.1472676098,85468922.6424061209,2.8693252303,512962769
41143,-3,166578015.0991230309,80867966.7817011327,85710048.3174218982,0.9435062559,514512809
41149,-3,175031463.5835602880,89280948.5186721385,85750515.0648881644,1.0411709883,514664555
41243,-8,630768616.0620816946,544632458.6047620773,86136157.4573195726,6.3229249444,517019297
41257,-12,885198683.7687988281,799001394.4495481253,86197289.3192507476,9.2694491992,517367429
41263,-14,1046575240.4479383230,960352199.2064169645,86223041.2415214032,11.1379996040,517517121
41269,-15,1059586939.1248154640,973340534.5059974194,86246404.6188180745,11.2855780923,517670651
41281,-12,897607293.9655717611,811296122.9947687387,86311170.9708030373,9.3996653489,517970289
41299,-15,1046209102.9064632654,959857073.6002327204,86352029.3062305450,11.1156284492,518423321
41333,-13,765325631.5588729382,678819511.8850488663,86506119.6738240868,7.8470692530,519275177
41341,-15,860262478.8450258970,773699192.5940444469,86563286.2509814352,8.9379600302,519476065
41351,-13,722055115.1853578091,635471981.1225510836,86583134.0628067255,7.3394430451,519727445
41357,-12,714703683.2161111832,628090864.0278537273,86612819.1882574260,7.2517078871,519878883
41381,-12,631529690.8718290329,544831430.0350933075,86698260.8367356956,6.2842255978,520480299
41387,-10,556234211.1934175491,469502831.8700696230,86731379.3233478814,5.4132983418,520633011
41389,-11,657714743.7840834856,570964042.3182162046,86750701.4658672363,6.5816648473,520688189
41399,-16,957120653.1082048416,870366548.0579072237,86754105.0502976626,10.0325690358,520935377
41411,-15,951358525.2459964752,864537387.7436519861,86821137.5023444295,9.9576832626,521236071
41413,-16,1050338716.6205525398,963474584.0697669983,86864132.5507855266,11.0917424232,521288233
41443,-8,469166691.0476451516,382196837.5318603516,86969853.5157848150,4.3945898732,522045117
41453,-9,605847137.9884123802,518843596.1301208735,87003541.8582915664,5.9634767166,522297319
41467,-8,491740295.5626448989,404672771.7131656408,87067523.8494792581,4.6478038403,522647401
41479,-10,574392123.8575574160,487276115.2417792678,87116008.6157781929,5.5934164453,522952847
41491,-7,382527162.7289881110,295354733.8275798559,87172428.9014082700,3.3881668499,523253555
41507,-5,248731265.7565840483,161502444.8455376327,87228820.9110464305,1.8514803153,523656431
41513,-7,433055527.7211592793,345801020.9794390202,87254506.7417202592,3.9631307756,523810641
41519,-8,542858948.4260131121,455594802.7666991949,87264145.6593139619,5.2208704884,523958567
41521,-9,627204699.3898799419,539887401.5152924061,87317297.8745875061,6.1830520946,524011093
41539,-12,714769332.6111654043,627389641.2312058210,87379691.3799596280,7.1800395644,524463981
41543,-13,798608158.0218180418,711228424.6097552776,87379733.4120627791,8.1395124114,524569249
41549,-15,938395358.1547861099,850983593.1532578468,87411765.0015282184,9.7353438995,524716675
41579,-12,617921178.0798126459,530422232.6257925034,87498945.4540201277,6.0620414323,525477147
41593,-15,815330582.8860341311,727734575.2749865055,87596007.6110475808,8.3078509526,525827857
41597,-16,874107042.2984271049,786497600.7439810038,87609441.5544460863,8.9773155357,525929409
41603,-15,858569490.8355339766,770920484.9339612722,87649005.9015727341,8.7955416836,526081049
41609,-18,1087967319.9264872074,1000308301.6230329275,87659018.3034541756,11.4113564238,526233347
41611,-20,1197866944.3108272552,1110171142.2672832012,87695802.0435440838,12.6593419114,526285323
41617,-18,1158606194.8585405350,1070885141.5552426577,87721053.3032978773,12.2078463633,526431115
41621,-17,1161044237.2139911652,1073318536.4995748997,87725700.7144161612,12.2349383107,526537923
41627,-17,1180131255.3987748623,1092383362.5370790958,87747892.8616957217,12.4491121885,526691831
41641,-18,1320070949.6566455364,1232254523.6069781780,87816426.0496674180,14.0321643574,527042525
41647,-18,1392196593.8438913822,1304379874.2874658108,87816719.5564255863,14.8534342990,527194217
41651,-18,1425921248.5479395390,1338074708.6713654995,87846539.8765740246,15.2319568938,527296651
41659,-20,1566226557.5394530296,1478338496.5145332813,87888061.0249197483,16.8206975928,527499497
41669,-22,1698745016.8029530048,1610831032.7037036419,87913984.0992493629,18.3228077900,527752571
41681,-22,1665870005.4426121712,1577890532.0990712643,87979473.3435408622,17.9347576444,528054895
41687,-23,1719303624.4183180332,1631321266.7024185658,87982357.7158993632,18.5414588680,528209827
41719,-19,1491463449.9218986034,1403336610.2942826748,88126839.6276159883,15.9240546492,529020469
41729,-21,1549797640.9409630299,1461631089.6864733696,88166551.2544896901,16.5780680869,529273107
41737,-22,1558573173.9574646950,1470362330.7169415951,88210843.2405230999,16.6687254843,529474763
41759,-22,1487916573.2317056656,1399644556.4892098904,88272016.7424958497,15.8560391859,530034169
41761,-23,1575929777.4841995239,1487590560.2347667217,88339217.2494328916,16.8395261646,530086679
41771,-22,1511167497.8001611233,1422814367.8606648445,88353129.9394961894,16.1037234203,530336127
41777,-21,1483943203.4571702480,1395566302.6940684319,88376900.7631019056,15.7910753901,530493175
41801,-25,1726125016.7300806046,1637628288.1837933064,88496728.5462872684,18.5049584893,531097957
41809,-24,1661280804.6900417805,1572756892.7239277363,88523911.9661141485,17.7664639733,531308047
41813,-23,1647279581.1370961666,1558766806.3530111313,88512774.7840850800,17.6106421944,531408487
41843,-24,1625799785.7762670517,1537140325.3285839558,88659460.4476831108,17.3375781622,532169175
41849,-23,1568870386.1435220242,1480196305.1091413498,88674081.0343806148,16.6925474484,532319881
41851,-24,1658039739.5752704144,1569318585.5270407200,88721154.0482297540,17.6882120433,532372529
41863,-26,1690839011.9398691654,1602093380.3692965508,88745631.5705725104,18.0526449811,532678999
41879,-23,1528115830.6607694626,1439322463.3823177814,88793367.2784516811,16.2097970546,533086207
41887,-26,1726498146.0940375328,1637670661.0044341087,88827485.0896033943,18.4365307579,533287481
41893,-24,1647039937.5134418011,1558162237.5292906761,88877699.9841511250,17.5315319569,533444323
41897,-24,1678442442.8394522667,1589550581.1433341503,88891861.6961181611,17.8818459960,533546249
41903,-25,1779179490.6058545113,1690283327.4230034351,88896163.1828510165,19.0141313967,533699081
41911,-28,1897007599.0678367615,1808054740.7727572918,88952858.2950793505,20.3259881181,533899599
41927,-31,2106560220.7298836708,2017545666.6395230293,89014554.0903607309,22.6653459904,534305573
41941,-28,1916267920.8535795212,1827174447.9996154308,89093472.8539640754,20.5085107749,534664419
41947,-29,1958827072.8687655926,1869724996.6209554672,89102076.2478101403,20.9840788830,534816291
41953,-31,2120794810.9189386368,2031654995.2197468281,89139815.6991918683,22.7917791762,534968905
41957,-34,2319180607.0737524033,2230059151.3767156601,89121455.6970366389,25.0226966552,535071997
41959,-35,2408313040.8818364143,2319152492.7680721283,89160548.1137641072,26.0109716891,535125617
41969,-33,2307565341.3637266159,2218363896.5031161308,89201444.8606107235,24.8691475791,535381149
41981,-36,2531528100.0584659576,2442285498.0206828117,89242602.0377833098,27.3668118393,535682133
41983,-38,2650710106.0637803078,2561469318.3419032097,89240787.7218769044,28.7028990188,535738105
41999,-38,2633046256.6287326813,2543757719.8069591522,89288536.8217737675,28.4891858502,536146003
42013,-39,2669009668.0846242905,2579622127.2866721153,89387540.7979523093,28.8588555436,536502977
42017,-42,2847055113.4125509262,2757657900.5417790413,89397212.8707721084,30.8472469329,536604589
42019,-42,2908048199.8481001854,2818647621.8950233459,89400577.9530767053,31.5282930651,536660221
42023,-42,2921431522.6426525116,2832018870.5038800240,89412652.1387723088,31.6735808944,536760625
42043,-37,2616895107.4836659431,2527362813.0630035400,89532294.4206625074,28.2285049145,537269533
42061,-36,2493988033.4970111847,2404397555.3011817932,89590478.1958294809,26.8376461843,537731037
42071,-39,2792385747.1219906807,2702759944.4545688629,89625802.6674220264,30.1560472991,537982191
42073,-40,2889480949.7921190262,2799847486.3684277534,89633463.4236914963,31.2366317157,538038277
42083,-42,2960932994.5514326096,2871274531.3986167908,89658463.1528155953,32.0245789458,538294505
42089,-44,3085319632.8198742867,2995627535.3929119110,89692097.4269625098,33.3990130829,538448579
42101,-45,3161910605.8799333572,3072151895.9556560516,89758709.9242771715,34.2267831005,538751291
42131,-44,2949326057.6981134415,2859438467.1019158363,89887590.5961976349,31.8112705896,539521001
42139,-44,3016273756.9702606201,2926368191.6208009720,89905565.3494596928,32.5493553180,539728309
42157,-45,3022971558.0204992294,2932982747.2897410393,89988810.7307581007,32.5927492926,540186967
42169,-47,3111678633.2219958305,3021609492.5780582428,90069140.6439374387,33.5476665035,540493239
42179,-47,3128390278.7706809044,3038323766.6016898155,90066512.1689909548,33.7342225588,540751559
42181,-48,3231248159.1552219391,3141131451.1750602722,90116707.9801616073,34.8562605268,540804105
42187,-46,3204253145.0417685509,3114136553.7817993164,90116591.2599690855,34.5567504301,540953317
42193,-47,3268630975.3756041527,3178467140.8904514313,90163834.4851529151,35.2521291828,541111303
42197,-47,3298387489.1092705727,3208224575.6153187752,90162913.4939518273,35.5825300147,541210903
42209,-47,3333613884.6333217621,3243418699.5029287338,90195185.1303932071,35.9599982506,541521695
42221,-46,3397065733.4638652802,3306804762.3297553062,90260971.1341101229,36.6360423645,541825617
42223,-46,3457971378.4172658920,3367715596.1351881027,90255782.2820779830,37.3130176370,541881397
42227,-48,3598510169.0728979111,3508248651.8693943024,90261517.2035038471,38.8676011723,541982807
42239,-48,3539599804.7538633347,3449286429.5231456757,90313375.2307176292,38.1924207872,542291005
42257,-46,3456359468.5260481834,3365934336.8242740631,90425131.7017741352,37.2234385892,542752363
42281,-44,3226521332.6510987282,3135992277.9166259766,90529054.7344727665,34.6407270805,543365809
42283,-45,3317648832.2909388542,3227117815.2734766006,90531017.0174621940,35.6465432687,543421697
42293,-46,3400106629.6251082420,3309544520.7842311859,90562108.8408769518,36.5444727728,543680437
42299,-49,3604229219.8254604340,3513651507.4895391464,90577712.3359212577,38.7915682222,543832597
42307,-49,3618123380.6914024353,3527483527.1783246994,90639853.5130775422,38.9175775386,544037067
42323,-49,3577166242.7509498596,3486453746.5941715240,90712496.1567781717,38.4341065929,544450357
42331,-49,3539291908.9858350754,3448545467.6042852402,90746441.3815499395,38.0019912087,544654049
42337,-51,3684856863.7582416534,3594058614.3713374138,90798249.3869044781,39.5829064838,544810859
42349,-55,3956986665.0834188461,3866182955.5826625824,90803709.5007560402,42.5773680044,545119895
42359,-57,4057095546.3527741432,3966263292.9477982521,90832253.4049760997,43.6658031070,545377037
42373,-56,3986633423.1500949860,3895703531.5315828323,90929891.6185123026,42.8429360487,545733751
42379,-54,3908964262.4676728249,3818025595.4151110649,90938667.0525618494,41.9846223742,545893969
42391,-54,3959366507.4310746193,3868364669.7317762375,91001837.6992983669,42.5086434245,546200465
42397,-56,4164083201.8928074837,4073064107.6325750351,91019094.2602325976,44.7495565709,546352711
42403,-54,4114427176.0131521225,4023377146.7200837135,91050029.2930686474,44.1886419802,546510339
42407,-53,4102869702.8726043701,4011819433.5874052048,91050269.2851991653,44.0615877919,546611125
42409,-54,4193253605.9428720474,4102163975.0035552979,91089630.9393167794,45.0343681570,546666491
42433,-58,4334958686.2082691193,4243762928.8949480057,91195757.3133206964,46.5346530795,547283105
42437,-59,4416531218.0009279251,4325341746.1475448608,91189471.8533830047,47.4324684444,547385813
42443,-57,4391717109.1198406219,4300518767.0135660172,91198342.1062747091,47.1556682686,547542413
42451,-60,4613794729.6969976425,4522538291.3581809998,91256438.3388168365,49.5585667563,547744159
42457,-61,4712806717.4922046661,4621525085.6866931915,91281631.8055118322,50.6292996113,547899043
42461,-60,4687026311.7253961563,4595744798.5828676224,91281513.1425285786,50.3469392691,548003643
42463,-61,4771158782.7523574829,4679844113.4412584305,91314669.3110986352,51.2496420208,548058199
42467,-62,4857450945.9704170227,4766117891.2497949600,91333054.7206223756,52.1839317192,548163157
42473,-61,4841212056.1269340515,4749866763.7567024231,91345292.3702320009,51.9990318111,548317483
42487,-62,4801070347.3531389236,4709668356.8226804733,91401990.5304588079,51.5269780175,548675067
42491,-62,4853382008.1229181290,4761944552.5709629059,91437455.5519555211,52.0787080505,548781025
42499,-63,4956400384.9292068481,4864952498.9078035355,91447886.0214037001,53.1991794514,548988889
42509,-65,5001457251.6596498489,4909963810.2389955521,91493441.4206540883,53.6646532691,549250843
42533,-67,4982260957.1694574356,4890662660.3966741562,91598296.7727830112,53.3925065499,549869779
42557,-68,5040187520.1169881821,4948475171.4998111725,91712348.6171773076,53.9564763755,550486523
42569,-68,5076607800.8365802765,4984865115.4328670502,91742685.4037134647,54.3352867152,550797057
42571,-69,5178606582.9868698120,5086811023.8412866592,91795559.1455833018,55.4145654887,550849705
42577,-72,5407981900.1425075531,5316176545.9214048386,91805354.2211029828,57.9070424707,551003491
42589,-71,5361532512.6867570877,5269659251.2801427841,91873261.4066144377,57.3579207987,551315303
42611,-71,5285906687.1582632065,5193965775.7398862839,91940911.4183773696,56.4924329726,551883875
42641,-65,4847269364.8314762115,4755181516.3793869019,92087848.4520891458,51.6374483312,552659283
42643,-66,4930131685.4451427460,4838043933.1687383652,92087752.2764043659,52.5373224297,552715387
42649,-66,4969773791.6728410721,4877658267.8970928192,92115523.7757486999,52.9515337694,552873319
42667,-66,4980566814.9361724854,4888369401.4985399246,92197413.4376330376,53.0206783383,553331747
42677,-65,4925834674.5670309067,4833605730.1483659744,92228944.4186650962,52.4087721118,553597577
42683,-66,5045441618.6382331848,4953194055.3203363419,92247563.3178971708,53.6945787744,553752117
42689,-67,5123941015.6101064682,5031646483.0362825394,92294532.5738240480,54.5172757553,553907087
42697,-63,4964272644.1982440948,4871948691.2479104996,92323952.9503335506,52.7701483262,554112233
42701,-66,5159219061.7207393646,5066873671.2513628006,92345390.4693764150,54.8687232302,554217785
42703,-66,5223334819.3655672073,5130996569.2479228973,92338250.1176438928,55.5674009710,554273405
42709,-67,5288558891.2263078690,5196209941.2713003159,92348949.9550077170,56.2671253306,554428703
42719,-69,5447736960.7679691315,5355344618.8994951248,92392341.8684739470,57.9630790886,554687867
42727,-73,5718286316.3820066452,5625841916.5011024475,92444399.8809045255,60.8564923754,554892417
42737,-76,5859330416.4256563187,5766852353.0094890594,92478063.4161676168,62.3591383727,555151599
42743,-74,5806151501.0817279816,5713644932.4458885193,92506568.6358391494,61.7647483493,555313035
42751,-75,5919592988.0020303726,5827028082.8056783676,92564905.1963516474,62.9507270649,555516717
42767,-75,5906746755.4266700745,5814161970.1278495789,92584785.2988209426,62.7982443483,555933531
42773,-77,6004355739.8370475769,5911708247.6586923599,92647492.1783556938,63.8086159556,556090461
42787,-79,6114812926.2770013809,6022112821.1078319550,92700105.1691694111,64.9633871517,556451827
42793,-79,6183359627.9232587814,6090620515.6614923477,92739112.2617668360,65.6747769859,556608109
42797,-79,6257222649.1394996643,6164480495.2074098587,92742153.9320898503,66.4690244279,556714777
42821,-78,6186306303.5036745071,6093469254.4996042252,92837049.0040702820,65.6361799504,557338083
42829,-79,6268390854.9072847366,6175489845.5361385345,92901009.3711461574,66.4738724298,557546687
42839,-83,6505131726.7826871872,6412252158.1426801682,92879568.6400068253,69.0383498980,557807137
42841,-84,6606002744.3582324982,6513022277.0883264542,92980467.2699059993,70.0472095734,557859191
42853,-81,6420833858.1909456253,6327840189.2895145416,92993668.9014307410,68.0459246747,558172555
42859,-83,6539326023.2654037476,6446302621.6590709686,93023401.6063330472,69.2976445748,558330655
42863,-84,6646667806.1409406662,6553650895.1951522827,93016910.9457882941,70.4565527769,558433777
42899,-82,6540596335.9643974304,6447444421.7750329971,93151914.1893644929,69.2142987923,559369423
42901,-83,6640789802.7142734528,6547558836.9900894165,93230965.7241835892,70.2294434701,559421921
42923,-82,6510793526.3083915710,6417517235.4414939880,93276290.8668977022,68.8011623940,559996969
42929,-84,6675935636.9916229248,6582631403.1847991943,93304233.8068234921,70.5501897890,560152939
42937,-85,6758754762.5574674606,6665400333.7246007919,93354428.8328665793,71.3988657748,560360245
42943,-85,6776243416.6426677704,6682867112.9659519196,93376303.6767160594,71.5691974283,560518549
42953,-85,6761046907.6088275909,6667615035.2738075256,93431872.3350203037,71.3633888377,560781443
42961,-88,6925749215.7157945633,6832261723.0166320801,93487492.6991622597,73.0820939332,560983403
42967,-88,7010914665.8783950806,6917406649.1730670929,93508016.7053276151,73.9766160475,561139467
42979,-87,6905411083.1198606491,6811873054.4243345261,93538028.6955256611,72.8246377374,561458015
42989,-82,6634457569.6658563614,6540882082.3284358978,93575487.3374202251,69.8995246345,561720827
43003,-79,6562145641.2420082092,6468508728.1728553772,93636913.0691529214,69.0807558275,562084141
43013,-77,6410810290.6869659424,6317122123.7348508835,93688166.9521148801,67.4271077047,562350025
43019,-80,6654079390.0031995773,6560391171.2897872925,93688218.7134121656,70.0236514407,562504469
43037,-72,6173603117.2664899826,6079810657.5695133209,93792459.6969766021,64.8219555944,562973143
43049,-67,5837548543.5024633408,5743728609.4451961517,93819934.0572672188,61.2207700545,563290341
43051,-68,5939179390.3513059616,5845307994.4121780396,93871395.9391279817,62.2693200195,563342989
43063,-70,6128781371.2225837708,6034882597.3457717896,93898773.8768122047,64.2700894611,563657939
43067,-72,6275903530.4249458313,6181986933.7653779984,93916596.6595674008,65.8242222743,563760713
43093,-67,5864307790.1405057907,5770249817.5549917221,94057972.5855139941,61.3478013499,564442115
43103,-69,5975209239.7074317932,5881142637.9481124878,94066601.7593195289,62.5210492136,564705355
43117,-68,5922892813.4903297424,5828755306.2117042542,94137507.2786253840,61.9174596259,565070013
43133,-70,6130711229.9858465195,6036505300.3315382004,94205929.6543084383,64.0777637085,565488797
43151,-67,5814769067.0945825577,5720494094.7635450363,94274972.3310372829,60.6788201929,565958637
43159,-66,5675392473.5314769745,5581083147.1199150085,94309326.4115618169,59.1784859407,566174203
43177,-64,5568974747.8325242996,5474562299.7431535721,94412448.0893707126,57.9855984092,566639675
43189,-64,5559407827.2289018631,5464956186.3678417206,94451640.8610597253,57.8598332072,566957619
43201,-61,5383706324.3652029037,5289160648.3395528793,94545676.0256503969,55.9429142683,567271321
43207,-58,5280966384.5590639114,5186444075.5469388962,94522309.0121248662,54.8700526865,567431593
43223,-50,4791743607.2967567444,4697138273.5060625076,94605333.7906938195,49.6498250712,567855401
43237,-46,4515999240.7868814468,4421334376.5441865921,94664864.2426944971,46.7051256231,568222259
43261,-47,4448029157.6953516006,4353229517.2820243835,94799640.4133271277,45.9203167681,568852367
43271,-51,4662438892.6496000290,4567633821.3235197067,94805071.3260799795,48.1792140171,569111623
43283,-48,4484550980.8321628571,4389683156.8476896286,94867823.9844731838,46.2715699853,569430837
43291,-51,4698025823.8666400909,4603109483.1404075623,94916340.7262328267,48.4964912039,569640335
43313,-50,4770642003.9432582855,4675632745.4348926544,95009258.5083655119,49.2123906537,570218079
43319,-51,4801546055.9335432053,4706540896.3576021194,95005159.5759408474,49.5398451765,570375055
43321,-52,4898359708.8101654053,4803304282.4694223404,95055426.3407435417,50.5316157886,570429317
43331,-50,4773657290.2646350861,4678583909.0479364395,95073381.2166982591,49.2102400185,570691701
43391,-40,3753342833.4703321457,3658022309.4789314270,95320523.9914007038,38.3760197312,572273289
43397,-40,3789927350.8628878593,3694561063.8533754349,95366287.0095125288,38.7407456000,572429699
43399,-41,3895114737.1441078186,3799757659.0752911568,95357078.0688167810,39.8476729366,572487555
43403,-40,3886994847.2094597816,3791601972.2525191307,95392874.9569405019,39.7472240350,572592397
43411,-39,3825177565.4900021553,3729752260.2252488136,95425305.2647532225,39.0855680249,572803235
43427,-41,3855218636.4207143784,3759738302.9073886871,95480333.5133256316,39.3770964613,573225713
43441,-40,3778010957.1408863068,3682432699.0043277740,95578258.1365585774,38.5279327203,573592895
43451,-38,3643299711.3342819214,3547705921.1581745148,95593790.1761072427,37.1123052514,573856575
43457,-38,3649310278.0315213203,3553668795.4149775505,95641482.6165438145,37.1561449927,574017939
43481,-35,3337370054.6922221184,3241621064.5320038795,95748990.1602180600,33.8554073428,574651037
43487,-38,3567438363.1908512115,3471698149.0637006760,95740214.1271504760,36.2616501406,574807673
43499,-36,3512753117.8276395798,3416958044.7807350159,95795073.0469043404,35.6694549740,575125923
43517,-29,3069444858.9696159363,2973540671.7308230400,95904187.2387927473,31.0053268511,575603251
43541,-33,3215289168.6062512398,3119291683.8343701363,95997484.7718809247,32.4934730451,576233697
43543,-34,3300812496.8616528511,3204800756.2030673027,96011740.6585857421,33.3792589762,576291157
43573,-36,3273894234.8672666550,3177754002.3902182579,96140232.4770484865,33.0533213881,577082743
43577,-36,3325446919.1455321312,3229290122.3033871651,96156796.8421451449,33.5835866871,577187845
43579,-37,3423376508.8714666367,3327210960.4585866928,96165548.4128798544,34.5987831960,577245893
43591,-37,3597497907.6105961800,3501267451.7059617043,96230455.9046342522,36.3841927048,577556375
43597,-39,3707201041.9074912071,3610927296.3987450600,96273745.5087462068,37.5068745619,577716833
43607,-35,3482530423.7794084549,3386255270.7711949348,96275153.0082136840,35.1726812678,577984185
43609,-36,3571329084.1216111183,3475026221.5928139687,96302862.5287971646,36.0843502503,578041519
43613,-36,3574393639.4919118881,3478076883.1755738258,96316756.3163379282,36.1108182646,578150787
43627,-34,3440658498.8172268867,3344278460.2362675667,96380038.5809592009,34.6988703208,578515035
43633,-36,3613675280.8687434196,3517264355.9847989082,96410924.8839446902,36.4820103139,578675345
43649,-32,3398770856.8151955605,3302294478.0019521713,96476378.8132435083,34.2290467224,579098753
43651,-33,3494131012.5621614456,3397630767.5242147446,96500245.0379469246,35.2085195865,579153921
43661,-31,3354973934.6730036736,3258434234.4830193520,96539700.1899843961,33.7522721541,579416947
43669,-29,3229157228.1757950783,3132591970.1576495171,96565258.0181457251,32.4401553359,579634819
43691,-21,2924324106.8268094063,2827654998.9465808868,96669107.8802285492,29.2508647380,580214185
43711,-22,2820852175.5800557137,2724096654.9769630432,96755520.6030926108,28.1544312717,580745593
43717,-25,3035715542.0955252647,2938934676.3563084602,96780865.7392170131,30.3668979804,580904631
43721,-24,3039133498.0338845253,2942345804.3470282555,96787693.6868562698,30.3999991349,581012733
43753,-21,2772272011.3697009087,2675323214.0652999878,96948797.3044007123,27.5952181817,581863817
43759,-24,2965860101.8141074181,2868882516.0313940048,96977585.7827135623,29.5829442739,582020649
43777,-24,3009672352.9264836311,2912611869.4403781891,97060483.4861055166,30.0082151338,582496475
43781,-23,2984228663.4409236908,2887150302.7060637474,97078360.7348600328,29.7404105390,582603371
43783,-25,3113369110.0995073318,3016309163.3755292892,97059946.7239779681,31.0767650837,582661743
43787,-25,3159417507.5207753181,3062340717.7776365280,97076789.7431388199,31.5455499289,582767449
43789,-26,3241024961.0919637680,3143928660.6024317741,97096300.4895320982,32.3794896896,582825315
43793,-27,3356059832.2240271568,3258928442.8098554611,97131389.4141716957,33.5517535831,582929319
43801,-30,3530657504.7866196632,3433490378.0785665512,97167126.7080529630,35.3359257848,583140171
43853,-23,2759400008.1076207161,2662025833.1723704338,97374174.9352504611,27.3381092568,584527909
43867,-21,2659554140.4243502617,2562104496.6881170273,97449643.7362330258,26.2915737652,584899317
43889,-16,2423841349.7999196053,2326322265.8569650650,97519083.9429547191,23.8550463335,585485481
43891,-16,2503873495.6686520576,2406297144.4631271362,97576351.2055250406,24.6606592144,585538009
43913,-18,2459287683.5271625519,2361633971.7053585052,97653711.8218042552,24.1837604290,586124367
43933,-14,2163075440.3659276962,2065329329.8087172508,97746110.5572103262,21.1295295336,586659891
43943,-15,2198060019.3218679428,2100277713.9396448135,97782305.3822231442,21.4791183919,586930183
43951,-13,2092304144.0235750675,1994483878.2818281651,97820265.7417469770,20.3892707013,587140909
43961,-13,2093644930.8943533897,1995767932.6191956997,97876998.2751576006,20.3905715111,587406403
43963,-13,2161016676.7330932617,2063148474.8416624069,97868201.8914308548,21.0808866922,587464123
43969,-14,2335539599.7705192566,2237626421.5004863739,97913178.2700329423,22.8531691141,587620477
43973,-15,2382200740.0343427658,2284299182.3688588142,97901557.6654837132,23.3326132580,587733325
43987,-21,2781803696.8375611305,2683839962.8915424347,97963733.9460186660,27.3962603791,588102247
43991,-20,2806903681.9590229988,2708936402.7637567520,97967279.1952661276,27.6514406138,588207329
43997,-20,2923374266.6742978096,2825350557.8279347420,98023708.8463631868,28.8231346383,588367619
44017,-18,2607794626.1506476402,2509658597.1725783348,98136028.9780693352,25.5732642059,588903697
44021,-20,2753164851.6111040115,2655044753.7582244873,98120097.8528797030,27.0591327552,589013329
44027,-22,2909299259.0793790817,2811149639.1745414734,98149619.9048375636,28.6414724978,589172769
44029,-23,3012011740.0648303032,2913855374.4920048714,98156365.5728256404,29.6858523386,589231459
44041,-23,2980456885.0555453300,2882231458.9922432899,98225426.0633019954,29.3430283228,589550491
44053,-24,3101676403.0549535751,3003403119.5260033607,98273283.5289502740,30.5617458955,589868267
44059,-22,3005264329.6079635620,2906963406.0878200531,98300923.5201434642,29.5720864259,590030721
44071,-25,3166829410.9243922234,3068473246.3197336197,98356164.6046585888,31.1975691473,590353753
44087,-22,3036973714.4931421280,2938556592.2241072655,98417122.2690348178,29.8581844752,590778485
44089,-23,3126923514.5467472076,3028484621.9435553551,98438892.6031919867,30.7651228275,590835851
44101,-25,3235548623.4544539452,3137019701.9805150032,98528921.4739391208,31.8385673471,591152627
44111,-24,3171966078.9475727081,3073440478.5352492332,98525600.4123233855,31.1943339160,591420929
44119,-21,3014081531.7413640022,2915502899.8148536682,98578631.9265105128,29.5754043532,591641083
44123,-22,3118289002.7618150711,3019707166.9018015862,98581835.8600134701,30.6314762812,591745985
44129,-22,3161597559.7094235420,3062983643.8616433144,98613915.8477801830,31.0603591545,591910301
44131,-22,3233604070.1509776115,3134983951.5610198975,98620118.5899578333,31.7884828814,591966189
44159,-15,2742401501.3086824417,2643693146.1537842751,98708355.1548979580,26.7828710346,592713891
44171,-14,2791851183.7839603424,2693054866.2565698624,98796317.5273905843,27.2586563311,593031889
44179,-13,2719792600.7440156937,2620965400.6704945564,98827200.0735213608,26.5206886234,593248579
44189,-11,2621087542.4148902893,2522224476.0046977997,98863066.4101925939,25.5123026990,593517599
44201,-11,2567073460.7804217339,2468116073.4012303352,98957387.3791912049,24.9412008418,593837739
44203,-11,2633416725.2861714363,2534474494.9798302650,98942230.3063412160,25.6157000619,593896291
44207,-11,2714103754.3610920906,2615149617.1124072075,98954137.2486851066,26.4278956881,594002617
44221,-12,2781630822.6394248009,2682585726.5742263794,99045096.0651982576,27.0844881084,594375647
44249,-9,2488411817.0783839226,2389280664.8834128380,99131152.1949712187,24.1022182430,595131443
44257,-11,2699783059.7514839172,2600585898.3711376190,99197161.3803461790,26.2163338364,595339499
44263,-9,2629514262.8451738358,2530309547.4097251892,99204715.4354487956,25.5059402802,595505763
44267,-8,2642592779.1222295761,2543383010.9355840683,99209768.1866454780,25.6364172341,595613933
44269,-9,2754726959.7467765808,2655471757.1001291275,99255202.6466475278,26.7539805098,595669719
44273,-9,2788633649.1507563591,2689372810.9190540314,99260838.2317025363,27.0939965734,595782327
44279,-8,2756667270.4472708702,2657412088.1979413033,99255182.2493296713,26.7735349226,595939283
44281,-9,2856923346.5459327698,2757592859.5473470688,99330486.9985856116,27.7617974388,595995081
44293,-10,2881500326.1399641037,2782150597.7925801277,99349728.3473837972,28.0036054861,596317073
44381,-3,2081590936.4684805870,1981846592.4153118134,99744344.0531688035,19.8692628763,598686347
44383,-3,2150521608.3488597870,2050773444.6230828762,99748163.7257770002,20.5595107521,598744359
44389,-3,2236274087.3885464668,2136494382.6759436131,99779704.7126030177,21.4121137042,598903509
44417,-3,2153545777.7584199905,2053639781.9439237118,99905995.8144962937,20.5557210576,599658041
44711,-3,2507804478.1119236946,2406595262.4330368042,101209215.6788866669,23.7784202386,607619223
44987,-4,2697409312.1608219147,2594931104.2415051460,102478207.9193169028,25.3217845718,615151469
45077,-6,2493815866.2384643555,2390926865.1758613586,102889001.0626030713,23.2379247586,617609433
45083,-4,2389006967.5305681229,2286107762.1484246254,102899205.3821434826,22.2169622560,617779801
45121,-3,2196272695.8932905197,2093152115.2864530087,103120580.6068377048,20.2981025026,618819843
45127,-3,2278825586.2873063087,2175696365.9586157799,103129220.3286904097,21.0967983567,618980123
45131,-5,2418665463.3246183395,2315526515.0041937828,103138948.3204244375,22.4505538665,619091561
45137,-5,2457336097.1843771935,2354151556.1201329231,103184541.0642441809,22.8149636742,619254769
45139,-7,2594685947.3104963303,2491517324.5095000267,103168622.8009964377,24.1499523485,619314949
45161,-7,2545705331.6573190689,2442423826.3439140320,103281505.3134050816,23.6482206464,619914649
45179,-9,2585049699.7000365257,2481714011.6775298119,103335688.0225065053,24.0160399487,620407457
45181,-10,2684486996.7769808769,2581104907.5389852524,103382089.2379954606,24.9666545391,620464635
45191,-9,2606347978.0912246704,2502956403.5808458328,103391574.5103790462,24.2085142376,620739135
45197,-9,2574754713.8279104233,2471315873.0221233368,103438840.8057869673,23.8915658158,620908921
45233,-4,1958060869.3120920658,1854458499.3593103886,103602369.9527816921,17.8997690903,621895937
45247,-5,2060837322.2567653656,1957176595.7018790245,103660726.5548864007,18.8805988608,622276883
45289,-3,1931038483.9520471096,1827163177.8418567181,103875306.1101904809,17.5899667232,623434897
45293,-4,2067850787.5578088760,1963950741.6355702877,103900045.9222384989,18.9023086968,623545441
45553,-3,1816344432.8576750755,1711248157.7585806847,105096275.0990944207,16.2826718278,630722585
45557,-4,1947302779.0533585548,1842204489.2598795891,105098289.7934789062,17.5283964456,630834713
45569,-3,1990042385.9418599606,1884910910.0912940502,105131475.8505658358,17.9290825592,631166955
45589,-3,1922845325.4290530682,1817604540.3335337639,105240785.0955192596,17.2709139207,631724455
45631,-3,1840713335.0683460236,1735265769.8000392914,105447565.2683068365,16.4561956967,632885659
45673,-3,1768200790.9206542969,1662558102.1659171581,105642688.7547372431,15.7375595203,634053441
45677,-5,1947627305.6951539516,1841971755.5415768623,105655550.1535771638,17.4337434509,634163113
