p,M(p),B_plus_C,B_raw,delta_sq,R,n_farey
13,-3,5.5748917749,-1.2961038961,6.8709956710,-0.1886340726,47
19,-3,16.1280924957,2.2687004172,13.8593920785,0.1636940787,103
31,-4,100.8551617584,60.0057579700,40.8494037884,1.4689506432,279
43,-3,193.8565672394,110.0616277498,83.7949394897,1.3134638967,543
47,-3,222.8797173481,134.4829054601,88.3968118880,1.5213547026,651
53,-3,289.7854424154,167.6119825101,122.1734599054,1.3719181125,831
71,-3,610.9381520681,392.7748701437,218.1632819244,1.8003711105,1495
73,-4,990.4309911753,728.4051985301,262.0257926452,2.7798988457,1589
79,-4,979.5715720960,703.3453330195,276.2262390765,2.5462654648,1857
83,-4,1165.2296668668,865.5797179378,299.6499489289,2.8886362939,2061
107,-3,1975.3783498405,1465.9869676689,509.3913821716,2.8779186672,3427
109,-4,2678.2775926010,2105.6772862721,572.6003063289,3.6773946206,3569
113,-5,3345.1028407830,2726.2042627577,618.8985780253,4.4049289489,3837
131,-3,3029.8042385195,2222.1572958234,807.6469426961,2.7513969017,5155
139,-4,4283.2539110984,3385.0557045437,898.1982065547,3.7687179509,5815
173,-3,6444.3355315207,5006.4143683216,1437.9211631992,3.4817029587,9023
179,-3,6531.9587387171,5062.2284424119,1469.7302963052,3.4443247548,9655
181,-4,8710.8176891352,7091.4588185819,1619.3588705532,4.3791768135,9881
191,-5,8436.7561794684,6707.9582950804,1728.7978843880,3.8801287043,10977
193,-6,10703.8040325077,8841.0231275721,1862.7809049356,4.7461422351,11231
197,-7,12551.6742156809,10702.4105075905,1849.2637080905,5.7873901168,11699
199,-8,14958.2199506468,13062.3979386720,1895.8220119747,6.8900972012,11955
271,-3,18174.1768548685,14528.4021621633,3645.7746927052,3.9849972603,22205
277,-4,23099.4945337842,19318.3248721748,3781.1696616094,5.1090870289,23171
281,-4,25678.4322472002,21717.5351882874,3960.8970589128,5.4829839971,23861
283,-6,30228.9157273499,26306.8388889845,3922.0768383654,6.7073746826,24233
293,-8,33733.6684288666,29596.6768143041,4136.9916145625,7.1541544126,25975
311,-3,23878.7312423916,19183.3317334496,4695.3995089421,4.0855590024,29231
313,-4,29664.1055512141,24764.7555770074,4899.3499742067,5.0547022988,29637
317,-4,31509.4270939661,26590.1257836879,4919.3013102783,5.4052647127,30405
379,-3,40482.0115441748,33359.7501719222,7122.2613722526,4.6838705333,43467
389,-3,46898.2868418865,39500.5111122195,7397.7757296670,5.3395118419,45817
431,-3,43719.6899121567,34657.0840890111,9062.6058231456,3.8241853133,56211
433,-4,54430.7742514347,45088.2234620981,9342.5507893365,4.8261148886,56785
439,-7,66541.6894045376,57095.0572436997,9446.6321608379,6.0439589762,58377
443,-9,82133.3785447851,72427.1547393461,9706.2238054390,7.4619291901,59419
449,-7,76030.3221694768,66069.5723725087,9960.7497969681,6.6329918650,61067
457,-6,73101.1493529463,62646.8313010730,10454.3180518733,5.9924359475,63217
461,-6,80393.0665409792,69905.5500897105,10487.5164512687,6.6655962271,64365
463,-6,89868.2522225612,79140.8842827917,10727.3679397695,7.3774745797,64945
467,-7,100242.1909494880,89599.3384310598,10642.8525184282,8.4187334435,66103
479,-6,89084.0443410962,77967.3491784555,11116.6951626407,7.0135366705,69515
487,-5,85725.4242904932,74007.1168077589,11718.3074827343,6.3155124507,71823
491,-5,89802.1819236378,77793.1965456239,12008.9853780139,6.4779158353,73041
499,-6,96884.7082823425,84593.7833474642,12290.9249348784,6.8826214297,75419
503,-5,94363.4266119107,82072.1240215235,12291.3025903872,6.6772519363,76699
509,-6,101927.9430731908,89237.6114099612,12690.3316632296,7.0319368932,78529
523,-3,92503.8671132051,78763.7192868514,13740.1478263537,5.7323778668,82909
617,-3,131060.8178071888,112003.3216197616,19057.4961874272,5.8771268019,115381
619,-5,157800.4091032216,138733.0053213197,19067.4037819019,7.2759252863,116201
631,-3,139617.0645032647,119431.8003341533,20185.2641691114,5.9167816350,120689
643,-4,151831.6695319335,131411.9084530998,20419.7610788337,6.4355262506,125391
647,-7,198945.3887101171,178263.0844735556,20682.3042365615,8.6191114121,126921
653,-8,215494.8950933581,194256.1027262937,21238.7923670644,9.1462875746,129287
659,-10,231664.4857469439,210274.8971478998,21389.5885990441,9.8307125532,131703
661,-11,255604.2134798226,233687.4945225730,21916.7189572495,10.6625218391,132521
673,-11,252543.0174153096,229668.8415668655,22874.1758484441,10.0405296824,137319
677,-11,264845.7803786103,241874.8709960193,22970.9093825911,10.5296166977,138999
683,-12,275998.8564558068,252868.4472577921,23130.4091980147,10.9322945864,141483
691,-9,243690.9235524964,219758.5020316897,23932.4215208066,9.1824599463,144811
701,-5,192287.9245164344,167826.9322588192,24460.9922576152,6.8610026319,149019
709,-4,182761.1641209133,157761.9017475611,24999.2623733521,6.3106622664,152455
719,-3,162255.6975057547,136935.2482713282,25320.4492344265,5.4080892090,156785
733,-3,166732.5165212310,139935.2937163692,26797.2228048618,5.2220073228,162969
743,-5,226561.8479865126,199098.1764206106,27463.6715659020,7.2495105377,167425
751,-3,201469.0494638756,173210.6894527796,28258.3600110959,6.1295379274,171019
757,-3,203353.7172400614,174418.1667353681,28935.5505046933,6.0278157385,173789
761,-4,239248.2997487816,210139.6977814263,29108.6019673553,7.2191614705,175651
769,-3,213229.1088259463,183683.1337415152,29545.9750844311,6.2168580734,179409
829,-3,238218.6733266251,203680.6038452045,34538.0694814206,5.8972781891,208537
839,-3,235564.5910777474,200942.9781081831,34621.6129695643,5.8039750570,213559
863,-3,307695.1703147920,270942.3890101804,36752.7813046116,7.3720240861,226001
1031,-5,439458.5654643606,386462.6448531268,52995.9206112338,7.2923093022,322533
1033,-6,501652.4046338495,448203.2838799812,53449.1207538682,8.3856063029,323899
1039,-8,573213.2045427485,519491.2340234782,53721.9705192703,9.6699958881,327655
1049,-5,498963.8768210841,444195.7643022545,54768.1125188296,8.1104815170,333971
1051,-6,556433.5792195307,500713.2961198248,55720.2830997059,8.9861944029,335259
1061,-5,512444.1299498098,455902.0337215162,56542.0962282936,8.0630550357,341647
1063,-6,577229.3838595807,520690.8656252188,56538.5182343620,9.2094890684,343055
1069,-8,663901.6426200503,606593.0646249638,57308.5779950866,10.5846818373,346901
1087,-8,580147.9328686276,521108.8966125607,59039.0362560669,8.8265142804,358501
1091,-10,663360.2316316192,604174.8969261321,59185.3347054870,10.2081858611,361191
1093,-11,729867.6012983198,669425.2830959060,60442.3182024137,11.0754402380,362569
1097,-12,778610.9191495724,718400.0625834634,60210.8565661090,11.9314041280,365327
1103,-12,793510.1085510328,732769.3691821897,60740.7393688432,12.0638862285,369355
1109,-15,913004.9491477258,851674.8596179003,61330.0895298254,13.8867375891,373317
1117,-13,871069.0320975410,808365.5943913999,62703.4377061412,12.8918863776,378693
1123,-12,857335.3441842042,794090.2446819533,63245.0995022509,12.5557592751,382805
1129,-12,878957.9579602946,814955.3046120248,64002.6533482698,12.7331487365,386941
1151,-6,543163.4602500704,477144.3236858279,66019.1365642425,7.2273638905,402063
1153,-7,616688.1715643543,549449.3158288015,67238.8557355528,8.1716041985,403597
1163,-6,557069.8321832552,489203.9439682751,67865.8882149801,7.2083922695,410565
1171,-5,508252.0050903783,439145.3124476771,69106.6926427011,6.3545988913,416195
1181,-6,530236.7091271707,460218.1851064205,70018.5240207503,6.5728061473,423339
1187,-8,624328.4116701346,554109.5882237060,70218.8234464287,7.8911830337,427639
1193,-6,556595.1282614858,485335.9737893855,71259.1544721003,6.8108578804,432073
1201,-5,535679.2897506638,462845.3856289747,72833.9041216891,6.3548067512,437787
1223,-3,534026.8131181374,459439.7770393505,74587.0360787869,6.1597805891,454049
1237,-3,657668.2303664455,580912.4642388632,76755.7661275823,7.5683234439,464497
1249,-3,609003.9028144770,530272.4605395000,78731.4422749769,6.7352057224,473559
1499,-3,1087602.8486661203,975180.7300740166,112422.1185921036,8.6742781784,682285
1511,-3,1030395.2897469568,916571.8746296547,113823.4151173021,8.0525775271,693213
1553,-4,1067419.7283655270,946270.4088907124,121149.3194748145,7.8107777493,732321
1559,-4,1058935.9499904171,937606.9522839730,121328.9977064441,7.7278059657,738073
1567,-3,984018.0454755408,860816.9250691504,123201.1204063904,6.9870868238,745543
1571,-4,1084573.6629210189,960326.8984575240,124246.7644634949,7.7291903946,749449
1579,-4,1077187.9719132155,952165.4702548933,125022.5016583222,7.6159527895,757149
1583,-7,1365581.5580109570,1240410.4306069165,125171.1274040403,9.9097168519,760983
1597,-5,1160420.4827974443,1031892.1197805075,128528.3630169368,8.0285167846,774301
1601,-8,1437804.7291790633,1308419.7103611021,129385.0188179613,10.1126059440,778233
1607,-10,1570191.9202374481,1440481.4602057955,129710.4600316526,11.1053608156,784097
1609,-11,1716281.9208444834,1586324.8112228052,129957.1096216783,12.2065257979,786231
1613,-11,1814928.6752413618,1683758.6950805027,131169.9801608592,12.8364637474,790155
1619,-13,2022215.3213732410,1891409.9962168951,130805.3251563459,14.4597323844,795903
1621,-14,2185862.2837243318,2052911.4822331520,132950.8014911797,15.4411365649,797953
1627,-14,2214554.0868687066,2081627.8164000295,132926.2704686773,15.6600182121,803875
1637,-16,2287068.8093213802,2152984.1735656364,134084.6357557438,16.0569043681,813829
1657,-10,1779108.8184872856,1640690.9361256512,138417.8823616343,11.8531717733,833681
1663,-11,1883170.9091850731,1744587.9898917538,138582.9192933194,12.5887663414,839809
1667,-12,2069360.5966904347,1929590.6768064923,139769.9198839424,13.8054788785,843775
1669,-13,2236216.8964715707,2096137.9783636697,140078.9181079009,14.9639789247,845993
1693,-9,1684307.0675985350,1540112.9469497672,144194.1206487679,10.6808303974,870415
1697,-11,1908619.9924092994,1763862.6532933179,144757.3391159816,12.1849618407,874495
1699,-13,2106102.1193679222,1961311.3286132445,144790.7907546777,13.5458292505,876755
1709,-13,2185936.2703443654,2039532.0372187893,146404.2331255762,13.9308269555,886885
1721,-9,1783137.6677565835,1634090.4739910252,149047.1937655582,10.9635775938,899419
1723,-9,1904681.8196011814,1754805.6414227183,149876.1781784630,11.7083692869,901619
1733,-9,1865526.3255113002,1714584.6032539362,150941.7222573640,11.3592489711,912079
1741,-9,1808665.7514247997,1655765.4913198194,152900.2601049804,10.8290560800,920495
1747,-11,2010601.5639328023,1857432.0644429924,153169.4994898098,12.1266444731,926843
1753,-12,2185511.6959649678,2030707.3134863789,154804.3824785888,13.1178929238,933229
1759,-12,2153417.3825857481,1998645.6571687153,154771.7254170328,12.9135063383,939681
1777,-7,1702549.9828864783,1543175.5494347769,159374.4334517015,9.6827045343,958839
1783,-7,1708591.9094562819,1548156.8532006536,160435.0562556284,9.6497417044,965431
1787,-8,1867417.9110583356,1706874.9305048615,160542.9805534740,10.6318876392,969697
1789,-9,2060079.3663876043,1899039.0911416879,161040.2752459164,11.7923239279,972075
1801,-7,1750392.4493636319,1586206.0226019928,164186.4267616391,9.6610058084,985059
1811,-7,1761901.8986152653,1597152.1546221506,164749.7439931147,9.6944135749,996023
1823,-3,1341411.2420762044,1174948.6458500370,166462.5962261674,7.0583342594,1009345
1831,-3,1364433.9576056600,1195704.0338970306,168729.9237086292,7.0864966191,1018143
1873,-3,1267835.9518085218,1090213.6542218877,177622.2975866341,6.1378197953,1065423
1877,-3,1393208.7901925771,1215623.2686685878,177585.5215239894,6.8452836596,1070023
1879,-5,1624073.7857179083,1446887.1226007217,177186.6631171865,8.1658918180,1072523
1889,-7,1977985.8573885523,1799501.4309067321,178484.4264818201,10.0821201400,1083693
1901,-4,1606485.4871664275,1424171.2694047077,182314.2177617198,7.8116303100,1097459
1907,-5,1709060.0401019049,1526256.9250603952,182803.1150415099,8.3491844475,1104439
1913,-6,1800041.2550925619,1616144.2185540942,183897.0365384677,8.7883102902,1111493
1933,-3,1354128.8736998013,1165458.5015056175,188670.3721941837,6.1772205564,1134849
2143,-3,2661753.3447064590,2430051.2384376712,231702.1062687879,10.4878254133,1394975
2347,-3,2623450.7586169140,2345331.8002911974,278118.9583257167,8.4328368494,1672979
2351,-4,2869765.8852342274,2592233.7460701126,277532.1391641149,9.3403011049,1678929
2357,-6,3255743.9708052264,2976482.1304930085,279261.8403122178,10.6583918775,1687499
2377,-3,2879610.8700588560,2593683.7406230429,285927.1294358131,9.0711355223,1716135
2381,-6,3455134.8325275900,3168642.3463337105,286492.4861938796,11.0601237346,1721839
2383,-8,3815963.5533092874,3530294.8475998864,285668.7057094012,12.3580034391,1725011
2389,-9,4286967.0253510829,3999683.3347709877,287283.6905800950,13.9224169903,1733609
2393,-10,4544708.4401108781,4256249.3310133219,288459.1090975560,14.7551219455,1739597
2399,-12,4821489.4325399855,4532846.6238654116,288642.8086745735,15.7039998491,1748297
2411,-15,5277390.6607362749,4985086.5077566020,292304.1529796726,17.0544498152,1765609
2417,-15,5344020.2122265231,5050085.1919420986,293935.0202844249,17.1809578425,1774455
2423,-15,5360295.0856503779,5064710.9081008621,295584.1775495162,17.1345805790,1783431
2437,-11,4622803.1521395948,4322777.8786467025,300025.2734928925,14.4080457900,1803861
2441,-13,5035276.0487402370,4735330.8072997201,299945.2414405166,15.7873176602,1810021
2447,-12,5067949.6981487274,4767819.2068051035,300130.4913436241,15.8858208157,1818891
2459,-11,4672503.7446843684,4369034.6612810558,303469.0834033128,14.3969679293,1836765
2467,-10,4601645.9522435050,4294609.4112525759,307036.5409909290,13.9872908853,1848633
2473,-8,4302733.8888958767,3994136.4083465990,308597.4805492779,12.9428678460,1857767
2477,-8,4396735.9426311534,4087866.7720133495,308869.1706178036,13.2349459282,1863911
2543,-3,2491714.0267723314,2166497.4564588168,325216.5703135145,6.6617068570,1964371
2549,-4,2674689.1208773595,2347442.5651621167,327246.5557152430,7.1733148116,1973665
2551,-5,2977376.3262560852,2649339.9908169336,328036.3354391516,8.0763613801,1976853
2557,-7,3649274.7487438763,3319365.4678281639,329909.2809157124,10.0614491918,1985951
2699,-6,3671583.7431519167,3305827.0622969731,365756.6808549437,9.0383231130,2212899
2707,-6,3704906.7678500852,3335261.8747991403,369644.8930509448,9.0228809798,2225933
2711,-8,4200030.4650338739,3830166.6522127567,369863.8128211177,10.3556133892,2232583
2713,-9,4613761.4086515307,4242649.6536446288,371111.7550069022,11.4322696503,2236189
2719,-13,5797775.1034641294,5425854.5412018457,371920.5622622835,14.5887458015,2245829
2729,-12,5642671.2392928824,5268457.2037701719,374214.0355227107,14.0787268880,2262423
2731,-14,6158790.7088789074,5781220.4163129264,377570.2925659808,15.3116400579,2265727
2741,-14,6306067.6528811501,5927045.1600645520,379022.4928165984,15.6377135194,2282227
2749,-13,6059860.6173332678,5679660.6314412802,380199.9858919873,14.9386134724,2295939
2753,-15,6685166.2979940856,6303236.6664578719,381929.6315362133,16.5036596954,2302591
2767,-16,6690612.0066989847,6305123.9136268282,385488.0930721564,16.3562092499,2325715
2777,-18,6920485.7207639003,6531570.6592081394,388915.0615557607,16.7943371313,2342741
2789,-19,7050726.4777782420,6659091.8268629685,391634.6509152731,17.0033264710,2362893
2791,-20,7446700.5365334721,7052876.0290029906,393824.5075304814,17.9086773274,2366401
2797,-23,8376374.4781184094,7981491.3661425887,394883.1119758204,20.2122884572,2376299
2801,-23,8512737.2758571152,8116357.5560463853,396379.7198107291,20.4762180061,2383313
2803,-25,9046257.3989791200,8650288.1402433645,395969.2587357552,21.8458578524,2387045
2819,-21,7986057.4567997279,7586135.7449380057,399921.7118617221,18.9690519918,2414443
2833,-23,8372407.8305117898,7967516.9227463156,404890.9077654745,19.6781818755,2438173
2837,-25,8857776.8534902576,8452943.4394992162,404833.4139910416,20.8800537391,2445013
2843,-23,8611591.0191877596,8204434.7847205782,407156.2344671813,20.1505812516,2455533
2851,-24,9104387.2276250347,8694312.8930637669,410074.3345612672,21.2017972360,2469021
2857,-23,9007606.1899702009,8594667.8599624056,412938.3300077955,20.8134417064,2479561
2861,-22,8860983.7359500043,8448022.7130200360,412961.0229299688,20.4571914634,2486709
2879,-20,8180812.6712501654,7765015.6774430191,415796.9938071462,18.6750163977,2517971
2887,-19,8090117.2088143853,7670645.6262753485,419471.5825390365,18.2864488217,2531941
2897,-19,8169226.7456436791,7747036.5103983628,422190.2352453158,18.3496345099,2549629
2903,-17,7701545.1739187483,7277697.4911649553,423847.6827537930,17.1705492027,2560483
2909,-18,8221278.0244242633,7795068.1477462538,426209.8766780092,18.2892714934,2570865
2917,-18,8439696.7581653204,8009394.5604983894,430302.1976669318,18.6134177421,2584865
2927,-17,8265326.6642935043,7833250.3140937313,432076.3501997729,18.1293197614,2602463
2939,-17,7850178.8370926380,7416128.3565123240,434050.4805803141,17.0858660186,2624125
2953,-15,7254062.2996059842,6813754.6585820820,440307.6410239024,15.4749861772,2649085
2957,-18,8008420.4470550101,7567784.8453413509,440635.6017136589,17.1747013085,2656341
2963,-16,7833443.6089646444,7391596.5212818896,441847.0876827552,16.7288564921,2667161
2969,-16,7989112.1313035982,7545766.6030925782,443345.5282110200,17.0200579975,2677933
2971,-17,8477834.5481617171,8030999.1880809283,446835.3600807884,17.9730610098,2681621
2999,-6,5110230.0189932929,4658304.4162346357,451925.6027586574,10.3076798212,2732391
3001,-7,5585782.5769115686,5130647.0027616359,455135.5741499328,11.2727883606,2736189
3011,-6,5334117.9738989975,4876576.1625733105,457541.8113256868,10.6582088060,2754145
3019,-7,5549811.5437884778,5090847.5501723010,458963.9936161772,11.0920412516,2768887
3023,-8,6159464.8660471579,5700474.2441488113,458990.6218983462,12.4195876172,2776487
3037,-6,5164355.3713516202,4699216.2805134701,465139.0908381501,10.1028195073,2801957
3041,-6,5365615.0900533441,4898847.7976977648,466767.2923555793,10.4952679374,2809429
3049,-3,4481448.2219880577,4012512.7033333872,468935.5186546704,8.5566406120,2824407
3061,-6,5376139.6463606153,4902305.8177980622,473833.8285625526,10.3460443774,2846211
3067,-3,4714991.7349338941,4240345.3861079207,474646.3488259732,8.9336943107,2857681
3079,-3,4469270.9230339872,3991809.5908342348,477461.3321997521,8.3604876911,2880211
3083,-6,5461289.7817710182,4981829.1416966608,479460.6400743573,10.3904861532,2887573
3089,-5,5370907.9357556161,4889760.2972623976,481147.6384932189,10.1627024765,2898985
3617,-3,7005106.6919991542,6344894.9563682666,660211.7356308876,9.6103940811,3975079
3623,-5,8425801.3036436196,7762864.8241841337,662936.4794594859,11.7098169504,3988133
3631,-5,8537894.5648415089,7871957.9973354330,665936.5675060760,11.8208826207,4005539
3637,-7,9378351.5254114196,8710924.9805591945,667426.5448522255,13.0515111329,4018861
3643,-8,9517953.1746548172,8848708.4620354008,669244.7126194168,13.2219325684,4032281
3659,-7,8758664.1279542632,8083691.4347857032,674972.6931685600,11.9763236596,4067721
3671,-3,7136037.5162416175,6457912.2747737532,678125.2414678640,9.5231852169,4094241
3673,-4,7866492.7203959674,7184614.0935644684,681878.6268314986,10.5364999149,4099063
3677,-6,8677479.9648835342,7995671.0252691386,681808.9396143953,11.7271431345,4107911
3691,-9,9407048.2905071825,8718467.2235580478,688581.0669491346,12.6614971599,4138879
3697,-7,8908643.4633121472,8217066.8078974765,691576.6554146707,11.8816428281,4152467
3701,-8,9596473.9669510406,8904591.9253868889,691882.0415641525,12.8701012462,4161857
3709,-9,9857745.0294775404,9163656.5507880934,694088.4786894480,13.2024328773,4179713
3719,-7,8870135.4412630294,8173520.7408323959,696614.7004306330,11.7332016332,4202229
3727,-8,9598774.0153644476,8896775.2751466464,701998.7402178012,12.6734917963,4220391
3733,-12,11636495.7866889928,10933858.6868303474,702637.0998586452,15.5611747359,4233821
3739,-10,11165334.0115998741,10460948.2224337514,704385.7891661224,14.8511630747,4247907
3761,-6,9311898.0599129945,8598693.7179640122,713204.3419489830,12.0564236814,4297417
3767,-8,9810694.0869973376,9094567.0825381577,716127.0044591803,12.6996566613,4311385
3769,-9,10608000.3322075363,9891327.7691981979,716672.5630093387,13.8017391480,4316399
3779,-6,9897690.9185819682,9179780.0387984570,717910.8797835109,12.7867961014,4339131
3793,-7,9265725.3354034685,8538760.6598551460,726964.6755483234,11.7457710767,4371369
3797,-8,10142660.2365945056,9414932.4967111703,727727.7398833351,12.9374379740,4380269
3803,-8,10337228.5131307077,9607216.1437272243,730012.3694034833,13.1603470659,4394465
3821,-8,10191730.1501823869,9455504.8849511072,736225.2652312805,12.8432224911,4435705
3823,-9,10911108.8000503536,10172928.5634177104,738180.2366326436,13.7810903877,4440533
3833,-7,9548713.7343605440,8808637.6482656803,740076.0860948643,11.9023406022,4464175
3847,-8,9702369.3955704253,8956355.8567702882,746013.5388001364,12.0056210658,4496359
3851,-8,10010485.5091591496,9261235.4212189876,749250.0879401625,12.3606731187,4505697
3853,-9,10828435.7611134723,10078096.1804630440,750339.5806504280,13.4313801915,4510819
3863,-12,12284098.2721856218,11532894.3969167247,751203.8752688976,15.3525491236,4534029
3877,-9,10233147.1030490454,9473852.1422460377,759294.9608030076,12.4771697842,4566771
3881,-11,11244281.4507542960,10482939.6454656702,761341.8052886265,13.7690319547,4576419
3889,-12,11421209.4043536671,10655895.8138950765,765313.5904585910,13.9235679945,4595355
3907,-8,9337383.3684748132,8565697.7049563564,771685.6635184563,11.0999829463,4637633
3911,-7,9125861.3477397058,8354087.6298873229,771773.7178523834,10.8245298287,4647503
3917,-10,11186723.3179447576,10411029.5930991434,775693.7248456149,13.4215725352,4661345
3919,-12,12214165.2683167793,11440991.2580911554,773174.0102256237,14.7974338335,4666565
3923,-13,12899829.5143102687,12124171.1561615430,775658.3581487263,15.6308135261,4676311
3929,-14,13517714.4532406554,12739302.3264603540,778412.1267803011,16.3657552191,4690329
3931,-14,14094928.6463780105,13314869.0112616103,780059.6351163994,17.0690398681,4695297
3943,-15,14244505.1689270679,13460473.1541268155,784032.0148002526,17.1682697900,4723867
3947,-16,15161582.0813454017,14375672.7185110506,785909.3628343517,18.2917692527,4733669
3967,-15,13422572.2939487658,12628703.7702526990,793868.5236960677,15.9078026062,4781509
3989,-10,10079843.3811993320,9279189.9140565880,800653.4671427436,11.5895206789,4834893
4001,-10,9912784.4042725153,9103843.8244449515,808940.5798275641,11.2540328072,4863603
4003,-10,10478184.6913273949,9670373.6906244177,807811.0007029776,11.9710844272,4868835
4007,-10,10901442.6836452074,10092358.4812102690,809084.2024349386,12.4738048906,4878391
4013,-12,12027695.7277300470,11214990.1016775910,812705.6260524563,13.7995723693,4893241
4019,-15,14058502.7531196512,13243623.5040000044,814879.2491196470,16.2522527335,4907593
4021,-16,14783854.4076847434,13966454.8167770021,817399.5909077420,17.0864470354,4912667
4027,-15,14921914.5729791224,14102813.6192351077,819100.9537440148,17.2174303482,4927209
4049,-13,12959352.6124806292,12132754.7382336911,826597.8742469379,14.6779408903,4981011
4051,-14,13827906.4570501074,12997262.9688138105,830643.4882362970,15.6472218863,4986139
4057,-14,13863005.0139252599,13031357.8325268272,831647.1813984326,15.6693344534,5001031
4073,-14,13217186.4518012889,12380886.6645732801,836299.7872280085,14.8043642407,5040559
4079,-13,13002189.4406902827,12164768.4328571837,837421.0078330989,14.5264667581,5055797
4091,-17,15036853.5466930885,14192812.4709368423,844041.0757562460,16.8153101533,5084927
4093,-18,15790374.2338843830,14943967.3778677266,846406.8560166556,17.6557730737,5090217
4099,-20,16436328.2824369911,15589344.9354043938,846983.3470325979,18.4057277986,5105225
4111,-16,14586169.6975216474,13732526.9094318487,853642.7880897991,16.0869711559,5134895
4127,-14,13097099.5906994939,12238560.6017631907,858538.9889363034,14.2551017012,5174787
4129,-15,14020137.7259685919,13159181.2579994928,860956.4679690982,15.2843747014,5180257
4133,-15,14390241.9624280613,13528028.5220163353,862213.4404117257,15.6898836042,5190433
4139,-14,14449222.3458040394,13587121.6480159312,862100.6977881084,15.7604809773,5205377
4153,-14,14172928.5595178176,13301562.4760058932,871366.0835119243,15.2651827145,5240303
4157,-17,15713446.6312068459,14843008.8810533583,870437.7501534881,17.0523496694,5250719
4159,-18,16570578.7817170434,15697616.7072234154,872962.0744936286,17.9820145295,5255955
4177,-14,14661295.9161819313,13778680.5582959466,882615.3578859854,15.6111951092,5301273
4201,-8,10615692.0408306811,9721076.3872368261,894615.6535938557,10.8662042165,5362063
4211,-12,11870123.4702965692,10976504.5298806094,893618.9404159597,12.2832048801,5387723
4217,-13,12657590.4355518427,11759320.7179782074,898269.7175736356,13.0910799818,5402973
4219,-13,13259314.3391746171,12360065.0984436851,899249.2407309314,13.7448713200,5408485
4229,-10,12392113.1504569557,11491029.8275823295,901083.3228746260,12.7524608833,5434077
4231,-11,13219849.9920076989,12316195.9499975927,903654.0420101063,13.6293264650,5439409
4241,-14,14951322.2803177498,14043001.8282524515,908320.4520652981,15.4604047463,5464763
4243,-14,15595098.3466775175,14685657.3817765862,909440.9649009319,16.1480051466,5470203
4253,-16,15972887.1827686690,15060437.1341115311,912450.0486571388,16.5054921705,5496165
4259,-18,17659947.8101054020,16745168.7983509172,914779.0117544852,18.3051519364,5511377
4261,-19,18509064.3075457886,17591387.8114626817,917676.4960831053,19.1694871630,5516755
4271,-15,16937715.7633264251,16016801.0279542115,920914.7353722146,17.3922735871,5542433
4273,-16,17880618.5952146426,16957701.1259239018,922917.4692907401,18.3740168435,5548111
4283,-13,16798578.4074152671,15875013.4694617298,923564.9379535367,17.1888438128,5574015
4289,-11,15900059.3874128330,14972880.6485241558,927178.7388886779,16.1488610777,5589983
4297,-12,16308043.9564126376,15375644.0025838446,932399.9538287935,16.4903954997,5610599
4327,-6,11771550.9233095385,10824802.7619927954,946748.1613167437,11.4336665275,5688667
4337,-7,11859135.3975829482,10909652.2565782536,949483.1410046950,11.4900958063,5715045
4339,-8,12895711.2224270292,11946703.9874456879,949007.2349813413,12.5886332022,5720821
4349,-10,13698170.5724807009,12744316.4099922217,953854.1624884784,13.3608647015,5746871
4357,-11,14272080.5180552434,13311948.4334780406,960132.0845772021,13.8647053331,5767739
4363,-11,14392050.8462086748,13431502.2839872167,960548.5622214575,13.9831579706,5784053
4373,-11,14039016.0251853149,13074461.0578926653,964554.9672926505,13.5549154804,5810723
4391,-8,10637663.0148379542,9665589.1694865972,972073.8453513570,9.9432663637,5858173
4397,-9,11476489.3301610500,10500894.9161537550,975594.4140072943,10.7635865534,5874419
4409,-11,12664115.7579571176,11684218.3417110648,979897.4162460536,11.9239199410,5906505
4421,-7,9385913.1477884818,8398840.8995865863,987072.2482018956,8.5088410852,5938625
4423,-7,10081915.3140219226,9093850.0452948678,988065.2687270554,9.2036936558,5944365
4441,-8,9613454.5993845277,8615899.7045820057,997554.8948025225,8.6370181225,5992383
4447,-8,10277457.5275437590,9278270.0683972090,999187.4591465507,9.2858151726,6008323
4451,-8,10669829.7564684711,9669871.2703140210,999958.4861544509,9.6702727205,6019701
4457,-9,10945576.0951791406,9943070.3809290472,1002505.7142500937,9.9182181603,6036183
4463,-11,12300352.5406683497,11295999.6560697537,1004352.8845985956,11.2470425777,6052511
4481,-5,9232881.1038985811,8217369.8688865667,1015511.2350120136,8.0918552012,6100847
4483,-6,10290316.9737496600,9275501.5146064162,1014815.4591432440,9.1400869301,6106803
4493,-5,9575235.4760215431,8556313.2494425606,1018922.2265789834,8.3974154516,6134293
4507,-6,10184528.2339510974,9158929.0356227029,1025599.1983283942,8.9303200027,6171983
4513,-5,9901544.9798532743,8871468.5526821110,1030076.4271711631,8.6124372121,6188549
4517,-6,10701089.9756935425,9672176.3420741484,1028913.6336193949,9.4003772776,6199493
4519,-7,11869738.8389841542,10839240.9907053895,1030497.8482787655,10.5184508719,6205509
4523,-8,13257467.0559421573,12225115.4440699238,1032351.6118722341,11.8420074163,6216267
4547,-3,9520649.8054522146,8477098.8797374535,1043550.9257147604,8.1233207416,6282051
4549,-4,10740550.3249610662,9696570.3928608652,1043979.9321002009,9.2880812118,6288109
4561,-4,10200295.1972826272,9147080.7051593084,1053214.4921233195,8.6849172448,6320961
4567,-6,12039985.4908190258,10987883.9200606439,1052101.5707583812,10.4437482325,6337353
4591,-3,9977044.1402705312,8911348.6635606848,1065695.4767098455,8.3620028970,6404223
4643,-3,10068538.9890387822,8981155.8853620552,1087383.1036767266,8.2594219599,6550175
4649,-3,10218398.7784968205,9127295.7611213587,1091103.0173754608,8.3652007334,6567305
4651,-4,11309242.2504403275,10215927.7077363599,1093314.5427039673,9.3439969091,6573153
4657,-6,13002945.3331324477,11907240.5604668818,1095704.7726655658,10.8671978598,6589583
4663,-6,12973544.0785850808,11874310.9487200119,1099233.1298650682,10.8023590502,6607195
4673,-8,14630777.8673463874,13527988.1266681105,1102789.7406782766,12.2670601908,6635557
4679,-6,14526528.1784506869,13424750.1933663189,1101777.9850843679,12.1846237401,6652315
5039,-6,17168363.8068208285,15890489.7907699384,1277874.0160508889,12.4350989152,7715467
5051,-5,17091036.2110915557,15801939.5772509258,1289096.6338406294,12.2581497480,7752071
5059,-5,17045780.0333245695,15753686.3402407989,1292093.6930837720,12.1923715165,7777233
5077,-5,15837818.9373205975,14534515.8736297376,1303303.0636908601,11.1520614649,7831901
5081,-4,15756081.1875795666,14452967.5245233607,1303113.6630562057,11.0911027444,7844915
5087,-5,18019471.3070595227,16714595.9749129545,1304875.3321465666,12.8093432094,7863169
5147,-3,13902774.5203046799,12567332.5758482963,1335441.9444563838,9.4106169332,8049867
5153,-4,14969703.5342105553,13626293.6346699875,1343409.8995405682,10.1430647782,8068665
5167,-3,12531564.0687287617,11182799.6294043139,1348764.4393244477,8.2911435855,8112335
5179,-3,12681922.6464777887,11328692.9931042716,1353229.6533735171,8.3715967684,8150711
5237,-3,12351638.8898695335,10965959.4619998764,1385679.4278696566,7.9137780654,8334019
5303,-4,11019658.1302925479,9600047.2040742114,1419610.9262183371,6.7624495041,8545343
5309,-6,12361936.0880086310,10940172.5928215459,1421763.4951870861,7.6947907510,8564701
5867,-4,28144834.4543082267,26406144.5484631658,1738689.9058450593,15.1873801416,10459743
5869,-5,30032011.4799912460,28290716.7649856545,1741294.7150055913,16.2469434503,10467553
5879,-5,30557609.7271569446,28815983.2452350631,1741626.4819218826,16.5454438965,10503291
5881,-6,32434727.4855669439,30683666.0849027075,1751061.4006642371,17.5228955839,10510513
5897,-9,35714684.1300908476,33955653.8546621576,1759030.2754286923,19.3036210513,10567153
5903,-12,38291243.5230630338,36533824.8311734721,1757418.6918895645,20.7883442914,10588941
5923,-6,30416400.4872491397,28642239.7075854987,1774160.7796636422,16.1441060111,10660671
5927,-6,31038419.2249004357,29265759.5911784135,1772659.6337220215,16.5095199521,10675635
5939,-3,26983940.0232970156,25206288.9326330163,1777651.0906639979,14.1795479805,10718769
5953,-3,24883632.5930532888,23092695.3169290088,1790937.2761242790,12.8941954723,10769189
5987,-4,21046764.0029771589,19235368.3101414517,1811395.6928357063,10.6190869208,10891925
6101,-6,22890907.7131984010,21009783.4341906607,1881124.2790077406,11.1687375835,11310845
6113,-3,19715261.0052270703,17826819.1946456209,1888441.8105814487,9.4399621396,11355637
6131,-3,18380944.9852612317,16483009.8342726287,1897935.1509886021,8.6847065484,11422657
6133,-4,20080312.2285457030,18178214.0801511630,1902098.1483945407,9.5569274885,11430515
6143,-6,22878278.2462139726,20971831.9841976166,1906446.2620163576,11.0004842004,11467561
6151,-8,25666614.0881686285,23752469.1635038182,1914144.9246648115,12.4089189159,11496935
6163,-5,21283643.0071605109,19363177.7464021072,1920465.2607584051,10.0825451738,11542359
6173,-4,20123897.6074796431,18200238.8935718983,1923658.7139077450,9.4612618974,11580107
6199,-3,14288292.3736841716,12347841.8731719889,1940450.5005121829,6.3633892593,11677827
6203,-5,17478029.9921699725,15535468.5594334342,1942561.4327365374,7.9974142890,11692821
6211,-6,18581860.5943583548,16629891.7288724463,1951968.8654859101,8.5195476336,11722547
6217,-10,23516642.6253288686,21560605.7004409023,1956036.9248879666,11.0225964685,11744813
6221,-10,24411440.6140986569,22454899.8510004133,1956540.7630982453,11.4768372193,11760757
6229,-10,24913739.3208302259,22953267.4303356223,1960471.8904946053,11.7080318987,11791193
6247,-7,21554046.1560528055,19583283.4946579710,1970762.6613948359,9.9369060914,11859133
6257,-9,25676840.8590066805,23697635.5469665229,1979205.3120401585,11.9733083793,11896651
6263,-8,25350028.5632837452,23369108.8529888652,1980919.7102948811,11.7971004739,11920031
6269,-10,27818121.1088825241,25833928.3929286450,1984192.7159538802,13.0198685769,11942769
6271,-12,30336547.8809495755,28349099.2986642569,1987448.5822853169,14.2640667796,11950477
6277,-12,31817135.1587300450,29826484.3570862375,1990650.8016438093,14.9832830210,11973499
6287,-13,31899519.5718270540,29902899.6544769593,1996619.9173500929,14.9767611725,12011543
6299,-13,31363289.5498748645,29363112.4455448538,2000177.1043300119,14.6802562543,12057513
6301,-14,33534879.8286879323,31523702.3343187049,2011177.4943692258,15.6742517369,12065251
6311,-21,42206715.4786791801,40196134.6007323340,2010580.8779468450,19.9922992612,12102851
6317,-21,42357878.5900788307,40343434.2797996104,2014444.3102792203,20.0270784722,12126321
6323,-22,43729276.6649749726,41710478.0348065495,2018798.6301684217,20.6610393981,12149789
6329,-22,45458660.1169898510,43434309.1978464127,2024350.9191434355,21.4559189255,12172169
6337,-20,43772361.6037207022,41739826.6686118618,2032534.9351088426,20.5358471078,12202799
6343,-17,41357517.0092640892,39323819.7959097549,2033697.2133543359,19.3361231641,12226807
6353,-18,42577127.8117085844,40536890.1858754531,2040237.6258331288,19.8687102289,12265269
6359,-21,48207378.3119463250,46166084.8558407724,2041293.4561055517,22.6160940838,12287853
6361,-22,50199241.3091479763,48152167.5922605544,2047073.7168874238,23.5224394681,12295875
6367,-24,54353224.4226520509,52305312.5745087788,2047911.8481432751,25.5408027557,12318911
6373,-25,55767149.6557399184,53713198.0999203622,2053951.5558195594,26.1511513978,12342461
6379,-25,55535747.8189973384,53480161.6606878787,2055586.1583094564,26.0169886066,12365987
6389,-23,51334566.9042107239,49273098.5368563384,2061468.3673543853,23.9019425751,12405263
6397,-24,52958602.4847039133,50887526.4714136347,2071076.0132902786,24.5705740132,12435523
6421,-20,46360597.4631786495,44276205.0720754713,2084392.3911031752,21.2417802238,12528649
6427,-20,47094565.1215378493,45003315.0293404311,2091250.0921974159,21.5198149649,12551885
6449,-15,36759453.9759417996,34659268.4931109920,2100185.4828308043,16.5029559420,12638255
6451,-16,38784285.1114366055,36680038.2263750210,2104246.8850615830,17.4314328260,12646383
6469,-15,35022888.1447235793,32904082.5364533588,2118805.6082702205,15.5295428745,12717105
6473,-17,37203936.4975865185,35086935.4532241523,2117001.0443623662,16.5738867001,12733697
6481,-20,42763152.1008003876,40636105.6622183770,2127046.4385820106,19.1044750717,12763973
6491,-17,38919575.2354199514,36789130.4789275527,2130444.7564923982,17.2682865241,12803201
6521,-12,28466019.1953299753,26314667.4163337573,2151351.7789962180,12.2316897093,12921927
6529,-13,28892655.8828382008,26736687.5546667501,2155968.3281714511,12.4012431933,12954091
6547,-11,23047733.0599078834,20882469.5789857060,2165263.4809221765,9.6443087703,13024717
6551,-13,26260564.1959553957,24095732.0437673368,2164832.1521880575,11.1305313067,13041311
6553,-14,28493828.7504461110,26319759.4386802875,2174069.3117658230,12.1062191055,13049589
6563,-15,28981688.6614080295,26805108.2193466164,2176580.4420614126,12.3152389415,13089607
6569,-18,34386644.3090087026,32207082.0835157670,2179562.2254929389,14.7768582639,13113165
6571,-19,36428732.3626025021,34243706.6503312141,2185025.7122712890,15.6719925345,13121461
6577,-22,41203577.5233040676,39016966.3514210284,2186611.1718830382,17.8435777029,13145407
6581,-22,42641693.1527963057,40450812.2791247591,2190880.8736715443,18.4632641442,13160863
6599,-20,37006952.4188339114,34811032.1442560330,2195920.2745778798,15.8525938065,13233789
6607,-21,40376047.1405884922,38171165.4106808081,2204881.7299076803,17.3121147012,13265267
6619,-19,35175630.6283138022,32960658.5531589352,2214972.0751548689,14.8808460941,13313859
6637,-15,27445934.1326772533,25217674.7756249085,2228259.3570523444,11.3172080691,13385821
6653,-13,24219166.2790821306,21980706.0344095379,2238460.2446725941,9.8195650723,13450993
6659,-15,27308889.2087412030,25071313.6504266970,2237575.5583145069,11.2046780084,13474893
6661,-16,29567403.7332411334,27320846.9504332915,2246556.7828078410,12.1612091711,13483279
6673,-12,25022678.3935294822,22771652.9367309548,2251025.4567985288,10.1161241282,13531537
6679,-13,25873413.7573302798,23619013.1032624394,2254400.6540678409,10.4768480530,13556217
6689,-15,29063544.3897422329,26800422.5725579374,2263121.8171842964,11.8422359632,13596721
6691,-15,30673656.8232022710,28410367.0304946825,2263289.7927075890,12.5526864134,13605185
6701,-16,33386995.6135366745,31115258.3647175394,2271737.2488191365,13.6966800984,13644973
6703,-18,36404462.3333511353,34134065.2690743506,2270397.0642767823,15.0344033677,13653905
6709,-19,37486574.8639188483,35212493.8824440539,2274080.9814747931,15.4842743813,13678723
6719,-17,36706620.6831404045,34431817.6015068218,2274803.0816335850,15.1361750296,13719593
6733,-16,35852174.3949842229,33559517.5616317168,2292656.8333525048,14.6378285112,13776355
6737,-17,38314231.4697078541,36020255.9254637659,2293975.5442440864,15.7021098223,13792623
6761,-16,35149699.8582519740,32839481.0362501703,2310218.8220018027,14.2148790078,13890877
6763,-17,37399323.7444325089,35086165.6022710949,2313158.1421614131,15.1680790702,13899485
6779,-17,34983060.8487260640,32662294.3826550990,2320766.4660709635,14.0739255156,13965219
6781,-18,37039568.9082766026,34714102.2282986045,2325466.6799779981,14.9278003109,13973789
6791,-17,36596865.0930759236,34265879.8175619170,2330985.2755140034,14.7001700000,14014039
6793,-18,39188552.4557463750,36854764.8661311865,2333787.5896151881,15.7918248559,14023085
6803,-17,37243813.9630926251,34908701.3344814405,2335112.6286111837,14.9494722039,14064569
6823,-13,30320371.1993957162,27966353.5638908595,2354017.6355048553,11.8802651017,14146949
6827,-13,30997753.9096799865,28642723.1817492805,2355030.7279307051,12.1623564576,14163471
6829,-14,33765686.7870481461,31408473.3680232316,2357213.4190249117,13.3244080127,14172569
6833,-16,37439845.7945094556,35078983.5747569352,2360862.2197525227,14.8585475600,14188965
6841,-16,37220055.3289831728,34849691.5593763888,2370363.7696067863,14.7022545679,14221885
6857,-19,42693329.7953830287,40318999.7097495198,2374330.0856335103,16.9812108071,14287865
6863,-20,44769027.6912239864,42391943.3481436223,2377084.3430803623,17.8335882240,14313723
6869,-19,45103041.2944100946,42719115.4531035870,2383925.8413065090,17.9196494760,14338513
6871,-19,46873188.2551530078,44486413.0172892585,2386775.2378637488,18.6387106383,14347205
6883,-20,48535561.6238894388,46139709.3898510784,2395852.2340383632,19.2581615570,14396731
6899,-18,44407759.3162764385,42005485.6418959126,2402273.6743805227,17.4857203365,14464171
6907,-17,42654706.5850964114,40242529.3676417395,2412177.2174546709,16.6830733150,14497693
6911,-19,46772461.3537989557,44361207.4985117316,2411253.8552872208,18.3975683030,14514343
6917,-19,46634908.9196556732,44212829.5999820605,2422079.3196736146,18.2540799721,14539945
6947,-15,39976416.3109270707,37539099.5802235231,2437316.7307035448,15.4018142605,14665733
6949,-16,42587355.1658859178,40145988.1421177015,2441367.0237682196,16.4440609508,14674983
6959,-17,45894175.7591302767,43449919.5652075335,2444256.1939227465,17.7763360785,14716431
6961,-18,48393130.3199791461,45940474.8523257598,2452655.4676533863,18.7309124572,14725181
6967,-21,53431795.3621144220,50976973.9652180374,2454821.3968963856,20.7660622600,14750263
6971,-22,56847853.5718455538,54392893.2656795681,2454960.3061659834,22.1563229063,14767357
6977,-23,57995003.8862344995,55531967.0479983687,2463036.8382361308,22.5461374292,14793099
6983,-24,59935009.9625409544,57471664.3364205658,2463345.6261203848,23.3307351299,14818921
6991,-26,63381781.0142530650,60911326.7636475191,2470454.2506055441,24.6559217799,14852655
6997,-27,65084335.2290653214,62608986.0713744238,2475349.1576908994,25.2929918500,14877589
7001,-26,64769712.6870424598,62289695.0564945936,2480017.6305478648,25.1166339663,14895147
7013,-28,67145795.9795775563,64660300.0363058969,2485495.9432716584,26.0150495161,14946407
7019,-28,68985444.2825959921,66499337.6254580095,2486106.6571379849,26.7483848428,14971951
7027,-29,71049649.9836949706,68553624.6100072861,2496025.3736876822,27.4651152719,15005899
7039,-24,63662738.2263922319,61160010.0123012215,2502728.2140910109,24.4373358913,15057489
7043,-25,65664047.7812629119,63156829.2683370858,2507218.5129258242,25.1899979769,15074791
7057,-25,66922626.5738032982,64400679.2548027560,2521947.3190005403,25.5360921973,15133811
7069,-21,61027423.6760767996,58501153.2120091990,2526270.4640675993,23.1571219488,15186235
7079,-19,59439296.6236184314,56908543.6004984453,2530753.0231199884,22.4868025764,15228817
7103,-16,48956122.7789583057,46408761.4360869303,2547361.3428713726,18.2183660618,15332897
7109,-17,51792626.9877395630,49241289.5811236873,2551337.4066158743,19.3001872090,15357927
7121,-12,44643139.3180162683,42079013.8816255555,2564125.4363907110,16.4106690275,15409701
7127,-14,47445895.3311531246,44882000.3653328046,2563894.9658203190,17.5053974378,15435793
7129,-15,50104501.6581488252,47531806.4569445923,2572695.2012042310,18.4754907751,15445079
7151,-6,34538587.0144591928,31952311.5871211179,2586275.4273380726,12.3545664353,15539945
7159,-6,32908295.5405386202,30318002.3905829974,2590293.1499556242,11.7044676550,15575731
7193,-3,30865328.5909366608,28248954.2476013638,2616374.3433352951,10.7969848885,15723245
7207,-3,29131064.2557711117,26508313.3611011803,2622750.8946699328,10.1070648436,15783913
7211,-3,31217097.1494725049,28587216.3515466265,2629880.7979258779,10.8701566908,15801647
7213,-4,34166966.5699577779,31535592.8204028457,2631373.7495549284,11.9844597620,15811257
7229,-3,35223329.7064422667,32582857.0824860372,2640472.6239562333,12.3397821992,15880949
7589,-3,39018496.1568730921,36109134.7326373309,2909361.4242357588,12.4113609371,17502283
7591,-5,42677408.4439226687,39761755.8961105645,2915652.5478121010,13.6373436972,17511631
7603,-3,39980351.2101018205,37058312.6533339769,2922038.5567678423,12.6823489606,17566829
7607,-3,40797578.1472381055,37874708.4592659026,2922869.6879722048,12.9580557817,17585777
7691,-5,44985468.1001086235,41994505.8406449556,2990962.2594636683,14.0404666451,17975887
7699,-5,44990948.8581574112,41997950.7971698642,2992998.0609875466,14.0320674927,18013919
7703,-6,48309351.7307246625,45311304.2102703154,2998047.5204543434,15.1136044046,18032667
7717,-3,44615118.5530193150,41604301.2558130547,3010817.2972062631,13.8182749562,18097533
7723,-5,48756180.6002973542,45736467.3497709259,3019713.2505264264,15.1459637241,18125629
7727,-5,49792492.0496431962,46777281.5255322382,3015210.5241109552,15.5137696527,18145153
7741,-6,47505086.4792506620,44472230.0326178819,3032856.4466327829,14.6634800608,18210635
7753,-6,46222035.8495952487,43179339.0482564792,3042696.8013387672,14.1911409080,18266999
7757,-5,46967955.3363667727,43926050.6118164733,3041904.7245503017,14.4403111173,18285619
7759,-6,50375150.8279598504,47331923.4324628115,3043227.3954970418,15.5531997058,18295955
7883,-3,41309060.1435481980,38170122.7300126031,3138937.4135355949,12.1602050953,18885513
7933,-3,41820194.0338083655,38639685.2306118682,3180508.8031964973,12.1489005758,19125065
7937,-3,43545944.0200031549,40362381.0815951452,3183562.9384080134,12.6783675594,19144851
7949,-4,44692779.4628406018,41498993.1052275524,3193786.3576130499,12.9936659684,19202703
7951,-5,47706673.7058947161,44510596.9293568805,3196076.7765378323,13.9266356979,19212731
7963,-10,55583709.4119207636,52378487.2930703834,3205222.1188503774,16.3416092086,19270473
7993,-4,37510710.0073607042,34276991.8119574487,3233718.1954032527,10.5998697910,19415995
9221,-4,49695264.2681186646,45396784.7569929808,4298479.5111256838,10.5611262400,25839751
9227,-4,50058635.7834361121,45752965.0229211003,4305670.7605150100,10.6262107736,25874039
9241,-3,47781062.3359087631,43454290.5209592879,4326771.8149494743,10.0431204555,25953023
9277,-3,47718681.9963035136,43364671.0915675759,4354010.9047359414,9.9597065879,26153851
9281,-3,48995677.2998304665,44640380.7794095650,4355296.5204209024,10.2496765881,26177529
9283,-5,54626608.6431404501,50264674.6587568074,4361933.9843836436,11.5234835829,26189113
9293,-6,57737811.1264400855,53368258.0395815894,4369553.0868584970,12.2136651000,26246105
9311,-4,47747052.5264732912,43364417.6400351897,4382634.8864381034,9.8945996561,26346819
9319,-4,48356794.4819247350,43966960.5839304328,4389833.8979943004,10.0156319363,26392433
9323,-7,58035582.0277951211,53642498.6604120582,4393083.3673830600,12.2106716796,26415699
9337,-5,53727201.6679937616,49320348.4289869368,4406853.2390068267,11.1917383571,26494239
9341,-6,59939750.3790843040,55528983.1789307445,4410767.2001535632,12.5894160039,26516639
9343,-7,64623980.2218094319,60208743.8908625394,4415236.3309468888,13.6365846306,26529075
9349,-5,60126546.7804942802,55707343.6130832285,4419203.1674110489,12.6057439549,26563417
9371,-4,52408620.4672296643,47970702.8456111178,4437917.6216185493,10.8092819506,26687963
9377,-7,61783163.3659931868,57335920.9210071713,4447242.4449860165,12.8924657538,26721685
9391,-3,48844370.8012903631,44383772.1816405579,4460598.6196498051,9.9501829163,26801835
9397,-3,50689930.0359338745,46222628.2460125461,4467301.7899213284,10.3468783663,26836049
9403,-8,65149239.7017809004,60679392.0257608294,4469847.6760200672,13.5752706633,26870041
9413,-7,61477946.3717203736,56996790.6529214680,4481155.7187989084,12.7192166998,26928493
9419,-11,75112457.5176768899,70627794.4242532700,4484663.0934236273,15.7487403073,26962173
9421,-12,79036836.4874143898,74543782.1652797461,4493054.3221346512,16.5908927026,26974087
9431,-14,83310795.9400787205,78813931.1336627752,4496864.8064159444,17.5264177436,27030151
9433,-15,88024192.0092118979,83521432.4183649868,4502759.5908469064,18.5489433165,27042701
9437,-16,93505443.4516470730,89003028.4507290274,4502415.0009180475,19.7678420209,27065349
9439,-17,97906734.0239639133,93403216.7147319466,4503517.3092319611,20.7400594471,27077425
9461,-17,97524204.7842740268,92995610.2233312279,4528594.5609427942,20.5352033554,27202529
9463,-17,100614147.4229980260,96085071.2890662700,4529076.1339317504,21.2151592174,27214941
9467,-18,105290510.7354583591,100758606.3256653845,4531904.4097929737,22.2331711384,27237919
9473,-18,105564912.7134676576,101027174.9671670496,4537737.7463006023,22.2637756114,27272617
9479,-21,113952326.2178321779,109412737.4557432830,4539588.7620888995,24.1019050821,27307181
9491,-21,111347556.1234183460,106791641.2663030177,4555914.8571153302,23.4402188398,27376339
9497,-22,113754380.9638064057,109192429.1678821892,4561951.7959242146,23.9354631641,27411521
9511,-20,109117773.1830968708,104541495.7119549811,4576277.4711418925,22.8442213942,27491927
9521,-22,116289564.1341618896,111701643.5001683384,4587920.6339935474,24.3468996984,27548683
9533,-22,110574830.8189008534,105982720.0372427702,4592110.7816580757,23.0793038488,27619707
9539,-22,112549888.9911371022,107952538.0388720483,4597350.9522650493,23.4814655570,27654251
9547,-24,121368947.6367742121,116762473.9798518717,4606473.6569223339,25.3474745925,27699773
9551,-25,124611424.8107627481,119997568.1359178424,4613856.6748449095,26.0080831705,27723079
9587,-19,95786955.3912791610,91141380.6647917926,4645574.7264873693,19.6189677340,27932377
9601,-18,90715901.8768418431,86047114.0117268264,4668787.8651150241,18.4302899377,28014193
9613,-17,87209500.3719864935,82536298.2519092113,4673202.1200772831,17.6616153402,28084017
9619,-16,86373957.2163149416,81697622.5070989132,4676334.7092160303,17.4704394760,28119641
9623,-18,91445610.4674315602,86763915.4882982373,4681694.9791333182,18.5325861413,28143635
9629,-17,92444862.0900586843,87757770.2555343956,4687091.8345242888,18.7232879905,28178277
9631,-18,96748297.4262683988,92056227.3682173789,4692070.0580510153,19.6195338580,28190449
9643,-19,98011049.5877551436,93306695.1290382743,4704354.4587168666,19.8341124054,28260195
9649,-19,98141795.5370275974,93430143.9764820486,4711651.5605455516,19.8295953714,28295465
9661,-19,98545848.1966595352,93820147.6813846380,4725700.5152749019,19.8531725356,28365013
9677,-17,87786318.6313793659,83049897.0843645930,4736421.5470147701,17.5343128267,28459423
9679,-19,94155828.3161629289,89421745.6731380671,4734082.6430248553,18.8889278908,28472323
9689,-22,102944248.0718728602,98199432.0605823100,4744816.0112905502,20.6961517216,28530525
9697,-25,108932588.6509365290,104173608.2818378955,4758980.3690986326,21.8899008196,28577109
9719,-32,124343601.8908082992,119572012.2266512364,4771589.6641570609,25.0591565165,28706673
9721,-33,129550065.3128618449,124763817.8827017844,4786247.4301600587,26.0671475312,28718983
9733,-32,125531768.7862496823,120740924.5653522909,4790844.2208973914,25.2024317632,28790131
9739,-34,134207659.1427085847,129409035.6583740413,4798623.4843345480,26.9679494715,28824919
9743,-35,140450336.1930284500,135655258.3786819875,4795077.8143464588,28.2905228301,28849495
9749,-36,142460949.7528951764,137658729.5620673299,4802220.1908278391,28.6656429926,28885165
9767,-31,121902648.2384896874,117082576.1304251105,4820072.1080645835,24.2906275063,28991217
9769,-32,126717291.0787282139,121887813.8073428273,4829477.2713853801,25.2383036420,29003863
9781,-31,125446956.8157920688,120606342.3935782313,4840614.4222138440,24.9155028420,29073883
9787,-33,133290733.3283345103,128445968.3092451096,4844765.0190893952,26.5123216096,29109947
9791,-34,138184728.0503627360,133340525.9342595637,4844202.1161031770,27.5257973838,29134145
9803,-33,134592458.8170807362,129734188.7450321764,4858270.0720485626,26.7037827912,29205915
9811,-34,137842230.9836421013,132971761.7435384989,4870469.2401036052,27.3016325919,29253427
9817,-36,146697431.1951442063,141823146.0692891479,4874285.1258550705,29.0961940895,29288881
9829,-38,154812429.6602709889,149920970.6064097285,4891459.0538612707,30.6495401383,29360329
9833,-41,164205735.2934358716,159315729.2666479647,4890006.0267879097,32.5798635817,29385269
9839,-41,166215262.0334770679,161324830.4769040942,4890431.5565729588,32.9878516059,29421167
9851,-41,168689351.0874521136,163781729.5659093857,4907621.5215427224,33.3729340877,29491689
9857,-42,172564230.2024609745,167648455.6869935989,4915774.5154673867,34.1041793434,29528007
9859,-42,175879498.5123670995,170965705.4696087241,4913793.0427583884,34.7930211920,29540983
9871,-39,163001387.3319001198,158070108.2367123663,4931279.0951877609,32.0545856735,29612159
9883,-41,169321118.0715371072,164379286.2345352173,4941831.8370018862,33.2628247290,29684541
9887,-42,175411250.7452401221,170469760.4201633930,4941490.3250767216,34.4976412389,29708853
9901,-38,164897977.7551368773,159931898.9705089927,4966078.7846278837,32.2048654294,29792263
9907,-37,165607701.6929938197,160642533.6210061014,4965168.0719877230,32.3538964426,29828449
9923,-38,167476250.2923136950,162495424.8173427284,4980825.4749709768,32.6241956547,29924719
9929,-40,174319728.7758882642,169333778.2965083122,4985950.4793799408,33.9621861462,29961333
9931,-40,178149905.6780959964,173160075.3598240614,4989830.3182719452,34.7025979472,29973901
9941,-35,164184487.1539599597,159181794.0985265970,5002693.0554333618,31.8192206347,30033857
9949,-35,164137427.4061753452,159133681.2230307460,5003746.1831446113,31.8029083408,30082433
9967,-34,160353121.6961191297,155326490.4308525622,5026631.2652665619,30.9007130688,30190781
9973,-35,164347519.9666834772,159316492.8626580834,5031027.1040253863,31.6667927977,30227959
