p,M_p,B_plus_C,B_raw,delta_sq,R,n_farey
13,-3,5.5748917749,-1.2961038961,6.8709956710,-0.1886340726,47
19,-3,16.1280924957,2.2687004172,13.8593920785,0.1636940787,103
31,-4,100.8551617584,60.0057579700,40.8494037884,1.4689506432,279
43,-3,193.8565672394,110.0616277498,83.7949394897,1.3134638967,543
47,-3,222.8797173481,134.4829054601,88.3968118880,1.5213547026,651
53,-3,289.7854424154,167.6119825101,122.1734599054,1.3719181125,831
71,-3,610.9381520681,392.7748701437,218.1632819244,1.8003711105,1495
73,-4,990.4309911753,728.4051985301,262.0257926452,2.7798988457,1589
79,-4,979.5715720960,703.3453330195,276.2262390765,2.5462654648,1857
83,-4,1165.2296668668,865.5797179378,299.6499489289,2.8886362939,2061
107,-3,1975.3783498405,1465.9869676688,509.3913821716,2.8779186672,3427
109,-4,2678.2775926010,2105.6772862721,572.6003063289,3.6773946206,3569
113,-5,3345.1028407830,2726.2042627576,618.8985780253,4.4049289489,3837
131,-3,3029.8042385195,2222.1572958233,807.6469426961,2.7513969017,5155
139,-4,4283.2539110984,3385.0557045437,898.1982065547,3.7687179509,5815
173,-3,6444.3355315207,5006.4143683216,1437.9211631992,3.4817029587,9023
179,-3,6531.9587387171,5062.2284424119,1469.7302963052,3.4443247548,9655
181,-4,8710.8176891352,7091.4588185820,1619.3588705532,4.3791768135,9881
191,-5,8436.7561794684,6707.9582950804,1728.7978843880,3.8801287043,10977
193,-6,10703.8040325077,8841.0231275721,1862.7809049356,4.7461422351,11231
197,-7,12551.6742156809,10702.4105075904,1849.2637080905,5.7873901168,11699
199,-8,14958.2199506469,13062.3979386722,1895.8220119747,6.8900972012,11955
271,-3,18174.1768548683,14528.4021621631,3645.7746927052,3.9849972603,22205
277,-4,23099.4945337844,19318.3248721750,3781.1696616094,5.1090870289,23171
281,-4,25678.4322472002,21717.5351882874,3960.8970589128,5.4829839971,23861
283,-6,30228.9157273499,26306.8388889845,3922.0768383654,6.7073746826,24233
293,-8,33733.6684288664,29596.6768143039,4136.9916145625,7.1541544126,25975
311,-3,23878.7312423916,19183.3317334496,4695.3995089421,4.0855590024,29231
313,-4,29664.1055512139,24764.7555770072,4899.3499742067,5.0547022988,29637
317,-4,31509.4270939660,26590.1257836878,4919.3013102783,5.4052647127,30405
379,-3,40482.0115441752,33359.7501719226,7122.2613722526,4.6838705333,43467
389,-3,46898.2868418864,39500.5111122193,7397.7757296670,5.3395118419,45817
431,-3,43719.6899121566,34657.0840890110,9062.6058231456,3.8241853133,56211
433,-4,54430.7742514343,45088.2234620978,9342.5507893365,4.8261148886,56785
439,-7,66541.6894045373,57095.0572436994,9446.6321608379,6.0439589762,58377
443,-9,82133.3785447848,72427.1547393458,9706.2238054390,7.4619291901,59419
449,-7,76030.3221694773,66069.5723725091,9960.7497969681,6.6329918650,61067
457,-6,73101.1493529461,62646.8313010728,10454.3180518733,5.9924359475,63217
461,-6,80393.0665409791,69905.5500897104,10487.5164512687,6.6655962271,64365
463,-6,89868.2522225606,79140.8842827912,10727.3679397695,7.3774745797,64945
467,-7,100242.1909494886,89599.3384310604,10642.8525184282,8.4187334435,66103
479,-6,89084.0443410956,77967.3491784549,11116.6951626407,7.0135366705,69515
487,-5,85725.4242904943,74007.1168077599,11718.3074827343,6.3155124507,71823
491,-5,89802.1819236376,77793.1965456237,12008.9853780139,6.4779158353,73041
499,-6,96884.7082823429,84593.7833474645,12290.9249348784,6.8826214297,75419
503,-5,94363.4266119098,82072.1240215226,12291.3025903872,6.6772519363,76699
509,-6,101927.9430731896,89237.6114099600,12690.3316632296,7.0319368932,78529
523,-3,92503.8671132061,78763.7192868524,13740.1478263537,5.7323778668,82909
617,-3,131060.8178071890,112003.3216197619,19057.4961874272,5.8771268019,115381
619,-5,157800.4091032199,138733.0053213181,19067.4037819019,7.2759252863,116201
631,-3,139617.0645032632,119431.8003341517,20185.2641691114,5.9167816350,120689
643,-4,151831.6695319317,131411.9084530980,20419.7610788337,6.4355262506,125391
647,-7,198945.3887101175,178263.0844735560,20682.3042365615,8.6191114121,126921
653,-8,215494.8950933578,194256.1027262934,21238.7923670644,9.1462875746,129287
659,-10,231664.4857469489,210274.8971479048,21389.5885990441,9.8307125532,131703
661,-11,255604.2134798241,233687.4945225746,21916.7189572495,10.6625218391,132521
673,-11,252543.0174153111,229668.8415668670,22874.1758484441,10.0405296824,137319
677,-11,264845.7803786119,241874.8709960208,22970.9093825911,10.5296166977,138999
683,-12,275998.8564558073,252868.4472577926,23130.4091980147,10.9322945864,141483
691,-9,243690.9235524952,219758.5020316886,23932.4215208066,9.1824599463,144811
701,-5,192287.9245164348,167826.9322588196,24460.9922576152,6.8610026319,149019
709,-4,182761.1641209121,157761.9017475601,24999.2623733521,6.3106622664,152455
719,-3,162255.6975057551,136935.2482713287,25320.4492344265,5.4080892090,156785
733,-3,166732.5165212295,139935.2937163677,26797.2228048618,5.2220073228,162969
743,-5,226561.8479865121,199098.1764206102,27463.6715659020,7.2495105377,167425
751,-3,201469.0494638763,173210.6894527804,28258.3600110959,6.1295379274,171019
757,-3,203353.7172400549,174418.1667353617,28935.5505046933,6.0278157385,173789
761,-4,239248.2997487853,210139.6977814300,29108.6019673553,7.2191614705,175651
769,-3,213229.1088259462,183683.1337415151,29545.9750844311,6.2168580734,179409
829,-3,238218.6733266265,203680.6038452059,34538.0694814206,5.8972781891,208537
839,-3,235564.5910777512,200942.9781081869,34621.6129695643,5.8039750570,213559
863,-3,307695.1703147851,270942.3890101735,36752.7813046116,7.3720240861,226001
1031,-5,439458.5654643610,386462.6448531272,52995.9206112338,7.2923093022,322533
1033,-6,501652.4046338434,448203.2838799751,53449.1207538682,8.3856063029,323899
1039,-8,573213.2045427470,519491.2340234767,53721.9705192703,9.6699958881,327655
1049,-5,498963.8768210862,444195.7643022566,54768.1125188296,8.1104815170,333971
1051,-6,556433.5792195321,500713.2961198261,55720.2830997059,8.9861944029,335259
1061,-5,512444.1299498063,455902.0337215127,56542.0962282936,8.0630550357,341647
1063,-6,577229.3838595815,520690.8656252195,56538.5182343620,9.2094890684,343055
1069,-8,663901.6426200314,606593.0646249448,57308.5779950866,10.5846818373,346901
1087,-8,580147.9328686139,521108.8966125470,59039.0362560669,8.8265142804,358501
1091,-10,663360.2316316201,604174.8969261331,59185.3347054870,10.2081858611,361191
1093,-11,729867.6012983136,669425.2830958999,60442.3182024137,11.0754402380,362569
1097,-12,778610.9191495770,718400.0625834680,60210.8565661090,11.9314041280,365327
1103,-12,793510.1085510390,732769.3691821959,60740.7393688432,12.0638862285,369355
1109,-15,913004.9491477307,851674.8596179052,61330.0895298254,13.8867375891,373317
1117,-13,871069.0320975478,808365.5943914066,62703.4377061412,12.8918863776,378693
1123,-12,857335.3441841992,794090.2446819483,63245.0995022509,12.5557592751,382805
1129,-12,878957.9579602960,814955.3046120262,64002.6533482698,12.7331487365,386941
1151,-6,543163.4602500699,477144.3236858273,66019.1365642425,7.2273638905,402063
1153,-7,616688.1715643596,549449.3158288068,67238.8557355528,8.1716041985,403597
1163,-6,557069.8321832611,489203.9439682810,67865.8882149801,7.2083922695,410565
1171,-5,508252.0050903719,439145.3124476708,69106.6926427011,6.3545988913,416195
1181,-6,530236.7091271734,460218.1851064231,70018.5240207503,6.5728061473,423339
1187,-8,624328.4116701473,554109.5882237187,70218.8234464287,7.8911830337,427639
1193,-6,556595.1282614779,485335.9737893776,71259.1544721003,6.8108578804,432073
1201,-5,535679.2897506586,462845.3856289695,72833.9041216891,6.3548067512,437787
1223,-3,534026.8131181466,459439.7770393597,74587.0360787869,6.1597805891,454049
1237,-3,657668.2303664420,580912.4642388597,76755.7661275823,7.5683234439,464497
1249,-3,609003.9028144657,530272.4605394887,78731.4422749769,6.7352057224,473559
1499,-3,1087602.8486661376,975180.7300740338,112422.1185921036,8.6742781784,682285
1511,-3,1030395.2897469639,916571.8746296618,113823.4151173021,8.0525775271,693213
1553,-4,1067419.7283655640,946270.4088907496,121149.3194748145,7.8107777493,732321
1559,-4,1058935.9499903927,937606.9522839485,121328.9977064441,7.7278059657,738073
1567,-3,984018.0454755474,860816.9250691570,123201.1204063904,6.9870868238,745543
1571,-4,1084573.6629210114,960326.8984575166,124246.7644634949,7.7291903946,749449
1579,-4,1077187.9719132057,952165.4702548834,125022.5016583222,7.6159527895,757149
1583,-7,1365581.5580109349,1240410.4306068944,125171.1274040403,9.9097168519,760983
1597,-5,1160420.4827974141,1031892.1197804771,128528.3630169368,8.0285167846,774301
1601,-8,1437804.7291790696,1308419.7103611084,129385.0188179613,10.1126059440,778233
1607,-10,1570191.9202374616,1440481.4602058090,129710.4600316526,11.1053608156,784097
1609,-11,1716281.9208444715,1586324.8112227933,129957.1096216783,12.2065257979,786231
1613,-11,1814928.6752412987,1683758.6950804396,131169.9801608592,12.8364637474,790155
1619,-13,2022215.3213732392,1891409.9962168932,130805.3251563459,14.4597323844,795903
1621,-14,2185862.2837242959,2052911.4822331162,132950.8014911797,15.4411365649,797953
1627,-14,2214554.0868687644,2081627.8164000872,132926.2704686773,15.6600182121,803875
1637,-16,2287068.8093213509,2152984.1735656071,134084.6357557438,16.0569043681,813829
1657,-10,1779108.8184873180,1640690.9361256836,138417.8823616343,11.8531717733,833681
1663,-11,1883170.9091850778,1744587.9898917584,138582.9192933194,12.5887663414,839809
1667,-12,2069360.5966903833,1929590.6768064408,139769.9198839424,13.8054788785,843775
1669,-13,2236216.8964715493,2096137.9783636485,140078.9181079009,14.9639789247,845993
1693,-9,1684307.0675985448,1540112.9469497770,144194.1206487679,10.6808303974,870415
1697,-11,1908619.9924093068,1763862.6532933253,144757.3391159816,12.1849618407,874495
1699,-13,2106102.1193679171,1961311.3286132391,144790.7907546777,13.5458292505,876755
1709,-13,2185936.2703444269,2039532.0372188508,146404.2331255762,13.9308269555,886885
1721,-9,1783137.6677566860,1634090.4739911277,149047.1937655582,10.9635775938,899419
1723,-9,1904681.8196011670,1754805.6414227041,149876.1781784630,11.7083692869,901619
1733,-9,1865526.3255112816,1714584.6032539175,150941.7222573640,11.3592489711,912079
1741,-9,1808665.7514247878,1655765.4913198075,152900.2601049804,10.8290560800,920495
1747,-11,2010601.5639327553,1857432.0644429454,153169.4994898099,12.1266444731,926843
1753,-12,2185511.6959649189,2030707.3134863300,154804.3824785888,13.1178929238,933229
1759,-12,2153417.3825857253,1998645.6571686924,154771.7254170328,12.9135063383,939681
1777,-7,1702549.9828864494,1543175.5494347480,159374.4334517015,9.6827045343,958839
1783,-7,1708591.9094562861,1548156.8532006578,160435.0562556284,9.6497417044,965431
1787,-8,1867417.9110582506,1706874.9305047765,160542.9805534740,10.6318876392,969697
1789,-9,2060079.3663876429,1899039.0911417266,161040.2752459164,11.7923239279,972075
1801,-7,1750392.4493636310,1586206.0226019919,164186.4267616391,9.6610058084,985059
1811,-7,1761901.8986152690,1597152.1546221543,164749.7439931147,9.6944135749,996023
1823,-3,1341411.2420761888,1174948.6458500214,166462.5962261674,7.0583342594,1009345
1831,-3,1364433.9576056742,1195704.0338970448,168729.9237086292,7.0864966191,1018143
1873,-3,1267835.9518084798,1090213.6542218458,177622.2975866341,6.1378197953,1065423
1877,-3,1393208.7901925733,1215623.2686685838,177585.5215239894,6.8452836596,1070023
1879,-5,1624073.7857179046,1446887.1226007182,177186.6631171865,8.1658918180,1072523
1889,-7,1977985.8573885516,1799501.4309067314,178484.4264818202,10.0821201400,1083693
1901,-4,1606485.4871663926,1424171.2694046728,182314.2177617199,7.8116303100,1097459
1907,-5,1709060.0401019268,1526256.9250604170,182803.1150415099,8.3491844475,1104439
1913,-6,1800041.2550925878,1616144.2185541200,183897.0365384677,8.7883102902,1111493
1933,-3,1354128.8736997910,1165458.5015056073,188670.3721941837,6.1772205564,1134849
2143,-3,2661753.3447066196,2430051.2384378319,231702.1062687879,10.4878254133,1394975
2347,-3,2623450.7586167459,2345331.8002910293,278118.9583257167,8.4328368494,1672979
2351,-4,2869765.8852342861,2592233.7460701712,277532.1391641149,9.3403011049,1678929
2357,-6,3255743.9708051644,2976482.1304929466,279261.8403122178,10.6583918775,1687499
2377,-3,2879610.8700587293,2593683.7406229163,285927.1294358131,9.0711355223,1716135
2381,-6,3455134.8325277907,3168642.3463339112,286492.4861938796,11.0601237346,1721839
2383,-8,3815963.5533094569,3530294.8476000559,285668.7057094012,12.3580034391,1725011
2389,-9,4286967.0253512496,3999683.3347711544,287283.6905800952,13.9224169903,1733609
2393,-10,4544708.4401109572,4256249.3310134010,288459.1090975560,14.7551219455,1739597
2399,-12,4821489.4325400069,4532846.6238654330,288642.8086745735,15.7039998491,1748297
2411,-15,5277390.6607360728,4985086.5077563999,292304.1529796726,17.0544498152,1765609
2417,-15,5344020.2122266181,5050085.1919421935,293935.0202844250,17.1809578425,1774455
2423,-15,5360295.0856504394,5064710.9081009235,295584.1775495163,17.1345805790,1783431
2437,-11,4622803.1521395650,4322777.8786466727,300025.2734928925,14.4080457900,1803861
2441,-13,5035276.0487403823,4735330.8072998654,299945.2414405167,15.7873176602,1810021
2447,-12,5067949.6981487656,4767819.2068051416,300130.4913436241,15.8858208157,1818891
2459,-11,4672503.7446842371,4369034.6612809245,303469.0834033128,14.3969679293,1836765
2467,-10,4601645.9522435507,4294609.4112526216,307036.5409909291,13.9872908853,1848633
2473,-8,4302733.8888960686,3994136.4083467904,308597.4805492779,12.9428678460,1857767
2477,-8,4396735.9426311161,4087866.7720133122,308869.1706178037,13.2349459282,1863911
2543,-3,2491714.0267722541,2166497.4564587395,325216.5703135145,6.6617068570,1964371
2549,-4,2674689.1208772990,2347442.5651620561,327246.5557152430,7.1733148116,1973665
2551,-5,2977376.3262560549,2649339.9908169033,328036.3354391517,8.0763613801,1976853
2557,-7,3649274.7487437096,3319365.4678279972,329909.2809157124,10.0614491918,1985951
2699,-6,3671583.7431519292,3305827.0622969856,365756.6808549438,9.0383231130,2212899
2707,-6,3704906.7678501704,3335261.8747992255,369644.8930509448,9.0228809798,2225933
2711,-8,4200030.4650336374,3830166.6522125197,369863.8128211177,10.3556133892,2232583
2713,-9,4613761.4086513836,4242649.6536444817,371111.7550069023,11.4322696503,2236189
2719,-13,5797775.1034638612,5425854.5412015775,371920.5622622835,14.5887458015,2245829
2729,-12,5642671.2392930435,5268457.2037703330,374214.0355227108,14.0787268880,2262423
2731,-14,6158790.7088783653,5781220.4163123844,377570.2925659808,15.3116400579,2265727
2741,-14,6306067.6528813681,5927045.1600647699,379022.4928165984,15.6377135194,2282227
2749,-13,6059860.6173333712,5679660.6314413836,380199.9858919874,14.9386134724,2295939
2753,-15,6685166.2979940111,6303236.6664577974,381929.6315362133,16.5036596954,2302591
2767,-16,6690612.0066990480,6305123.9136268916,385488.0930721565,16.3562092499,2325715
2777,-18,6920485.7207636796,6531570.6592079187,388915.0615557608,16.7943371313,2342741
2789,-19,7050726.4777778788,6659091.8268626053,391634.6509152732,17.0033264710,2362893
2791,-20,7446700.5365333203,7052876.0290028388,393824.5075304814,17.9086773274,2366401
2797,-23,8376374.4781185426,7981491.3661427218,394883.1119758204,20.2122884572,2376299
2801,-23,8512737.2758571189,8116357.5560463890,396379.7198107291,20.4762180061,2383313
2803,-25,9046257.3989791218,8650288.1402433664,395969.2587357552,21.8458578524,2387045
2819,-21,7986057.4567995034,7586135.7449377812,399921.7118617221,18.9690519918,2414443
2833,-23,8372407.8305117562,7967516.9227462821,404890.9077654746,19.6781818755,2438173
2837,-25,8857776.8534902036,8452943.4394991621,404833.4139910417,20.8800537391,2445013
2843,-23,8611591.0191878378,8204434.7847206574,407156.2344671813,20.1505812516,2455533
2851,-24,9104387.2276246008,8694312.8930633329,410074.3345612672,21.2017972360,2469021
2857,-23,9007606.1899706330,8594667.8599628378,412938.3300077955,20.8134417064,2479561
2861,-22,8860983.7359495722,8448022.7130196039,412961.0229299688,20.4571914634,2486709
2879,-20,8180812.6712501217,7765015.6774429753,415796.9938071463,18.6750163977,2517971
2887,-19,8090117.2088146368,7670645.6262755999,419471.5825390366,18.2864488217,2531941
2897,-19,8169226.7456436027,7747036.5103982873,422190.2352453158,18.3496345099,2549629
2903,-17,7701545.1739192102,7277697.4911654172,423847.6827537930,17.1705492027,2560483
2909,-18,8221278.0244239550,7795068.1477459455,426209.8766780092,18.2892714934,2570865
2917,-18,8439696.7581653297,8009394.5604983987,430302.1976669318,18.6134177421,2584865
2927,-17,8265326.6642933460,7833250.3140935730,432076.3501997729,18.1293197614,2602463
2939,-17,7850178.8370922245,7416128.3565119104,434050.4805803141,17.0858660186,2624125
2953,-15,7254062.2996059125,6813754.6585820103,440307.6410239025,15.4749861772,2649085
2957,-18,8008420.4470553817,7567784.8453417225,440635.6017136590,17.1747013085,2656341
2963,-16,7833443.6089647468,7391596.5212819912,441847.0876827553,16.7288564921,2667161
2969,-16,7989112.1313034706,7545766.6030924506,443345.5282110201,17.0200579975,2677933
2971,-17,8477834.5481617078,8030999.1880809199,446835.3600807884,17.9730610098,2681621
2999,-6,5110230.0189932361,4658304.4162345789,451925.6027586575,10.3076798212,2732391
3001,-7,5585782.5769118024,5130647.0027618697,455135.5741499328,11.2727883606,2736189
3011,-6,5334117.9738986120,4876576.1625729250,457541.8113256868,10.6582088060,2754145
3019,-7,5549811.5437885802,5090847.5501724025,458963.9936161774,11.0920412516,2768887
3023,-8,6159464.8660469148,5700474.2441485683,458990.6218983463,12.4195876172,2776487
3037,-6,5164355.3713510707,4699216.2805129206,465139.0908381502,10.1028195073,2801957
3041,-6,5365615.0900532072,4898847.7976976279,466767.2923555793,10.4952679374,2809429
3049,-3,4481448.2219878640,4012512.7033331939,468935.5186546704,8.5566406120,2824407
3061,-6,5376139.6463605380,4902305.8177979849,473833.8285625526,10.3460443774,2846211
3067,-3,4714991.7349336799,4240345.3861077065,474646.3488259732,8.9336943107,2857681
3079,-3,4469270.9230340486,3991809.5908342963,477461.3321997522,8.3604876911,2880211
3083,-6,5461289.7817709418,4981829.1416965844,479460.6400743573,10.3904861532,2887573
3089,-5,5370907.9357553842,4889760.2972621657,481147.6384932189,10.1627024765,2898985
3617,-3,7005106.6919990815,6344894.9563681940,660211.7356308876,9.6103940811,3975079
3623,-5,8425801.3036432303,7762864.8241837444,662936.4794594861,11.7098169504,3988133
3631,-5,8537894.5648417994,7871957.9973357227,665936.5675060760,11.8208826207,4005539
3637,-7,9378351.5254119057,8710924.9805596806,667426.5448522256,13.0515111329,4018861
3643,-8,9517953.1746548750,8848708.4620354585,669244.7126194168,13.2219325684,4032281
3659,-7,8758664.1279541310,8083691.4347855700,674972.6931685603,11.9763236596,4067721
3671,-3,7136037.5162418876,6457912.2747740233,678125.2414678640,9.5231852169,4094241
3673,-4,7866492.7203961276,7184614.0935646286,681878.6268314986,10.5364999149,4099063
3677,-6,8677479.9648831524,7995671.0252687577,681808.9396143953,11.7271431345,4107911
3691,-9,9407048.2905069776,8718467.2235578429,688581.0669491346,12.6614971599,4138879
3697,-7,8908643.4633121323,8217066.8078974616,691576.6554146707,11.8816428281,4152467
3701,-8,9596473.9669512250,8904591.9253870733,691882.0415641525,12.8701012462,4161857
3709,-9,9857745.0294772629,9163656.5507878140,694088.4786894481,13.2024328773,4179713
3719,-7,8870135.4412629288,8173520.7408322953,696614.7004306330,11.7332016332,4202229
3727,-8,9598774.0153644532,8896775.2751466520,701998.7402178013,12.6734917963,4220391
3733,-12,11636495.7866899651,10933858.6868313197,702637.0998586453,15.5611747359,4233821
3739,-10,11165334.0116009433,10460948.2224348206,704385.7891661224,14.8511630747,4247907
3761,-6,9311898.0599134024,8598693.7179644201,713204.3419489831,12.0564236814,4297417
3767,-8,9810694.0869974308,9094567.0825382508,716127.0044591804,12.6996566613,4311385
3769,-9,10608000.3322080672,9891327.7691987287,716672.5630093387,13.8017391480,4316399
3779,-6,9897690.9185816981,9179780.0387981869,717910.8797835110,12.7867961014,4339131
3793,-7,9265725.3354028575,8538760.6598545332,726964.6755483237,11.7457710767,4371369
3797,-8,10142660.2365948800,9414932.4967115447,727727.7398833351,12.9374379740,4380269
3803,-8,10337228.5131300520,9607216.1437265687,730012.3694034836,13.1603470659,4394465
3821,-8,10191730.1501826122,9455504.8849513307,736225.2652312806,12.8432224911,4435705
3823,-9,10911108.8000494074,10172928.5634167641,738180.2366326436,13.7810903877,4440533
3833,-7,9548713.7343607061,8808637.6482658423,740076.0860948643,11.9023406022,4464175
3847,-8,9702369.3955704719,8956355.8567703348,746013.5388001368,12.0056210658,4496359
3851,-8,10010485.5091590043,9261235.4212188423,749250.0879401625,12.3606731187,4505697
3853,-9,10828435.7611134611,10078096.1804630328,750339.5806504283,13.4313801915,4510819
3863,-12,12284098.2721848786,11532894.3969159815,751203.8752688977,15.3525491236,4534029
3877,-9,10233147.1030481812,9473852.1422451735,759294.9608030077,12.4771697842,4566771
3881,-11,11244281.4507552665,10482939.6454666406,761341.8052886265,13.7690319547,4576419
3889,-12,11421209.4043529201,10655895.8138943296,765313.5904585910,13.9235679945,4595355
3907,-8,9337383.3684745338,8565697.7049560770,771685.6635184564,11.0999829463,4637633
3911,-7,9125861.3477392644,8354087.6298868805,771773.7178523834,10.8245298287,4647503
3917,-10,11186723.3179441430,10411029.5930985287,775693.7248456149,13.4215725352,4661345
3919,-12,12214165.2683167048,11440991.2580910809,773174.0102256238,14.7974338335,4666565
3923,-13,12899829.5143100563,12124171.1561613306,775658.3581487263,15.6308135261,4676311
3929,-14,13517714.4532411937,12739302.3264608923,778412.1267803012,16.3657552191,4690329
3931,-14,14094928.6463776119,13314869.0112612117,780059.6351163995,17.0690398681,4695297
3943,-15,14244505.1689263843,13460473.1541261319,784032.0148002529,17.1682697900,4723867
3947,-16,15161582.0813450310,14375672.7185106799,785909.3628343517,18.2917692527,4733669
3967,-15,13422572.2939487249,12628703.7702526562,793868.5236960679,15.9078026062,4781509
3989,-10,10079843.3811996710,9279189.9140569270,800653.4671427438,11.5895206789,4834893
4001,-10,9912784.4042722005,9103843.8244446367,808940.5798275641,11.2540328072,4863603
4003,-10,10478184.6913274415,9670373.6906244643,807811.0007029778,11.9710844272,4868835
4007,-10,10901442.6836449765,10092358.4812100381,809084.2024349388,12.4738048906,4878391
4013,-12,12027695.7277301699,11214990.1016777139,812705.6260524567,13.7995723693,4893241
4019,-15,14058502.7531197350,13243623.5040000882,814879.2491196471,16.2522527335,4907593
4021,-16,14783854.4076833725,13966454.8167756312,817399.5909077420,17.0864470354,4912667
4027,-15,14921914.5729795825,14102813.6192355677,819100.9537440152,17.2174303482,4927209
4049,-13,12959352.6124802623,12132754.7382333241,826597.8742469380,14.6779408903,4981011
4051,-14,13827906.4570507873,12997262.9688144904,830643.4882362970,15.6472218863,4986139
4057,-14,13863005.0139259398,13031357.8325275071,831647.1813984327,15.6693344534,5001031
4073,-14,13217186.4518011101,12380886.6645731013,836299.7872280086,14.8043642407,5040559
4079,-13,13002189.4406894967,12164768.4328563977,837421.0078330990,14.5264667581,5055797
4091,-17,15036853.5466920733,14192812.4709358271,844041.0757562460,16.8153101533,5084927
4093,-18,15790374.2338846307,14943967.3778679743,846406.8560166557,17.6557730737,5090217
4099,-20,16436328.2824368645,15589344.9354042672,846983.3470325979,18.4057277986,5105225
4111,-16,14586169.6975221168,13732526.9094323181,853642.7880897992,16.0869711559,5134895
4127,-14,13097099.5907001533,12238560.6017638501,858538.9889363036,14.2551017012,5174787
4129,-15,14020137.7259677667,13159181.2579986677,860956.4679690982,15.2843747014,5180257
4133,-15,14390241.9624267295,13528028.5220150035,862213.4404117257,15.6898836042,5190433
4139,-14,14449222.3458046746,13587121.6480165664,862100.6977881084,15.7604809773,5205377
4153,-14,14172928.5595183372,13301562.4760064129,871366.0835119244,15.2651827145,5240303
4157,-17,15713446.6312068980,14843008.8810534105,870437.7501534881,17.0523496694,5250719
4159,-18,16570578.7817186136,15697616.7072249856,872962.0744936286,17.9820145295,5255955
4177,-14,14661295.9161812495,13778680.5582952630,882615.3578859858,15.6111951092,5301273
4201,-8,10615692.0408307146,9721076.3872368596,894615.6535938557,10.8662042165,5362063
4211,-12,11870123.4702959880,10976504.5298800282,893618.9404159597,12.2832048801,5387723
4217,-13,12657590.4355530422,11759320.7179794069,898269.7175736356,13.0910799818,5402973
4219,-13,13259314.3391742762,12360065.0984433442,899249.2407309315,13.7448713200,5408485
4229,-10,12392113.1504570786,11491029.8275824524,901083.3228746260,12.7524608833,5434077
4231,-11,13219849.9920086712,12316195.9499985650,903654.0420101063,13.6293264650,5439409
4241,-14,14951322.2803170532,14043001.8282517549,908320.4520652981,15.4604047463,5464763
4243,-14,15595098.3466772549,14685657.3817763235,909440.9649009322,16.1480051466,5470203
4253,-16,15972887.1827660426,15060437.1341089047,912450.0486571388,16.5054921705,5496165
4259,-18,17659947.8101065978,16745168.7983521111,914779.0117544851,18.3051519364,5511377
4261,-19,18509064.3075456172,17591387.8114625104,917676.4960831054,19.1694871630,5516755
4271,-15,16937715.7633257024,16016801.0279534869,920914.7353722145,17.3922735871,5542433
4273,-16,17880618.5952144116,16957701.1259236708,922917.4692907401,18.3740168435,5548111
4283,-13,16798578.4074144997,15875013.4694609623,923564.9379535366,17.1888438128,5574015
4289,-11,15900059.3874130882,14972880.6485244110,927178.7388886778,16.1488610777,5589983
4297,-12,16308043.9564141463,15375644.0025853533,932399.9538287936,16.4903954997,5610599
4327,-6,11771550.9233092759,10824802.7619925328,946748.1613167438,11.4336665275,5688667
4337,-7,11859135.3975842260,10909652.2565795314,949483.1410046951,11.4900958063,5715045
4339,-8,12895711.2224261276,11946703.9874447864,949007.2349813414,12.5886332022,5720821
4349,-10,13698170.5724809412,12744316.4099924620,953854.1624884785,13.3608647015,5746871
4357,-11,14272080.5180553719,13311948.4334781691,960132.0845772023,13.8647053331,5767739
4363,-11,14392050.8462100197,13431502.2839885615,960548.5622214575,13.9831579706,5784053
4373,-11,14039016.0251860172,13074461.0578933675,964554.9672926506,13.5549154804,5810723
4391,-8,10637663.0148380790,9665589.1694867220,972073.8453513569,9.9432663637,5858173
4397,-9,11476489.3301616814,10500894.9161543865,975594.4140072945,10.7635865534,5874419
4409,-11,12664115.7579563707,11684218.3417103179,979897.4162460535,11.9239199410,5906505
4421,-7,9385913.1477877460,8398840.8995858505,987072.2482018957,8.5088410852,5938625
4423,-7,10081915.3140211459,9093850.0452940911,988065.2687270555,9.2036936558,5944365
4441,-8,9613454.5993853044,8615899.7045827825,997554.8948025225,8.6370181225,5992383
4447,-8,10277457.5275447350,9278270.0683981832,999187.4591465510,9.2858151726,6008323
4451,-8,10669829.7564682104,9669871.2703137584,999958.4861544510,9.6702727205,6019701
4457,-9,10945576.0951790493,9943070.3809289560,1002505.7142500934,9.9182181603,6036183
4463,-11,12300352.5406673290,11295999.6560687330,1004352.8845985958,11.2470425777,6052511
4481,-5,9232881.1038984507,8217369.8688864382,1015511.2350120133,8.0918552012,6100847
4483,-6,10290316.9737501573,9275501.5146069136,1014815.4591432444,9.1400869301,6106803
4493,-5,9575235.4760204479,8556313.2494414654,1018922.2265789835,8.3974154516,6134293
4507,-6,10184528.2339512520,9158929.0356228575,1025599.1983283944,8.9303200027,6171983
4513,-5,9901544.9798522629,8871468.5526810996,1030076.4271711631,8.6124372121,6188549
4517,-6,10701089.9756945707,9672176.3420751765,1028913.6336193949,9.4003772776,6199493
4519,-7,11869738.8389843740,10839240.9907056093,1030497.8482787655,10.5184508719,6205509
4523,-8,13257467.0559421349,12225115.4440698996,1032351.6118722345,11.8420074163,6216267
4547,-3,9520649.8054513708,8477098.8797366098,1043550.9257147604,8.1233207416,6282051
4549,-4,10740550.3249610662,9696570.3928608652,1043979.9321002009,9.2880812118,6288109
4561,-4,10200295.1972821467,9147080.7051588278,1053214.4921233195,8.6849172448,6320961
4567,-6,12039985.4908191301,10987883.9200607482,1052101.5707583816,10.4437482325,6337353
4591,-3,9977044.1402697973,8911348.6635599528,1065695.4767098452,8.3620028970,6404223
4643,-3,10068538.9890391342,8981155.8853624072,1087383.1036767268,8.2594219599,6550175
4649,-3,10218398.7784961294,9127295.7611206677,1091103.0173754611,8.3652007334,6567305
4651,-4,11309242.2504416909,10215927.7077377234,1093314.5427039673,9.3439969091,6573153
4657,-6,13002945.3331336137,11907240.5604680479,1095704.7726655658,10.8671978598,6589583
4663,-6,12973544.0785852838,11874310.9487202149,1099233.1298650685,10.8023590502,6607195
4673,-8,14630777.8673481978,13527988.1266699210,1102789.7406782769,12.2670601908,6635557
4679,-6,14526528.1784503050,13424750.1933659371,1101777.9850843679,12.1846237401,6652315
5039,-6,17168363.8068211265,15890489.7907702383,1277874.0160508889,12.4350989152,7715467
5051,-5,17091036.2110905945,15801939.5772499647,1289096.6338406291,12.2581497480,7752071
5059,-5,17045780.0333252065,15753686.3402414341,1292093.6930837720,12.1923715165,7777233
5077,-5,15837818.9373202845,14534515.8736294247,1303303.0636908603,11.1520614649,7831901
5081,-4,15756081.1875808295,14452967.5245246235,1303113.6630562055,11.0911027444,7844915
5087,-5,18019471.3070582561,16714595.9749116898,1304875.3321465668,12.8093432094,7863169
5147,-3,13902774.5203049202,12567332.5758485366,1335441.9444563838,9.4106169332,8049867
5153,-4,14969703.5342108123,13626293.6346702445,1343409.8995405682,10.1430647782,8068665
5167,-3,12531564.0687283538,11182799.6294039059,1348764.4393244479,8.2911435855,8112335
5179,-3,12681922.6464772578,11328692.9931037407,1353229.6533735171,8.3715967684,8150711
5237,-3,12351638.8898686524,10965959.4619989954,1385679.4278696566,7.9137780654,8334019
5303,-4,11019658.1302920729,9600047.2040737364,1419610.9262183371,6.7624495041,8545343
5309,-6,12361936.0880096294,10940172.5928225424,1421763.4951870863,7.6947907510,8564701
5867,-4,28144834.4543072432,26406144.5484621823,1738689.9058450593,15.1873801416,10459743
5869,-5,30032011.4799901694,28290716.7649845779,1741294.7150055910,16.2469434503,10467553
5879,-5,30557609.7271574289,28815983.2452355474,1741626.4819218824,16.5454438965,10503291
5881,-6,32434727.4855678752,30683666.0849036388,1751061.4006642371,17.5228955839,10510513
5897,-9,35714684.1300920844,33955653.8546633944,1759030.2754286921,19.3036210513,10567153
5903,-12,38291243.5230651647,36533824.8311756030,1757418.6918895645,20.7883442914,10588941
5923,-6,30416400.4872505441,28642239.7075869031,1774160.7796636419,16.1441060111,10660671
5927,-6,31038419.2249008454,29265759.5911788233,1772659.6337220215,16.5095199521,10675635
5939,-3,26983940.0232991539,25206288.9326351546,1777651.0906639977,14.1795479805,10718769
5953,-3,24883632.5930550098,23092695.3169307299,1790937.2761242790,12.8941954723,10769189
5987,-4,21046764.0029775612,19235368.3101418540,1811395.6928357063,10.6190869208,10891925
6101,-6,22890907.7131978720,21009783.4341901317,1881124.2790077406,11.1687375835,11310845
6113,-3,19715261.0052265152,17826819.1946450658,1888441.8105814490,9.4399621396,11355637
6131,-3,18380944.9852617458,16483009.8342731427,1897935.1509886016,8.6847065484,11422657
6133,-4,20080312.2285503820,18178214.0801558420,1902098.1483945407,9.5569274885,11430515
6143,-6,22878278.2462167814,20971831.9842004254,1906446.2620163579,11.0004842004,11467561
6151,-8,25666614.0881678127,23752469.1635030024,1914144.9246648115,12.4089189159,11496935
6163,-5,21283643.0071625188,19363177.7464041151,1920465.2607584053,10.0825451738,11542359
6173,-4,20123897.6074792445,18200238.8935714997,1923658.7139077450,9.4612618974,11580107
6199,-3,14288292.3736839928,12347841.8731718101,1940450.5005121829,6.3633892593,11677827
6203,-5,17478029.9921671711,15535468.5594306346,1942561.4327365374,7.9974142890,11692821
6211,-6,18581860.5943591781,16629891.7288732678,1951968.8654859099,8.5195476336,11722547
6217,-10,23516642.6253289953,21560605.7004410289,1956036.9248879668,11.0225964685,11744813
6221,-10,24411440.6141005531,22454899.8510023095,1956540.7630982450,11.4768372193,11760757
6229,-10,24913739.3208288774,22953267.4303342737,1960471.8904946053,11.7080318987,11791193
6247,-7,21554046.1560534090,19583283.4946585745,1970762.6613948359,9.9369060914,11859133
6257,-9,25676840.8590060174,23697635.5469658598,1979205.3120401588,11.9733083793,11896651
6263,-8,25350028.5632864013,23369108.8529915214,1980919.7102948809,11.7971004739,11920031
6269,-10,27818121.1088809334,25833928.3929270543,1984192.7159538802,13.0198685769,11942769
6271,-12,30336547.8809525743,28349099.2986672595,1987448.5822853167,14.2640667796,11950477
6277,-12,31817135.1587285027,29826484.3570846952,1990650.8016438093,14.9832830210,11973499
6287,-13,31899519.5718272552,29902899.6544771641,1996619.9173500929,14.9767611725,12011543
6299,-13,31363289.5498757660,29363112.4455457553,2000177.1043300119,14.6802562543,12057513
6301,-14,33534879.8286915943,31523702.3343223669,2011177.4943692258,15.6742517369,12065251
6311,-21,42206715.4786768481,40196134.6007300019,2010580.8779468450,19.9922992612,12102851
6317,-21,42357878.5900748596,40343434.2797956392,2014444.3102792206,20.0270784722,12126321
6323,-22,43729276.6649740636,41710478.0348056406,2018798.6301684217,20.6610393981,12149789
6329,-22,45458660.1169888452,43434309.1978454068,2024350.9191434355,21.4559189255,12172169
6337,-20,43772361.6037196219,41739826.6686107814,2032534.9351088426,20.5358471078,12202799
6343,-17,41357517.0092628747,39323819.7959085405,2033697.2133543361,19.3361231641,12226807
6353,-18,42577127.8117115721,40536890.1858784407,2040237.6258331290,19.8687102289,12265269
6359,-21,48207378.3119526356,46166084.8558470830,2041293.4561055519,22.6160940838,12287853
6361,-22,50199241.3091449216,48152167.5922574997,2047073.7168874238,23.5224394681,12295875
6367,-24,54353224.4226566628,52305312.5745133907,2047911.8481432749,25.5408027557,12318911
6373,-25,55767149.6557386220,53713198.0999190658,2053951.5558195594,26.1511513978,12342461
6379,-25,55535747.8190030232,53480161.6606935635,2055586.1583094564,26.0169886066,12365987
6389,-23,51334566.9042072147,49273098.5368528292,2061468.3673543856,23.9019425751,12405263
6397,-24,52958602.4847104773,50887526.4714201987,2071076.0132902786,24.5705740132,12435523
6421,-20,46360597.4631771445,44276205.0720739663,2084392.3911031755,21.2417802238,12528649
6427,-20,47094565.1215374023,45003315.0293399841,2091250.0921974157,21.5198149649,12551885
6449,-15,36759453.9759417474,34659268.4931109399,2100185.4828308043,16.5029559420,12638255
6451,-16,38784285.1114342362,36680038.2263726518,2104246.8850615830,17.4314328260,12646383
6469,-15,35022888.1447247341,32904082.5364545137,2118805.6082702200,15.5295428745,12717105
6473,-17,37203936.4975862429,35086935.4532238767,2117001.0443623662,16.5738867001,12733697
6481,-20,42763152.1008004025,40636105.6622183919,2127046.4385820106,19.1044750717,12763973
6491,-17,38919575.2354188785,36789130.4789264798,2130444.7564923982,17.2682865241,12803201
6521,-12,28466019.1953295022,26314667.4163332842,2151351.7789962180,12.2316897093,12921927
6529,-13,28892655.8828384876,26736687.5546670370,2155968.3281714511,12.4012431933,12954091
6547,-11,23047733.0599050783,20882469.5789829008,2165263.4809221765,9.6443087703,13024717
6551,-13,26260564.1959546469,24095732.0437665880,2164832.1521880575,11.1305313067,13041311
6553,-14,28493828.7504456379,26319759.4386798143,2174069.3117658226,12.1062191055,13049589
6563,-15,28981688.6614077613,26805108.2193463482,2176580.4420614126,12.3152389415,13089607
6569,-18,34386644.3090062737,32207082.0835133344,2179562.2254929389,14.7768582639,13113165
6571,-19,36428732.3626027927,34243706.6503315046,2185025.7122712885,15.6719925345,13121461
6577,-22,41203577.5233015195,39016966.3514184803,2186611.1718830382,17.8435777029,13145407
6581,-22,42641693.1527942419,40450812.2791226953,2190880.8736715443,18.4632641442,13160863
6599,-20,37006952.4188332036,34811032.1442553252,2195920.2745778798,15.8525938065,13233789
6607,-21,40376047.1405889690,38171165.4106812850,2204881.7299076803,17.3121147012,13265267
6619,-19,35175630.6283100322,32960658.5531551614,2214972.0751548684,14.8808460941,13313859
6637,-15,27445934.1326790340,25217674.7756266892,2228259.3570523444,11.3172080691,13385821
6653,-13,24219166.2790821679,21980706.0344095752,2238460.2446725941,9.8195650723,13450993
6659,-15,27308889.2087412365,25071313.6504267305,2237575.5583145069,11.2046780084,13474893
6661,-16,29567403.7332390286,27320846.9504311867,2246556.7828078410,12.1612091711,13483279
6673,-12,25022678.3935304582,22771652.9367319308,2251025.4567985283,10.1161241282,13531537
6679,-13,25873413.7573302276,23619013.1032623872,2254400.6540678409,10.4768480530,13556217
6689,-15,29063544.3897386454,26800422.5725543499,2263121.8171842964,11.8422359632,13596721
6691,-15,30673656.8232036904,28410367.0304961018,2263289.7927075885,12.5526864134,13605185
6701,-16,33386995.6135386974,31115258.3647195622,2271737.2488191361,13.6966800984,13644973
6703,-18,36404462.3333545625,34134065.2690777779,2270397.0642767823,15.0344033677,13653905
6709,-19,37486574.8639145195,35212493.8824397251,2274080.9814747935,15.4842743813,13678723
6719,-17,36706620.6831436902,34431817.6015101075,2274803.0816335850,15.1361750296,13719593
6733,-16,35852174.3949854970,33559517.5616329908,2292656.8333525048,14.6378285112,13776355
6737,-17,38314231.4697084278,36020255.9254643396,2293975.5442440868,15.7021098223,13792623
6761,-16,35149699.8582569510,32839481.0362551473,2310218.8220018027,14.2148790078,13890877
6763,-17,37399323.7444317788,35086165.6022703648,2313158.1421614131,15.1680790702,13899485
6779,-17,34983060.8487213179,32662294.3826503567,2320766.4660709631,14.0739255156,13965219
6781,-18,37039568.9082768932,34714102.2282988951,2325466.6799779981,14.9278003109,13973789
6791,-17,36596865.0930719674,34265879.8175579607,2330985.2755140029,14.7001700000,14014039
6793,-18,39188552.4557484761,36854764.8661332875,2333787.5896151881,15.7918248559,14023085
6803,-17,37243813.9630923048,34908701.3344811201,2335112.6286111833,14.9494722039,14064569
6823,-13,30320371.1993966624,27966353.5638918057,2354017.6355048553,11.8802651017,14146949
6827,-13,30997753.9096812643,28642723.1817505583,2355030.7279307046,12.1623564576,14163471
6829,-14,33765686.7870450765,31408473.3680201657,2357213.4190249122,13.3244080127,14172569
6833,-16,37439845.7945076823,35078983.5747551620,2360862.2197525222,14.8585475600,14188965
6841,-16,37220055.3289782777,34849691.5593714938,2370363.7696067863,14.7022545679,14221885
6857,-19,42693329.7953871191,40318999.7097536102,2374330.0856335107,16.9812108071,14287865
6863,-20,44769027.6912295446,42391943.3481491804,2377084.3430803623,17.8335882240,14313723
6869,-19,45103041.2944149524,42719115.4531084448,2383925.8413065090,17.9196494760,14338513
6871,-19,46873188.2551560625,44486413.0172923133,2386775.2378637479,18.6387106383,14347205
6883,-20,48535561.6238874942,46139709.3898491338,2395852.2340383632,19.2581615570,14396731
6899,-18,44407759.3162715286,42005485.6418910101,2402273.6743805222,17.4857203365,14464171
6907,-17,42654706.5850965977,40242529.3676419258,2412177.2174546709,16.6830733150,14497693
6911,-19,46772461.3538008332,44361207.4985136092,2411253.8552872203,18.3975683030,14514343
6917,-19,46634908.9196566269,44212829.5999830142,2422079.3196736146,18.2540799721,14539945
6947,-15,39976416.3109303564,37539099.5802268088,2437316.7307035443,15.4018142605,14665733
6949,-16,42587355.1658843532,40145988.1421161368,2441367.0237682196,16.4440609508,14674983
6959,-17,45894175.7591356188,43449919.5652128756,2444256.1939227469,17.7763360785,14716431
6961,-18,48393130.3199808225,45940474.8523274362,2452655.4676533858,18.7309124572,14725181
6967,-21,53431795.3621108830,50976973.9652144983,2454821.3968963856,20.7660622600,14750263
6971,-22,56847853.5718462989,54392893.2656803131,2454960.3061659834,22.1563229063,14767357
6977,-23,57995003.8862298280,55531967.0479936972,2463036.8382361308,22.5461374292,14793099
6983,-24,59935009.9625419676,57471664.3364215791,2463345.6261203848,23.3307351299,14818921
6991,-26,63381781.0142597109,60911326.7636541650,2470454.2506055441,24.6559217799,14852655
6997,-27,65084335.2290658057,62608986.0713749081,2475349.1576908994,25.2929918500,14877589
7001,-26,64769712.6870433241,62289695.0564954579,2480017.6305478648,25.1166339663,14895147
7013,-28,67145795.9795749784,64660300.0363033265,2485495.9432716588,26.0150495161,14946407
7019,-28,68985444.2825944722,66499337.6254564822,2486106.6571379849,26.7483848428,14971951
7027,-29,71049649.9836945385,68553624.6100068539,2496025.3736876817,27.4651152719,15005899
7039,-24,63662738.2263918445,61160010.0123008341,2502728.2140910104,24.4373358913,15057489
7043,-25,65664047.7812647671,63156829.2683389410,2507218.5129258246,25.1899979769,15074791
7057,-25,66922626.5738014877,64400679.2548009455,2521947.3190005398,25.5360921973,15133811
7069,-21,61027423.6760829166,58501153.2120153159,2526270.4640675993,23.1571219488,15186235
7079,-19,59439296.6236223280,56908543.6005023420,2530753.0231199889,22.4868025764,15228817
7103,-16,48956122.7789560705,46408761.4360846952,2547361.3428713721,18.2183660618,15332897
7109,-17,51792626.9877403677,49241289.5811244920,2551337.4066158743,19.3001872090,15357927
7121,-12,44643139.3180142269,42079013.8816235140,2564125.4363907110,16.4106690275,15409701
7127,-14,47445895.3311513439,44882000.3653310239,2563894.9658203190,17.5053974377,15435793
7129,-15,50104501.6581489742,47531806.4569447413,2572695.2012042305,18.4754907751,15445079
7151,-6,34538587.0144616365,31952311.5871235654,2586275.4273380726,12.3545664353,15539945
7159,-6,32908295.5405381583,30318002.3905825354,2590293.1499556242,11.7044676550,15575731
7193,-3,30865328.5909314826,28248954.2475961857,2616374.3433352951,10.7969848885,15723245
7207,-3,29131064.2557705455,26508313.3611006141,2622750.8946699328,10.1070648436,15783913
7211,-3,31217097.1494710930,28587216.3515452147,2629880.7979258779,10.8701566908,15801647
7213,-4,34166966.5699640661,31535592.8204091378,2631373.7495549289,11.9844597620,15811257
7229,-3,35223329.7064402625,32582857.0824840292,2640472.6239562333,12.3397821992,15880949
7589,-3,39018496.1568754613,36109134.7326397002,2909361.4242357593,12.4113609371,17502283
7591,-5,42677408.4439218938,39761755.8961097971,2915652.5478121005,13.6373436972,17511631
7603,-3,39980351.2101006359,37058312.6533327922,2922038.5567678423,12.6823489606,17566829
7607,-3,40797578.1472383887,37874708.4592661858,2922869.6879722048,12.9580557817,17585777
7691,-5,44985468.1001074463,41994505.8406437784,2990962.2594636683,14.0404666451,17975887
7699,-5,44990948.8581563234,41997950.7971687764,2992998.0609875466,14.0320674927,18013919
7703,-6,48309351.7307271063,45311304.2102727666,2998047.5204543429,15.1136044046,18032667
7717,-3,44615118.5530248582,41604301.2558185980,3010817.2972062621,13.8182749562,18097533
7723,-5,48756180.6002993956,45736467.3497729674,3019713.2505264264,15.1459637241,18125629
7727,-5,49792492.0496515483,46777281.5255405977,3015210.5241109543,15.5137696527,18145153
7741,-6,47505086.4792556465,44472230.0326228663,3032856.4466327834,14.6634800609,18210635
7753,-6,46222035.8495944366,43179339.0482556671,3042696.8013387672,14.1911409080,18266999
7757,-5,46967955.3363694698,43926050.6118191704,3041904.7245503012,14.4403111173,18285619
7759,-6,50375150.8279646486,47331923.4324676096,3043227.3954970413,15.5531997058,18295955
7883,-3,41309060.1435530782,38170122.7300174832,3138937.4135355945,12.1602050953,18885513
7933,-3,41820194.0338089168,38639685.2306124195,3180508.8031964973,12.1489005758,19125065
7937,-3,43545944.0200117826,40362381.0816037729,3183562.9384080134,12.6783675594,19144851
7949,-4,44692779.4628409594,41498993.1052279100,3193786.3576130494,12.9936659684,19202703
7951,-5,47706673.7058904916,44510596.9293526560,3196076.7765378323,13.9266356979,19212731
7963,-10,55583709.4119161069,52378487.2930657342,3205222.1188503760,16.3416092086,19270473
7993,-4,37510710.0073624849,34276991.8119592294,3233718.1954032527,10.5998697910,19415995
9221,-4,49695264.2681179047,45396784.7569922209,4298479.5111256829,10.5611262400,25839751
9227,-4,50058635.7834336534,45752965.0229186416,4305670.7605150091,10.6262107736,25874039
9241,-3,47781062.3359060958,43454290.5209566206,4326771.8149494752,10.0431204555,25953023
9277,-3,47718681.9962980598,43364671.0915621147,4354010.9047359414,9.9597065879,26153851
9281,-3,48995677.2998284176,44640380.7794075161,4355296.5204209015,10.2496765881,26177529
9283,-5,54626608.6431402415,50264674.6587565988,4361933.9843836427,11.5234835829,26189113
9293,-6,57737811.1264338568,53368258.0395753607,4369553.0868584961,12.2136651000,26246105
9311,-4,47747052.5264823735,43364417.6400442719,4382634.8864381025,9.8945996561,26346819
9319,-4,48356794.4819252342,43966960.5839309320,4389833.8979943004,10.0156319363,26392433
9323,-7,58035582.0277955681,53642498.6604125053,4393083.3673830600,12.2106716796,26415699
9337,-5,53727201.6680014655,49320348.4289946407,4406853.2390068257,11.1917383571,26494239
9341,-6,59939750.3790799826,55528983.1789264232,4410767.2001535622,12.5894160039,26516639
9343,-7,64623980.2218111604,60208743.8908642754,4415236.3309468888,13.6365846306,26529075
9349,-5,60126546.7804867774,55707343.6130757257,4419203.1674110480,12.6057439549,26563417
9371,-4,52408620.4672147930,47970702.8455962464,4437917.6216185493,10.8092819506,26687963
9377,-7,61783163.3659805059,57335920.9209944904,4447242.4449860156,12.8924657538,26721685
9391,-3,48844370.8012976348,44383772.1816478297,4460598.6196498061,9.9501829163,26801835
9397,-3,50689930.0359317884,46222628.2460104600,4467301.7899213284,10.3468783663,26836049
9403,-8,65149239.7017801777,60679392.0257601142,4469847.6760200663,13.5752706633,26870041
9413,-7,61477946.3717208803,56996790.6529219747,4481155.7187989084,12.7192166998,26928493
9419,-11,75112457.5176822394,70627794.4242586195,4484663.0934236264,15.7487403073,26962173
9421,-12,79036836.4874078333,74543782.1652731895,4493054.3221346503,16.5908927026,26974087
9431,-14,83310795.9400805533,78813931.1336646080,4496864.8064159434,17.5264177436,27030151
9433,-15,88024192.0092157125,83521432.4183688015,4502759.5908469064,18.5489433165,27042701
9437,-16,93505443.4516391605,89003028.4507211149,4502415.0009180466,19.7678420209,27065349
9439,-17,97906734.0239554048,93403216.7147234380,4503517.3092319602,20.7400594471,27077425
9461,-17,97524204.7842896879,92995610.2233468890,4528594.5609427942,20.5352033555,27202529
9463,-17,100614147.4229741544,96085071.2890423983,4529076.1339317504,21.2151592174,27214941
9467,-18,105290510.7354581803,100758606.3256652057,4531904.4097929727,22.2331711384,27237919
9473,-18,105564912.7134664208,101027174.9671658128,4537737.7463006033,22.2637756114,27272617
9479,-21,113952326.2178356647,109412737.4557467699,4539588.7620888995,24.1019050821,27307181
9491,-21,111347556.1234203875,106791641.2663050592,4555914.8571153292,23.4402188398,27376339
9497,-22,113754380.9638070464,109192429.1678828299,4561951.7959242156,23.9354631641,27411521
9511,-20,109117773.1831029207,104541495.7119610310,4576277.4711418925,22.8442213942,27491927
9521,-22,116289564.1341729760,111701643.5001794249,4587920.6339935465,24.3468996984,27548683
9533,-22,110574830.8189029247,105982720.0372448564,4592110.7816580748,23.0793038488,27619707
9539,-22,112549888.9911365360,107952538.0388714820,4597350.9522650493,23.4814655570,27654251
9547,-24,121368947.6367792487,116762473.9798569083,4606473.6569223348,25.3474745925,27699773
9551,-25,124611424.8107784390,119997568.1359335333,4613856.6748449095,26.0080831705,27723079
9587,-19,95786955.3912823200,91141380.6647949517,4645574.7264873693,19.6189677340,27932377
9601,-18,90715901.8768579662,86047114.0117429495,4668787.8651150232,18.4302899377,28014193
9613,-17,87209500.3720017374,82536298.2519244552,4673202.1200772831,17.6616153402,28084017
9619,-16,86373957.2163119316,81697622.5070959032,4676334.7092160294,17.4704394760,28119641
9623,-18,91445610.4674269110,86763915.4882935882,4681694.9791333182,18.5325861413,28143635
9629,-17,92444862.0900585055,87757770.2555342168,4687091.8345242888,18.7232879905,28178277
9631,-18,96748297.4262720644,92056227.3682210445,4692070.0580510153,19.6195338580,28190449
9643,-19,98011049.5877549350,93306695.1290380657,4704354.4587168666,19.8341124054,28260195
9649,-19,98141795.5370201021,93430143.9764745533,4711651.5605455507,19.8295953714,28295465
9661,-19,98545848.1966793835,93820147.6814044863,4725700.5152749009,19.8531725356,28365013
9677,-17,87786318.6313762665,83049897.0843614936,4736421.5470147701,17.5343128267,28459423
9679,-19,94155828.3161666840,89421745.6731418222,4734082.6430248553,18.8889278908,28472323
9689,-22,102944248.0718685240,98199432.0605779737,4744816.0112905493,20.6961517216,28530525
9697,-25,108932588.6509397477,104173608.2818411142,4758980.3690986317,21.8899008196,28577109
9719,-32,124343601.8908054233,119572012.2266483605,4771589.6641570609,25.0591565165,28706673
9721,-33,129550065.3128600568,124763817.8826999962,4786247.4301600596,26.0671475312,28718983
9733,-32,125531768.7862456590,120740924.5653482676,4790844.2208973914,25.2024317632,28790131
9739,-34,134207659.1426877081,129409035.6583531648,4798623.4843345480,26.9679494715,28824919
9743,-35,140450336.1930265427,135655258.3786800802,4795077.8143464588,28.2905228301,28849495
9749,-36,142460949.7528963983,137658729.5620685518,4802220.1908278391,28.6656429926,28885165
9767,-31,121902648.2384703457,117082576.1304057688,4820072.1080645844,24.2906275063,28991217
9769,-32,126717291.0787192881,121887813.8073339015,4829477.2713853801,25.2383036420,29003863
9781,-31,125446956.8158092350,120606342.3935953975,4840614.4222138431,24.9155028420,29073883
9787,-33,133290733.3283406794,128445968.3092512786,4844765.0190893952,26.5123216096,29109947
9791,-34,138184728.0503423214,133340525.9342391491,4844202.1161031770,27.5257973838,29134145
9803,-33,134592458.8170847297,129734188.7450361550,4858270.0720485626,26.7037827912,29205915
9811,-34,137842230.9836412370,132971761.7435376346,4870469.2401036052,27.3016325919,29253427
9817,-36,146697431.1951348484,141823146.0692797899,4874285.1258550705,29.0961940895,29288881
9829,-38,154812429.6602702141,149920970.6064089537,4891459.0538612697,30.6495401383,29360329
9833,-41,164205735.2934532166,159315729.2666653097,4890006.0267879097,32.5798635817,29385269
9839,-41,166215262.0334586501,161324830.4768857062,4890431.5565729579,32.9878516059,29421167
9851,-41,168689351.0874591470,163781729.5659164190,4907621.5215427214,33.3729340877,29491689
9857,-42,172564230.2024676502,167648455.6870002747,4915774.5154673867,34.1041793434,29528007
9859,-42,175879498.5123896599,170965705.4696312845,4913793.0427583884,34.7930211920,29540983
9871,-39,163001387.3318971395,158070108.2367093861,4931279.0951877609,32.0545856735,29612159
9883,-41,169321118.0715487301,164379286.2345468402,4941831.8370018862,33.2628247290,29684541
9887,-42,175411250.7452290654,170469760.4201523364,4941490.3250767216,34.4976412389,29708853
9901,-38,164897977.7551244199,159931898.9704965353,4966078.7846278828,32.2048654294,29792263
9907,-37,165607701.6930109859,160642533.6210232675,4965168.0719877221,32.3538964426,29828449
9923,-38,167476250.2923070490,162495424.8173360825,4980825.4749709759,32.6241956547,29924719
9929,-40,174319728.7758975029,169333778.2965175509,4985950.4793799408,33.9621861462,29961333
9931,-40,178149905.6780807078,173160075.3598087728,4989830.3182719434,34.7025979472,29973901
9941,-35,164184487.1539744437,159181794.0985410810,5002693.0554333618,31.8192206347,30033857
9949,-35,164137427.4061720073,159133681.2230274081,5003746.1831446104,31.8029083408,30082433
9967,-34,160353121.6961123645,155326490.4308457971,5026631.2652665609,30.9007130688,30190781
9973,-35,164347519.9667161703,159316492.8626907766,5031027.1040253844,31.6667927977,30227959
