p,M,n,old_D_sq,delta_sq,dilution_raw,C_A,C_W,W
13,-3,47,39.985889,5.870996,23.024921,0.254984,0.217216,0.01810135
19,-3,103,166.363827,12.859392,63.227350,0.203383,0.282265,0.01568139
31,-4,279,929.128615,39.849404,210.555219,0.189259,0.358087,0.01193624
43,-3,543,2820.255878,82.794939,453.155488,0.182708,0.401734,0.00956509
47,-3,651,3811.412955,87.396812,557.662900,0.156720,0.413697,0.00899340
53,-3,831,5688.337775,121.173460,734.171448,0.165048,0.428338,0.00823727
71,-3,1495,14480.183873,217.163282,1387.749750,0.156486,0.453513,0.00647876
73,-4,1589,16629.691081,261.025793,1541.176026,0.169368,0.474208,0.00658622
79,-4,1857,20885.697927,275.226239,1791.381630,0.153639,0.472411,0.00605655
83,-4,2061,25430.134262,298.649949,2063.807704,0.144708,0.490915,0.00598677
105,-3,3327,54857.581418,526.321560,3483.233442,0.151101,0.515424,0.00495600
107,-3,3427,56355.896214,508.391382,3540.187438,0.143606,0.508648,0.00479856
109,-4,3569,62228.517816,571.600306,3823.124545,0.149511,0.527619,0.00488536
113,-5,3837,70179.629362,617.898578,4156.807318,0.148647,0.533882,0.00476681
131,-3,5155,108206.335232,806.646943,5526.360353,0.145964,0.529345,0.00407188
139,-4,5815,131369.752688,897.198207,6309.249331,0.142204,0.536136,0.00388504
173,-3,9023,260076.023979,1436.921163,10009.849481,0.143551,0.549448,0.00319447
179,-3,9655,287759.057073,1468.730296,10708.082752,0.137161,0.549471,0.00308691
181,-4,9881,305393.222043,1618.358871,11227.907147,0.144137,0.563028,0.00312793
191,-5,10977,347088.594223,1727.797884,12119.443762,0.142564,0.547301,0.00288053
193,-6,11231,368815.479607,1861.780905,12717.988003,0.146390,0.561401,0.00292397
195,-6,11519,393486.316735,1788.360208,13365.598381,0.133803,0.575310,0.00296551
197,-7,11699,398837.760244,1848.263708,13475.858223,0.137154,0.571156,0.00291406
199,-8,11955,425371.804807,1894.822012,14206.788402,0.133374,0.589298,0.00297625
271,-3,22205,1058910.922825,3644.774693,25908.054486,0.140681,0.579858,0.00214762
273,-4,22603,1104827.420351,3681.093167,26750.538909,0.137608,0.588208,0.00216253
277,-4,23171,1123106.192089,3780.169662,26914.975377,0.140449,0.577352,0.00209185
281,-4,23861,1197576.933877,3959.897059,28271.151968,0.140068,0.588958,0.00210342
283,-6,24233,1255903.028953,3921.076838,29400.021907,0.133370,0.603102,0.00213866
285,-7,24655,1319151.098940,3934.229745,30565.535407,0.128715,0.616315,0.00217012
293,-8,25975,1390285.018218,4135.991615,31433.690783,0.131578,0.601694,0.00206060
311,-3,29231,1591340.443339,4694.399509,33931.879671,0.138348,0.577348,0.00186241
313,-4,29637,1651978.861026,4898.349974,34965.104593,0.140093,0.586801,0.00188077
317,-4,30405,1741902.704340,4918.301310,36395.436942,0.135135,0.595417,0.00188423
379,-3,43467,2942288.694531,7121.261372,51396.279834,0.138556,0.588651,0.00155728
385,-3,44941,3193183.192613,7401.755369,54801.669997,0.135064,0.607113,0.00158102
389,-3,45817,3238508.318145,7396.775730,55082.686330,0.134285,0.598582,0.00154274
431,-3,56211,4342768.499307,9061.605823,66696.304572,0.135864,0.591007,0.00137443
433,-4,56785,4455704.035508,9341.550789,68052.689366,0.137269,0.596943,0.00138181
435,-6,57397,4598316.694279,9373.929031,69802.060862,0.134293,0.605773,0.00139579
439,-7,58377,4699347.714769,9445.632161,70782.534861,0.133446,0.603988,0.00137897
443,-9,59419,4883709.941314,9705.223805,72927.123651,0.133081,0.611394,0.00138325
449,-7,61067,5043669.032521,9959.749797,74274.224617,0.134094,0.605915,0.00135249
455,-5,62785,5279730.951070,10077.504662,76631.814265,0.131505,0.608073,0.00133937
457,-6,63217,5302199.945682,10453.318052,76768.061886,0.136168,0.604997,0.00132675
461,-6,64365,5454835.901217,10486.516451,78247.212110,0.134018,0.605675,0.00131669
463,-6,64945,5594191.156314,10726.367940,79874.018510,0.134291,0.612756,0.00132631
465,-7,65631,5769596.178071,10744.758314,81868.504860,0.131244,0.621506,0.00133945
467,-7,66103,5828233.677749,10641.852518,82463.128895,0.129050,0.621556,0.00133381
479,-6,69515,6162711.659483,11115.695163,85043.632786,0.130706,0.609597,0.00127531
483,-5,70793,6388589.442948,11478.504770,87290.634564,0.131498,0.614429,0.00127475
487,-5,71823,6431232.295530,11717.307483,87330.067551,0.134173,0.605903,0.00124671
491,-5,73041,6635714.913946,12007.985378,89330.834787,0.134422,0.609467,0.00124381
499,-6,75419,6902962.496953,12289.924935,91463.026524,0.134370,0.604371,0.00121360
503,-5,76699,7155611.808358,12290.302590,93974.431198,0.130783,0.610620,0.00121637
509,-6,78529,7413747.057424,12689.331663,96228.530285,0.131867,0.610719,0.00120220
523,-3,82909,8040366.035271,13739.147826,101563.969535,0.135276,0.610581,0.00116969
617,-3,115381,13199881.078710,19056.496187,141320.184645,0.134846,0.610776,0.00099152
619,-5,116201,13480757.674394,19066.403782,143772.638858,0.132615,0.616997,0.00099838
627,-3,119297,14095936.463086,19482.379557,148322.387593,0.131352,0.620025,0.00099046
631,-3,120689,14164746.101253,20184.264169,148266.722937,0.136135,0.612652,0.00097246
643,-4,125391,15088319.617244,20418.761079,154899.459693,0.131819,0.616089,0.00095964
645,-5,126297,15427054.449589,20713.638245,157729.049193,0.131324,0.622849,0.00096716
647,-7,126921,15507207.277573,20681.304237,158258.282474,0.130681,0.621869,0.00096265
651,-7,128603,15868192.979913,21250.458713,160811.044205,0.132146,0.623647,0.00095946
653,-8,129287,15975161.862094,21237.792367,161533.165990,0.131476,0.623136,0.00095573
659,-10,131703,16615998.925785,21388.588599,166444.792222,0.128503,0.630320,0.00095793
661,-11,132521,16988288.176563,21915.718957,169636.369643,0.129192,0.638446,0.00096734
663,-11,133511,17406580.758135,21908.167981,173045.286616,0.126604,0.646454,0.00097652
665,-12,134223,17599956.975908,21887.721397,174564.383456,0.125385,0.648673,0.00097692
673,-11,137319,17655696.281063,22873.175848,173226.705008,0.132042,0.629206,0.00093632
677,-11,138999,18116049.653819,22969.909383,176637.658063,0.130040,0.633851,0.00093765
683,-12,141483,18674563.945963,23129.409198,180470.428754,0.128162,0.636248,0.00093291
691,-9,144811,19064569.672530,23931.421521,182111.755154,0.131411,0.627297,0.00090913
701,-5,149019,19702484.743467,24459.992258,185535.158509,0.131835,0.621063,0.00088723
705,-5,150903,20145985.868411,24925.776414,188410.530398,0.132295,0.622824,0.00088469
709,-4,152455,20227264.303707,24998.262373,188306.795004,0.132753,0.616151,0.00087027
715,-4,155115,20729046.374774,25543.542601,191272.318243,0.133545,0.615134,0.00086153
719,-3,156785,20988558.309820,25319.449234,192675.205600,0.131410,0.613053,0.00085383
733,-3,162969,22329441.264306,26796.222805,201042.644538,0.133286,0.615430,0.00084075
741,-3,166681,23258606.222917,27392.531326,206977.094660,0.132346,0.619503,0.00083717
743,-5,167425,23314873.338120,27462.671566,207113.281581,0.132597,0.617158,0.00083175
751,-3,171019,24068576.304172,28257.360011,211567.303099,0.133562,0.617196,0.00082293
757,-3,173789,24711010.034162,28934.550505,215458.479639,0.134293,0.618540,0.00081817
759,-3,174923,25241727.306861,28442.053366,219235.716824,0.129733,0.625309,0.00082495
761,-4,175651,25304499.323010,29107.601967,219446.793574,0.132641,0.623319,0.00082016
769,-3,179409,26082949.660025,29544.975084,223785.656425,0.132024,0.622343,0.00081034
777,-3,183321,27224492.478113,30100.995616,230971.027929,0.130324,0.628633,0.00081009
829,-3,208537,32574562.484450,34537.069481,259189.339330,0.133250,0.620216,0.00074905
839,-3,213559,33694939.775305,34620.612970,264954.967053,0.130666,0.619117,0.00073880
861,-3,225091,37331038.729783,37046.209986,285804.622475,0.129621,0.633654,0.00073681
863,-3,226001,37351977.237477,36751.781305,285474.906054,0.128739,0.630377,0.00073130
1023,-4,317853,62735189.024687,52314.857443,404076.343328,0.129468,0.634614,0.00062095
1031,-5,322533,63389903.854161,52994.920611,405514.191782,0.130686,0.627638,0.00060936
1033,-6,323899,64294161.621218,53448.120754,410358.036120,0.130248,0.632458,0.00061285
1039,-8,327655,65424145.900215,53720.970519,415179.577041,0.129392,0.632560,0.00060940
1045,-6,331513,66518377.938146,54671.124280,419618.747263,0.130288,0.631889,0.00060526
1049,-5,333971,67043973.384014,54767.112519,421427.759964,0.129956,0.629946,0.00060109
1051,-6,335259,67947694.517789,55719.283100,426278.204727,0.130711,0.634751,0.00060452
1061,-5,341647,69485324.323616,56541.096228,431841.664469,0.130930,0.631021,0.00059530
1063,-6,343055,70365063.950205,56537.518234,436334.498476,0.129574,0.634971,0.00059790
1065,-7,344549,71403649.884430,56925.734212,441683.418843,0.128884,0.639971,0.00060148
1069,-8,346901,71574297.166894,57307.577995,441388.286068,0.129835,0.635210,0.00059477
1085,-6,357421,73864700.359672,58879.759264,448718.759402,0.131218,0.626767,0.00057820
1087,-8,358501,74308363.163854,59038.036256,450883.607920,0.130939,0.627895,0.00057817
1091,-10,361191,75770739.397041,59184.334705,458011.001947,0.129220,0.633074,0.00058080
1093,-11,362569,76987345.671176,60441.318202,464445.578424,0.130136,0.639530,0.00058565
1095,-11,364207,78124201.508435,59856.546591,470041.707429,0.127343,0.644327,0.00058896
1097,-12,365327,78569778.074712,60209.856566,472133.993514,0.127527,0.645212,0.00058870
1103,-12,369355,80089824.390155,60739.739369,478621.653036,0.126906,0.646950,0.00058707
1105,-13,370809,81370965.256329,61383.527057,485248.606067,0.126499,0.653338,0.00059179
1109,-15,373317,82488410.063861,61329.089530,490375.692183,0.125066,0.655809,0.00059189
1113,-14,376265,83240508.141273,62146.807708,492739.023748,0.126125,0.653810,0.00058796
1117,-13,378693,83131247.428604,62702.437706,490693.909324,0.127783,0.646925,0.00057968
1123,-12,382805,84394728.634942,63244.099502,495446.270771,0.127651,0.646179,0.00057592
1129,-12,386941,86055191.150353,64001.653348,502462.876342,0.127376,0.648331,0.00057476
1131,-14,388517,87998029.881706,64219.353021,512628.178082,0.125275,0.658766,0.00058298
1151,-6,402063,88573522.606065,66018.136564,507409.151298,0.130108,0.630106,0.00054792
1153,-7,403597,89646724.186012,67237.855736,512493.472625,0.131197,0.634003,0.00055035
1163,-6,410565,91805696.429089,67864.888215,520400.823543,0.130409,0.632866,0.00054464
1171,-5,416195,93654717.271789,69105.692643,527301.088617,0.131055,0.632589,0.00054067
1173,-6,417949,95125961.378637,68756.555384,534246.723206,0.128698,0.638234,0.00054457
1181,-6,423339,95664948.612336,70017.524021,534049.377295,0.131107,0.629881,0.00053380
1185,-8,426423,97247808.117811,70574.465606,540783.469935,0.130504,0.633214,0.00053481
1187,-8,427639,97474189.324198,70217.823446,541413.179113,0.129694,0.632149,0.00053301
1193,-6,432073,98589846.667868,71258.154472,544728.333702,0.130814,0.629498,0.00052810
1201,-5,437787,100554886.222165,72832.904122,552009.262918,0.131941,0.629591,0.00052466
1223,-3,454049,105729278.130198,74586.036079,569872.590802,0.130882,0.626702,0.00051285
1237,-3,464497,110564606.736460,76754.766128,589195.078979,0.130271,0.633386,0.00051245
1239,-3,466351,112213020.879612,76431.383766,596564.011495,0.128119,0.638761,0.00051596
1249,-3,473559,113406775.072862,78730.442275,598523.727581,0.131541,0.631110,0.00050570
1311,-4,521997,134760709.337688,86044.439571,677237.787376,0.127052,0.647886,0.00049457
1499,-3,682285,198868281.578748,112421.118592,874214.500166,0.128597,0.639949,0.00042720
1511,-3,693213,202747404.116819,113822.415117,884236.205115,0.128724,0.637087,0.00042191
1551,-3,730633,219683167.912591,120674.240259,933081.577912,0.129329,0.637867,0.00041153
1553,-4,732321,219385224.208329,121148.319475,930866.824756,0.130146,0.634887,0.00040908
1559,-4,738073,221949228.190132,121327.997706,938015.262054,0.129345,0.634779,0.00040743
1567,-3,745543,225132153.003842,123200.120406,946765.569395,0.130127,0.634284,0.00040503
1571,-4,749449,227791075.533406,124245.764464,955386.117728,0.130048,0.636725,0.00040556
1579,-4,757149,231514941.865368,125021.501658,966021.951319,0.129419,0.637270,0.00040385
1581,-5,759351,233686211.420153,125636.933726,973484.833554,0.129059,0.640332,0.00040527
1583,-7,760983,234560833.765771,125170.127404,976266.096172,0.128213,0.640785,0.00040505
1595,-4,772749,239099598.433724,127059.513935,987430.188617,0.128677,0.638249,0.00040041
1597,-5,774301,239046796.104036,128527.363017,986468.782543,0.130290,0.636350,0.00039872
1599,-7,776633,241634933.343316,127984.197202,995399.053892,0.128576,0.640184,0.00040062
1601,-8,778233,241966781.798569,129384.018818,995960.916944,0.129909,0.639229,0.00039952
1605,-8,782529,244713587.453432,129317.075431,1004238.517995,0.128771,0.641005,0.00039963
1607,-10,784097,245801315.349949,129709.460032,1007939.543599,0.128688,0.642082,0.00039980
1609,-11,786231,248189715.403317,129956.109622,1016233.577498,0.127880,0.645609,0.00040150
1613,-11,790155,250723477.782674,131168.980161,1024048.489698,0.128089,0.647344,0.00040158
1615,-13,792303,254218875.884818,130669.445796,1036793.211856,0.126032,0.653625,0.00040497
1619,-13,795903,254567542.242272,130804.325156,1036078.395235,0.126249,0.650221,0.00040187
1621,-14,797953,257640202.881401,132949.801491,1047181.493391,0.126960,0.655502,0.00040463
1627,-14,803875,261071988.681518,132925.270469,1057210.076933,0.125732,0.656907,0.00040400
1635,-15,812149,265151138.305799,134326.820430,1068012.901115,0.125773,0.656862,0.00040200
1637,-16,813829,266557134.615483,134083.635756,1072770.311009,0.124988,0.658426,0.00040246
1645,-13,822033,267909175.346947,136464.259067,1072665.231866,0.127220,0.651795,0.00039647
1653,-11,829999,267861351.567916,137408.851166,1067344.244294,0.128739,0.642340,0.00038883
1657,-10,833681,268733149.455551,138416.882362,1068667.955859,0.129523,0.640297,0.00038665
1659,-10,836165,271866592.619722,138019.861068,1079216.907928,0.127889,0.644698,0.00038884
1663,-11,839809,273844123.031066,138581.919293,1084959.288197,0.127730,0.645317,0.00038828
1667,-12,843775,276491371.678593,139768.919884,1092920.215795,0.127886,0.646998,0.00038835
1669,-13,845993,280208762.986986,140077.918108,1106035.106842,0.126649,0.653047,0.00039151
1677,-13,854281,283305294.409551,141258.480249,1112714.537553,0.126949,0.650620,0.00038820
1693,-9,870415,286158959.203503,144193.120649,1113610.309413,0.129483,0.639080,0.00037771
1695,-10,872767,288987218.041910,144539.048395,1122910.097940,0.128718,0.642681,0.00037939
1697,-11,874495,290402449.016656,144756.339116,1127508.227927,0.128386,0.644038,0.00037974
1699,-13,876755,294482475.278220,144789.790755,1141745.288076,0.126814,0.650490,0.00038309
1705,-14,882977,297919750.057335,146366.950095,1150981.508147,0.127167,0.651134,0.00038212
1709,-13,886885,298817482.507262,146403.233126,1152058.532691,0.127080,0.648872,0.00037990
1721,-9,899419,302931884.739784,149046.193766,1159728.777699,0.128518,0.644094,0.00037447
1723,-9,901619,305211413.537746,149875.178178,1166958.439063,0.128432,0.646529,0.00037545
1729,-8,908079,308450063.349879,150803.377861,1175027.368277,0.128340,0.646370,0.00037406
1733,-9,912079,309402587.606448,150940.722257,1176200.951102,0.128329,0.644180,0.00037193
1741,-9,920495,313528968.453444,152899.260105,1186439.946238,0.128872,0.643849,0.00037003
1743,-11,923027,316969687.659305,152814.985495,1197542.941179,0.127607,0.648093,0.00037204
1747,-11,926843,317550709.544606,153168.499490,1197539.978549,0.127903,0.645424,0.00036966
1749,-12,929381,320831390.945518,153440.067701,1207988.255134,0.127021,0.649278,0.00037144
1753,-12,933229,322025043.816967,154803.382479,1210244.144983,0.127911,0.647809,0.00036975
1759,-12,939681,326985182.741371,154770.725417,1224623.399320,0.126382,0.651008,0.00037031
1767,-8,948605,330370049.736351,156456.726597,1231232.370485,0.127073,0.648366,0.00036714
1771,-7,952597,331559410.732913,157961.179210,1233271.515900,0.128083,0.646720,0.00036538
1777,-7,958839,334373674.913867,159373.433452,1239827.793499,0.128545,0.645927,0.00036370
1783,-7,965431,337103746.716971,160434.056256,1245605.915745,0.128800,0.644509,0.00036168
1787,-8,969697,339101702.361070,160541.980553,1250273.794899,0.128405,0.644079,0.00036063
1789,-9,972075,342071216.291190,161039.275246,1259544.446212,0.127855,0.647269,0.00036201
1801,-7,985059,347154689.874256,164185.426762,1269871.880766,0.129293,0.643978,0.00035777
1811,-7,996023,351873341.380971,164748.743993,1280029.548448,0.128707,0.641987,0.00035469
1823,-3,1009345,356866769.169482,166461.596226,1289545.421413,0.129085,0.638227,0.00035029
1831,-3,1018143,361219559.470707,168728.923709,1299671.774562,0.129824,0.637683,0.00034846
1833,-4,1020885,363763080.707025,168737.035182,1306732.709211,0.129129,0.639426,0.00034903
1873,-3,1065423,387796529.444083,177621.297587,1363951.918292,0.130225,0.639537,0.00034163
1877,-3,1070023,390491010.924313,177584.521524,1370444.021855,0.129582,0.639820,0.00034106
1879,-5,1072523,393660880.738443,177185.663117,1379816.360359,0.128412,0.642695,0.00034222
1885,-4,1079389,397528292.970477,178695.644281,1388928.215362,0.128657,0.642825,0.00034120
1887,-6,1081613,398100343.081564,178879.062007,1389539.223526,0.128733,0.641786,0.00034029
1889,-7,1083693,397806176.413203,178483.426482,1387315.972880,0.128654,0.639530,0.00033873
1901,-4,1097459,404672536.725414,182313.217762,1402409.362146,0.130000,0.638382,0.00033599
1905,-5,1102479,408569633.431635,183169.887313,1412432.018467,0.129684,0.640018,0.00033614
1907,-5,1104439,409094759.632531,182802.115042,1413219.617280,0.129352,0.639239,0.00033538
1913,-6,1111493,413603931.295340,183896.036538,1424194.118001,0.129123,0.640117,0.00033479
1933,-3,1134849,427068180.433111,188669.372194,1455344.381669,0.129639,0.640661,0.00033160
2143,-3,1394975,587617511.372664,231701.106269,1805972.244049,0.128297,0.646817,0.00030197
2163,-4,1421657,603204985.377145,235408.115321,1836055.831390,0.128214,0.645254,0.00029845
2301,-3,1608577,723790496.987335,267555.003726,2071281.983221,0.129174,0.643364,0.00027972
2345,-3,1670691,768828090.335909,276187.565446,2158863.908585,0.127932,0.645646,0.00027545
2347,-3,1672979,768426347.734909,278117.958326,2156622.629131,0.128960,0.644094,0.00027455
2351,-4,1678929,773830433.153308,277531.139164,2167779.814233,0.128026,0.645133,0.00027452
2355,-5,1685171,780303590.574033,279146.572374,2181520.547170,0.127960,0.646818,0.00027477
2357,-6,1687499,781615255.681473,279260.840312,2184026.226341,0.127865,0.646668,0.00027448
2365,-3,1699323,789511676.186724,281299.319716,2198174.002633,0.127970,0.646330,0.00027341
2373,-3,1711085,796144520.764853,283489.000850,2208848.471158,0.128342,0.645006,0.00027192
2377,-3,1716135,799811751.533649,285926.129436,2216222.205080,0.129015,0.645255,0.00027157
2379,-5,1719631,804777428.850660,284355.418393,2227319.642899,0.127667,0.647168,0.00027215
2381,-6,1721839,804568659.374058,286491.486194,2225756.089328,0.128716,0.645885,0.00027138
2383,-8,1725011,810837775.994197,285667.705709,2240854.221118,0.127482,0.649071,0.00027249
2387,-8,1731017,817441851.310586,286911.367484,2255044.826309,0.127231,0.650916,0.00027281
2389,-9,1733609,822070578.292980,287282.690580,2266320.263619,0.126762,0.653192,0.00027353
2393,-10,1739597,827967808.358551,288458.109098,2278528.442466,0.126598,0.654451,0.00027360
2397,-10,1745745,834280943.869410,288922.963186,2291639.262411,0.126077,0.655900,0.00027375
2399,-12,1748297,837662749.269806,288641.808675,2299486.723674,0.125524,0.657185,0.00027406
2405,-12,1757377,846689468.845701,290764.181651,2318038.385564,0.125435,0.659066,0.00027415
2409,-13,1763209,848178935.277067,292265.253881,2318283.913852,0.126070,0.656956,0.00027282
2411,-15,1765609,852563800.872403,292303.152980,2329033.263431,0.125504,0.659105,0.00027349
2417,-15,1774455,857738035.507189,293934.020284,2337287.623640,0.125759,0.658145,0.00027241
2423,-15,1783431,864826586.545880,295583.177550,2350561.689166,0.125750,0.658553,0.00027190
2431,-13,1795337,867748219.527272,297810.476967,2350595.118627,0.126696,0.654196,0.00026922
2437,-11,1803861,869193463.757589,300024.273493,2349166.543092,0.127715,0.650710,0.00026712
2441,-13,1810021,878440515.196108,299944.241441,2369960.966754,0.126561,0.654237,0.00026813
2445,-12,1816373,883138735.165638,301394.557790,2378193.430538,0.126733,0.654214,0.00026768
2447,-12,1818891,884626389.625669,300129.491344,2380847.515345,0.126060,0.654038,0.00026739
2451,-12,1825285,890949854.610775,303454.548331,2393371.008216,0.126790,0.655176,0.00026742
2459,-11,1836765,893770111.792087,303468.083403,2393726.901807,0.126776,0.651179,0.00026492
2465,-9,1846025,899319176.463207,306767.587799,2402352.419857,0.127695,0.650249,0.00026390
2467,-10,1848633,899664581.238633,307035.540991,2401831.623229,0.127834,0.649191,0.00026326
2473,-8,1857767,906791769.104406,308596.480549,2414813.715473,0.127793,0.649492,0.00026274
2477,-8,1863911,915052734.847597,308868.170618,2432707.804291,0.126965,0.652148,0.00026339
2485,-6,1876295,921928584.971011,311589.936764,2442671.862216,0.127561,0.650499,0.00026188
2543,-3,1964371,970197640.754485,325215.570314,2512598.818524,0.129434,0.639129,0.00025143
2549,-4,1973665,980746356.389782,327245.555715,2533920.175916,0.129146,0.641519,0.00025177
2551,-5,1976853,985160093.323765,328035.335439,2543212.359087,0.128985,0.642833,0.00025209
2553,-6,1980523,990100030.802377,329020.087890,2553227.798033,0.128864,0.644169,0.00025242
2555,-6,1983383,990869034.491207,328197.964489,2553524.851867,0.128527,0.643315,0.00025189
2557,-7,1985951,990885415.015933,329908.280916,2552261.326618,0.129261,0.642166,0.00025124
2697,-4,2209959,1170476508.820819,366012.167258,2857545.754966,0.128086,0.646121,0.00023966
2699,-6,2212899,1171758924.940031,365755.680855,2858994.284228,0.127932,0.645590,0.00023928
2703,-7,2220061,1180328796.871254,368206.116770,2874866.231363,0.128078,0.647081,0.00023948
2707,-6,2225933,1180404034.503102,369643.893051,2871708.041280,0.128719,0.644665,0.00023824
2711,-8,2232583,1191221435.973379,369862.812821,2893661.160912,0.127818,0.647659,0.00023899
2713,-9,2236189,1200143413.060710,371110.755007,2912779.379408,0.127408,0.650887,0.00024000
2715,-11,2240177,1209050020.815161,371285.909153,2931330.390500,0.126661,0.653867,0.00024092
2717,-12,2242769,1209207552.802614,372095.576823,2930481.298893,0.126974,0.652922,0.00024040
2719,-13,2245829,1211217239.903073,371919.562262,2933509.695015,0.126783,0.652707,0.00024014
2729,-12,2262423,1223196244.507416,374213.035523,2951606.430549,0.126783,0.651918,0.00023897
2731,-14,2265727,1234045397.483158,377569.292566,2975622.018353,0.126888,0.656264,0.00024039
2737,-12,2276055,1243381077.017434,378591.194870,2991083.518559,0.126573,0.656682,0.00024002
2739,-13,2279499,1245640958.836606,377956.072840,2994178.308661,0.126230,0.656368,0.00023973
2741,-14,2282227,1246576104.685208,379021.492817,2995029.759448,0.126550,0.655770,0.00023933
2749,-13,2295939,1254065303.775271,380198.985892,3003767.790900,0.126574,0.653757,0.00023790
2751,-14,2299687,1263459674.443932,381586.820975,3023534.544140,0.126206,0.656987,0.00023890
2753,-15,2302591,1266055884.806977,381928.631536,3028126.055799,0.126127,0.657155,0.00023879
2755,-16,2306207,1275536126.029319,382350.923183,3048229.360715,0.125434,0.660481,0.00023983
2765,-14,2322923,1278417194.445609,385845.271795,3044136.523745,0.126750,0.654849,0.00023692
2767,-16,2325715,1285203239.385644,385487.093072,3058832.303718,0.126024,0.657220,0.00023761
2769,-17,2329857,1295516482.779911,386154.530633,3080120.198044,0.125370,0.660618,0.00023866
2777,-18,2342741,1299615575.365194,388914.061556,3081749.373829,0.126199,0.657334,0.00023679
2789,-19,2362893,1315157613.271972,391633.650915,3105364.981847,0.126115,0.656723,0.00023555
2791,-20,2366401,1325620994.934465,393823.507530,3127671.803449,0.125916,0.660461,0.00023672
2795,-22,2373355,1340863984.937896,394032.135760,3158886.182559,0.124738,0.665098,0.00023805
2797,-23,2376299,1346208948.803019,394882.111976,3169815.430707,0.124576,0.666573,0.00023840
2801,-23,2383313,1355506830.287774,396378.719811,3186865.192104,0.124379,0.668186,0.00023864
2803,-25,2387045,1372373708.670742,395968.258736,3223775.053665,0.122828,0.674869,0.00024085
2819,-21,2414443,1374549642.671139,399920.711862,3210464.149209,0.124568,0.664458,0.00023579
2821,-22,2417997,1386245135.858557,401337.393622,3235314.891492,0.124049,0.668617,0.00023710
2829,-22,2431693,1392256856.170289,403887.638884,3240204.978883,0.124649,0.665857,0.00023545
2833,-23,2438173,1397997341.262053,404889.907766,3249505.088196,0.124600,0.665994,0.00023517
2837,-25,2445013,1418138180.725415,404832.413991,3291739.038421,0.122984,0.672764,0.00023722
2843,-23,2455533,1420540294.948834,407155.234467,3290130.333295,0.123750,0.669555,0.00023559
2847,-22,2463005,1425040200.694797,408331.670587,3295167.950870,0.123918,0.668546,0.00023491
2849,-23,2466141,1430560767.321627,408360.990851,3306047.474759,0.123519,0.669901,0.00023522
2851,-24,2469021,1435769912.218894,410073.334561,3316542.000214,0.123645,0.671244,0.00023552
2857,-23,2479561,1440916738.130690,412937.330008,3321255.831863,0.124332,0.669341,0.00023436
2861,-22,2486709,1448171571.622086,412960.022930,3333041.743155,0.123899,0.669786,0.00023419
2865,-22,2494377,1458471405.660456,413799.053592,3351105.402752,0.123481,0.671347,0.00023441
2877,-20,2514901,1456451811.176034,417089.666796,3333054.068785,0.125137,0.662282,0.00023028
2879,-20,2517971,1457449053.791142,415795.993807,3333585.272798,0.124729,0.661581,0.00022988
2887,-19,2531941,1464254824.816525,419470.582539,3339926.016016,0.125593,0.659183,0.00022841
2895,-18,2546653,1472979271.422634,421779.314838,3349670.427668,0.125917,0.657288,0.00022712
2897,-19,2549629,1478757239.748564,422189.235245,3361205.177373,0.125607,0.658782,0.00022748
2903,-17,2560483,1483618669.347213,423846.682754,3364912.979439,0.125961,0.656713,0.00022630
2905,-18,2564265,1494514190.436708,426113.707811,3386956.299552,0.125810,0.660041,0.00022729
2909,-18,2570865,1499102544.261676,426208.876678,3393298.156103,0.125603,0.659580,0.00022682
2915,-17,2581813,1506012394.871456,427435.239744,3401483.144993,0.125661,0.658368,0.00022593
2917,-18,2584865,1510972218.574925,430301.197667,3410994.541374,0.126151,0.659429,0.00022614
2919,-18,2589239,1521496706.549282,428764.079601,3431300.945230,0.124957,0.662235,0.00022695
2927,-17,2602463,1523037904.508941,432075.350200,3426687.812582,0.126091,0.657985,0.00022488
2937,-15,2621021,1529099462.082957,434847.448360,3427634.113416,0.126865,0.653508,0.00022258
2939,-17,2624125,1536201174.783882,434049.480580,3441822.059094,0.126110,0.655437,0.00022309
2945,-16,2635309,1545967782.735150,437261.463766,3456043.583839,0.126521,0.655353,0.00022261
2953,-15,2649085,1548398479.451398,440306.641024,3452829.245065,0.127521,0.651339,0.00022064
2955,-17,2653297,1561962192.767523,440144.109903,3479900.511839,0.126482,0.655404,0.00022187
2957,-18,2656341,1568034897.854923,440634.601714,3491788.256565,0.126192,0.656890,0.00022222
2963,-16,2667161,1573694485.593750,441846.087683,3497255.206273,0.126341,0.655250,0.00022122
2967,-15,2674837,1581464037.231285,443271.847196,3509165.559507,0.126318,0.655595,0.00022104
2969,-16,2677933,1585398663.703487,443344.528211,3516197.610238,0.126086,0.656150,0.00022107
2971,-17,2681621,1597205627.718151,446834.360081,3539894.437906,0.126228,0.659664,0.00022211
2985,-11,2707645,1600235762.673434,449950.787121,3529070.282368,0.127498,0.651327,0.00021827
2999,-6,2732391,1609158413.726465,451924.602759,3533098.688937,0.127912,0.646167,0.00021553
3001,-7,2736189,1617818252.153993,455134.574150,3549546.802466,0.128223,0.648274,0.00021609
3009,-6,2751281,1626629646.792928,456090.701594,3558761.685331,0.128160,0.646393,0.00021489
3011,-6,2754145,1626680534.463306,457540.811326,3557535.272803,0.128612,0.645498,0.00021445
3019,-7,2768887,1638183504.921211,458962.993616,3573083.510409,0.128450,0.644869,0.00021367
3021,-8,2773105,1647687053.701990,460414.421529,3590721.896095,0.128223,0.647067,0.00021426
3023,-8,2776487,1652210361.088612,458989.621898,3598573.993037,0.127548,0.647692,0.00021433
3037,-6,2801957,1662745665.168211,465138.090838,3605216.437703,0.129018,0.642991,0.00021179
3041,-6,2809429,1674532894.289890,466766.292356,3625885.674024,0.128732,0.644958,0.00021216
3049,-3,2824407,1689288153.367995,468934.518655,3648007.226905,0.128545,0.645452,0.00021176
3055,-4,2835923,1702980012.126143,470120.473638,3669846.732178,0.128104,0.646680,0.00021175
3059,-5,2843067,1706926277.708416,469802.244257,3673911.133706,0.127875,0.645770,0.00021117
3061,-6,2846211,1706740911.222944,473832.828563,3671853.314431,0.129045,0.644696,0.00021068
3067,-3,2857681,1721658158.562844,474645.348826,3696308.731263,0.128411,0.646385,0.00021082
3079,-3,2880211,1740176078.743934,477460.332200,3721341.258109,0.128303,0.645674,0.00020977
3081,-4,2884249,1748786618.170788,480037.845910,3736944.137211,0.128457,0.647474,0.00021022
3083,-6,2887573,1750941366.799913,479459.640074,3739667.304856,0.128209,0.647200,0.00020999
3089,-5,2898985,1763311778.985685,481146.638493,3758561.592062,0.128014,0.647910,0.00020982
3617,-3,3975079,2825526953.983455,660210.735631,5142917.939377,0.128373,0.646601,0.00017882
3619,-4,3979883,2836849138.440950,660390.113474,5160144.362505,0.127979,0.647984,0.00017910
3621,-5,3984083,2841368068.196075,661978.613257,5165768.536680,0.128147,0.648006,0.00017901
3623,-5,3988133,2846992731.335965,662935.479460,5173593.877544,0.128138,0.648329,0.00017900
3631,-5,4005539,2863274946.555308,665935.567506,5192009.200416,0.128262,0.647810,0.00017846
3633,-6,4010977,2875589573.005514,665634.498186,5210137.077667,0.127758,0.649191,0.00017874
3637,-7,4018861,2877869938.708558,667425.544852,5209768.954849,0.128110,0.647872,0.00017818
3643,-8,4032281,2893959828.656986,669243.712619,5230072.769065,0.127961,0.648233,0.00017799
3655,-4,4059181,2918242549.484616,675305.421821,5256261.157215,0.128476,0.647162,0.00017711
3657,-5,4063693,2921645635.498611,674113.625098,5259423.581009,0.128173,0.646833,0.00017692
3659,-7,4067721,2924306165.641287,674971.693169,5261876.012073,0.128276,0.646494,0.00017673
3671,-3,4094241,2948325571.463140,678124.241468,5288015.252511,0.128238,0.645498,0.00017588
3673,-4,4099063,2960439647.004964,681877.626832,5306385.124820,0.128501,0.646978,0.00017619
3677,-6,4107911,2976102493.423219,681807.939614,5328765.745607,0.127949,0.648308,0.00017636
3685,-7,4126375,2995044913.072301,684662.814832,5350299.421081,0.127967,0.648016,0.00017590
3689,-8,4135039,3003170582.063504,685583.579169,5359384.642661,0.127922,0.647756,0.00017564
3691,-9,4138879,3005275222.428038,688580.066949,5361069.484628,0.128441,0.647359,0.00017544
3697,-7,4152467,3022659952.600036,691575.655415,5383172.472424,0.128470,0.647901,0.00017530
3701,-8,4161857,3038941749.262712,691881.041564,5405799.677997,0.127989,0.649157,0.00017545
3709,-9,4179713,3067771200.616047,694087.478689,5445513.299388,0.127460,0.651133,0.00017560
3719,-7,4202229,3092228626.490126,696613.700431,5474233.833354,0.127253,0.651061,0.00017511
3723,-7,4212427,3117076177.107576,697973.075990,5510781.812612,0.126656,0.653821,0.00017566
3727,-8,4220391,3119039832.744283,701997.740218,5509760.822848,0.127410,0.652467,0.00017511
3729,-9,4225973,3134119975.599300,702089.824085,5532052.793086,0.126913,0.654241,0.00017549
3731,-11,4229701,3140948910.282656,701477.076770,5542190.925851,0.126570,0.654863,0.00017557
3733,-12,4233821,3143257563.110851,702636.099859,5543837.279398,0.126742,0.654420,0.00017535
3739,-10,4247907,3160241631.438842,704384.789166,5564237.028269,0.126591,0.654651,0.00017513
3741,-11,4252925,3173968192.067761,707311.338873,5584796.594416,0.126649,0.656294,0.00017548
3745,-10,4261827,3177756179.314115,709991.266662,5585747.661586,0.127108,0.655035,0.00017496
3759,-5,4293809,3196805921.175966,711702.830427,5598224.738604,0.127130,0.651610,0.00017339
3761,-6,4297417,3200338092.592376,713203.341949,5602684.332691,0.127297,0.651581,0.00017329
3765,-6,4307777,3215150017.735011,715125.214328,5621048.519253,0.127223,0.652145,0.00017326
3767,-8,4311385,3217864576.611374,716126.004459,5624072.425958,0.127332,0.651950,0.00017311
3769,-9,4316399,3231742512.267304,716671.563009,5644761.214801,0.126962,0.653589,0.00017346
3779,-6,4339131,3252639634.093808,717909.879784,5666490.460379,0.126694,0.652668,0.00017275
3783,-7,4349137,3271087333.419490,721905.804885,5691534.344367,0.126839,0.654045,0.00017294
3793,-7,4371369,3273102683.757870,726963.675548,5681052.631245,0.127963,0.649521,0.00017129
3797,-8,4380269,3287663969.755304,727726.739883,5700736.683126,0.127655,0.650447,0.00017135
3801,-8,4390405,3303690881.144658,730474.595897,5721321.040854,0.127676,0.651289,0.00017139
3803,-8,4394465,3311270658.329604,730011.369404,5732164.033151,0.127354,0.651921,0.00017147
3813,-6,4418399,3336185787.222986,733384.141289,5759111.518721,0.127343,0.651438,0.00017089
3815,-6,4422705,3343648485.330867,732713.435071,5769398.625351,0.127000,0.651967,0.00017094
3819,-7,4431809,3346692085.550059,735527.022100,5768829.098532,0.127500,0.650563,0.00017039
3821,-8,4435705,3351326498.119936,736224.265231,5774766.243880,0.127490,0.650661,0.00017033
3823,-9,4440533,3369032573.880512,738179.236633,5801998.959406,0.127228,0.653019,0.00017086
3833,-7,4464175,3383547338.906523,740075.086095,5811294.689212,0.127351,0.650602,0.00016978
3835,-8,4469267,3398500745.076845,741870.221925,5833368.533644,0.127177,0.652329,0.00017014
3847,-8,4496359,3407828495.127263,746012.538800,5832325.121529,0.127910,0.648284,0.00016856
3851,-8,4505697,3422015023.064337,749249.087940,5850542.804561,0.128065,0.648961,0.00016856
3853,-9,4510819,3438875964.176677,750338.580650,5875742.803867,0.127701,0.651016,0.00016901
3855,-11,4516511,3458568662.306319,750118.896834,5905005.288687,0.127031,0.653434,0.00016955
3857,-12,4520479,3462519795.976025,750058.858505,5909626.295943,0.126922,0.653372,0.00016944
3863,-12,4534029,3469630469.103221,751202.875269,5913248.319520,0.127037,0.651819,0.00016878
3877,-9,4566771,3496889898.134704,759293.960803,5938417.814734,0.127861,0.649901,0.00016767
3881,-11,4576419,3516220174.348760,761340.805289,5964802.472507,0.127639,0.651413,0.00016789
3889,-12,4595355,3537632484.638698,765312.590459,5988714.111936,0.127792,0.651330,0.00016752
3895,-11,4609851,3553551657.302494,765885.442855,6005996.516043,0.127520,0.651156,0.00016722
3905,-7,4633753,3562526579.413787,768343.648560,6005483.093050,0.127940,0.647742,0.00016592
3907,-8,4637633,3566038831.612526,771684.663519,6009450.698103,0.128412,0.647628,0.00016580
3911,-7,4647503,3581536455.765095,771772.717852,6028914.162139,0.128012,0.648346,0.00016582
3913,-8,4652709,3594665465.445482,773236.704647,6047334.191043,0.127864,0.649599,0.00016605
3917,-10,4661345,3605425145.994054,775692.724846,6060386.218423,0.127994,0.649795,0.00016593
3919,-12,4666565,3627132945.248115,773173.010226,6093163.870685,0.126892,0.652579,0.00016656
3923,-13,4676311,3651440183.939335,775657.358149,6127459.810684,0.126587,0.654885,0.00016698
3929,-14,4690329,3677815242.770186,778411.126780,6162683.895382,0.126310,0.656681,0.00016718
3931,-14,4695297,3693779668.811491,780058.635116,6186032.249975,0.126100,0.658472,0.00016755
3939,-15,4715231,3727562938.930814,783034.109036,6228866.671883,0.125711,0.660229,0.00016766
3943,-15,4723867,3728453810.394862,784031.014800,6225279.998481,0.125943,0.658643,0.00016708
3945,-16,4729601,3747190335.855899,786563.156255,6252147.161023,0.125807,0.660684,0.00016752
3947,-16,4733669,3746471545.209975,785908.362834,6248742.163125,0.125771,0.659757,0.00016720
3955,-16,4753359,3768784587.618048,788550.584304,6272605.183770,0.125713,0.659533,0.00016680
3965,-13,4777309,3784964918.915502,793082.375202,6283799.352843,0.126211,0.657399,0.00016584
3967,-15,4781509,3798159759.661120,793867.523696,6303344.313211,0.125944,0.658864,0.00016613
3989,-10,4834893,3824872511.319728,800652.467143,6312397.168107,0.126838,0.652527,0.00016362
3995,-10,4849825,3852358796.618219,803776.151783,6347716.307140,0.126624,0.654158,0.00016379
3999,-9,4859483,3853341534.983618,805294.800047,6343060.255044,0.126957,0.652379,0.00016318
4001,-10,4863603,3854973543.625548,808939.579828,6343542.065034,0.127522,0.651876,0.00016297
4003,-10,4868835,3867288726.449369,807810.000703,6360145.782296,0.127011,0.652880,0.00016314
4007,-10,4878391,3885508598.399766,809083.202435,6383964.861355,0.126737,0.654042,0.00016327
4011,-11,4889105,3905760829.358356,811864.806563,6409567.347384,0.126665,0.655226,0.00016340
4013,-12,4893241,3908516213.908267,812704.626053,6411863.022255,0.126750,0.654907,0.00016324
4015,-13,4898585,3923923239.287909,813395.544322,6433319.448220,0.126435,0.656382,0.00016352
4017,-14,4903465,3932214458.192662,813732.081221,6443704.643698,0.126283,0.656787,0.00016354
4019,-15,4907593,3932614531.885281,814878.249120,6442145.335250,0.126492,0.656076,0.00016328
4021,-16,4912667,3953064564.488329,817398.590908,6472175.470217,0.126294,0.658454,0.00016379
4027,-15,4927209,3965910106.425296,819099.953744,6483701.937319,0.126332,0.657680,0.00016336
4029,-16,4933107,3990003809.427675,819085.327843,6518527.501133,0.125655,0.660422,0.00016396
4035,-13,4947963,3984160031.238559,822019.866584,6499100.028701,0.126482,0.656477,0.00016274
4047,-12,4976731,3987372475.525195,825996.588800,6485971.184739,0.127351,0.651365,0.00016099
4049,-13,4981011,3992892190.341763,826596.874247,6492575.665578,0.127314,0.651468,0.00016094
4051,-14,4986139,4012450562.673618,830642.488236,6520887.001586,0.127382,0.653636,0.00016139
4053,-15,4992213,4033245149.795177,828522.637180,6549937.569607,0.126493,0.655749,0.00016183
4057,-14,5001031,4038282779.503754,831646.181399,6553015.575386,0.126910,0.654901,0.00016146
4065,-13,5021935,4058305725.127505,834704.522894,6571024.088183,0.127028,0.653968,0.00016092
4071,-13,5035975,4073888395.312950,837086.958694,6587572.780543,0.127071,0.653787,0.00016064
4073,-14,5040559,4081826523.649489,836298.787228,6597645.735658,0.126757,0.654192,0.00016066
4079,-13,5055797,4094423679.698443,837420.007833,6607778.627321,0.126732,0.653222,0.00016018
4081,-14,5060899,4112195350.256541,842597.569638,6633019.146398,0.127031,0.655056,0.00016055
4085,-15,5070651,4122250022.213069,841535.888614,6642953.268030,0.126681,0.654776,0.00016033
4089,-15,5080719,4126457192.752414,845251.650598,6643053.266350,0.127238,0.653488,0.00015986
4091,-17,5084927,4138647629.044378,844040.075756,6660420.629481,0.126725,0.654655,0.00016006
4093,-18,5090217,4163139160.295083,846405.856017,6696143.935269,0.126402,0.657482,0.00016068
4099,-20,5105225,4201644563.909659,846982.347033,6748086.544259,0.125514,0.660635,0.00016121
4111,-16,5134895,4203853694.878859,853641.788090,6732271.381415,0.126798,0.655279,0.00015944
4123,-14,5165425,4224663839.760991,858971.976389,6745238.792063,0.127345,0.652662,0.00015834
4127,-14,5174787,4235715235.892207,858537.988936,6757197.285489,0.127055,0.652636,0.00015818
4129,-15,5180257,4256279444.190349,860955.467969,6786119.697112,0.126870,0.654737,0.00015861
4133,-15,5190433,4273125275.473321,862212.440412,6806207.363829,0.126680,0.655388,0.00015861
4137,-14,5200957,4289360213.560611,864437.744558,6824839.321805,0.126661,0.655853,0.00015857
4139,-14,5205377,4298404913.004985,862099.697788,6836726.451697,0.126098,0.656438,0.00015864
4147,-14,5225695,4325572468.299734,866773.766274,6866431.235415,0.126234,0.656727,0.00015840
4153,-14,5240303,4330205390.552372,871365.083512,6864540.219389,0.126937,0.654716,0.00015769
4155,-16,5246435,4357710642.048189,871805.430743,6903391.099541,0.126287,0.657652,0.00015832
4157,-17,5250719,4369592827.417406,870436.750153,6919896.006026,0.125788,0.658687,0.00015849
4159,-18,5255955,4390919240.249900,872961.074494,6950083.840724,0.125604,0.660901,0.00015895
4161,-19,5261649,4415072087.384255,875732.805998,6984107.257954,0.125389,0.663418,0.00015948
4173,-14,5291979,4405141555.407561,879218.329500,6948438.357285,0.126535,0.656248,0.00015730
4177,-14,5301273,4414239554.797231,882614.357886,6957243.999278,0.126863,0.655928,0.00015707
4179,-14,5307537,4436274984.222758,880125.819427,6987064.622173,0.125965,0.657962,0.00015748
4191,-10,5337725,4440806833.596418,886081.611504,6974613.219584,0.127044,0.653076,0.00015587
4199,-7,5357647,4447993143.346186,886156.617577,6973206.980769,0.127080,0.650517,0.00015496
4201,-8,5362063,4452227263.949488,894614.653594,6977418.180103,0.128216,0.650373,0.00015485
4209,-10,5383403,4491763126.562410,893739.569723,7024822.946808,0.127226,0.652197,0.00015499
4211,-12,5387723,4501131254.281139,893617.940416,7037171.848380,0.126985,0.652820,0.00015506
4215,-12,5398813,4520371901.270701,896757.778027,7059433.769636,0.127030,0.653540,0.00015509
4217,-13,5402973,4531699177.960567,898268.717574,7075029.953904,0.126963,0.654480,0.00015524
4219,-13,5408485,4543414142.047091,899248.240731,7089450.654984,0.126843,0.655145,0.00015532
4229,-10,5434077,4552919049.345769,901082.322875,7087580.982178,0.127135,0.651889,0.00015418
4231,-11,5439409,4576638074.108527,903653.042010,7120886.281523,0.126902,0.654310,0.00015468
4233,-12,5445663,4597467613.387817,904895.370492,7148456.696432,0.126586,0.656089,0.00015503
4241,-14,5464763,4614252572.332121,908319.452065,7162989.769711,0.126807,0.655126,0.00015451
4243,-14,5470203,4628147615.315967,909439.964901,7180799.129423,0.126649,0.656101,0.00015467
4245,-15,5476565,4652964356.651532,908975.071528,7214314.868175,0.125996,0.658398,0.00015514
4251,-15,5491449,4662502861.490208,913019.105053,7219699.254079,0.126462,0.657104,0.00015461
4253,-16,5496165,4680241616.986557,912449.048657,7244354.973750,0.125953,0.658782,0.00015493
4255,-18,5501833,4712699344.203620,912440.005079,7290506.079390,0.125155,0.662296,0.00015569
4259,-18,5511377,4712568307.714233,914778.011755,7284519.723909,0.125578,0.660607,0.00015514
4261,-19,5516755,4735717265.506671,917675.496083,7316599.965976,0.125424,0.662869,0.00015560
4271,-15,5542433,4739444063.166402,920913.735372,7305535.964584,0.126057,0.658801,0.00015429
4273,-16,5548111,4765107657.453788,922916.469291,7341012.859004,0.125721,0.661323,0.00015480
4277,-16,5558815,4796597586.702118,922733.482799,7382199.198080,0.124994,0.663753,0.00015523
4283,-13,5574015,4795938460.569812,923563.937953,7371381.857643,0.125290,0.660973,0.00015436
4289,-11,5589983,4814744083.394070,927177.738889,7389482.621998,0.125473,0.660704,0.00015408
4297,-12,5610599,4848096148.021999,932398.953829,7427155.198179,0.125539,0.661633,0.00015401
4301,-13,5621275,4867326905.660951,934241.048900,7449381.401060,0.125412,0.662353,0.00015404
4323,-6,5679379,4868630638.167267,943834.963519,7412862.628024,0.127324,0.652364,0.00015094
4327,-6,5688667,4874004400.259693,946747.161317,7415783.049542,0.127667,0.651555,0.00015061
4337,-7,5715045,4895189067.001459,949482.141005,7430769.729519,0.127777,0.649859,0.00014988
4339,-8,5720821,4913108272.909853,949006.234981,7453875.712027,0.127317,0.651222,0.00015012
4345,-8,5737123,4939285784.541979,953780.150579,7482628.665098,0.127466,0.651877,0.00015006
4349,-10,5746871,4949541244.240710,953853.162488,7492336.758664,0.127311,0.651616,0.00014987
4355,-10,5763251,4971069288.321510,956018.074370,7513888.067762,0.127233,0.651633,0.00014966
4357,-11,5767739,4977385565.619370,960131.084577,7521033.402357,0.127659,0.651745,0.00014962
4363,-11,5784053,5007063754.380895,960547.562221,7554926.498277,0.127142,0.652836,0.00014966
4371,-10,5805779,5025176985.759435,965640.459636,7567731.415182,0.127600,0.651496,0.00014908
4373,-11,5810723,5037293205.223128,964553.967293,7582991.302758,0.127200,0.652254,0.00014919
4391,-8,5858173,5086659375.920468,972072.845351,7626542.150691,0.127459,0.650688,0.00014822
4395,-8,5870211,5108810719.577753,975093.974178,7651008.043765,0.127446,0.651437,0.00014826
4397,-9,5874419,5108545505.505034,975593.414007,7648609.579992,0.127552,0.650766,0.00014804
4403,-11,5891159,5140778937.522717,978132.874655,7685470.239118,0.127270,0.652045,0.00014812
4407,-10,5901801,5138872069.526894,979083.538801,7675732.205324,0.127556,0.650045,0.00014754
4409,-11,5906505,5151724227.085274,979896.416246,7692289.817553,0.127387,0.650928,0.00014767
4421,-7,5938625,5206734042.065405,987071.248202,7753420.634775,0.127308,0.652553,0.00014764
4423,-7,5944365,5218483288.778843,988064.268727,7766924.219901,0.127214,0.653059,0.00014768
4431,-6,5966859,5251195073.709867,991057.849043,7800227.799303,0.127055,0.653387,0.00014749
4433,-7,5971587,5256690781.082108,991674.102504,7805730.397215,0.127044,0.653330,0.00014741
4441,-8,5992383,5281982488.942353,997553.894802,7830170.575378,0.127399,0.653102,0.00014709
4445,-7,6004003,5292041184.734341,996312.794736,7836949.666729,0.127130,0.652402,0.00014681
4447,-8,6008323,5292998797.966066,999186.459146,7836256.284233,0.127508,0.651876,0.00014662
4451,-8,6019701,5313835172.249025,999957.486154,7859296.251766,0.127232,0.652557,0.00014664
4457,-9,6036183,5341667827.913224,1002504.714250,7889508.157858,0.127068,0.653277,0.00014661
4463,-11,6052511,5365217981.167789,1004351.884598,7913550.903186,0.126915,0.653500,0.00014646
4465,-12,6058413,5386177316.579036,1006740.608243,7940281.929411,0.126789,0.655069,0.00014674
4481,-5,6100847,5401655647.745442,1015510.235012,7936046.392110,0.127962,0.650167,0.00014513
4483,-6,6106803,5420791405.076413,1014814.459143,7959943.336057,0.127490,0.651488,0.00014536
4493,-5,6134293,5460551549.913864,1018921.226579,8000197.739498,0.127362,0.651849,0.00014511
4495,-5,6140057,5476670237.012412,1020733.466634,8019848.365770,0.127276,0.652837,0.00014527
4503,-3,6162099,5506356726.046558,1023605.787599,8048774.798559,0.127175,0.652849,0.00014501
4505,-4,6167155,5502832981.989793,1025397.978507,8040598.999216,0.127528,0.651651,0.00014468
4507,-6,6171983,5505611805.927553,1025598.198328,8041934.895615,0.127531,0.651249,0.00014453
4513,-5,6188549,5520322135.873207,1030075.427171,8052541.373974,0.127919,0.650363,0.00014414
4517,-6,6199493,5554083717.198375,1028912.633619,8094654.709557,0.127110,0.652610,0.00014451
4519,-7,6205509,5573415542.141956,1030496.848279,8118546.917336,0.126931,0.653902,0.00014473
4521,-8,6211819,5600385046.635209,1031762.196485,8153151.313995,0.126548,0.656023,0.00014514
4523,-8,6216267,5595739239.825730,1032350.611872,8144159.981474,0.126760,0.654830,0.00014481
4543,-3,6271659,5651009648.501179,1041452.147962,8188002.547632,0.127192,0.652542,0.00014367
4547,-3,6282051,5648174638.372743,1043549.925715,8177549.761963,0.127612,0.650631,0.00014312
4549,-4,6288109,5662337523.024504,1043978.932100,8193758.724762,0.127411,0.651293,0.00014320
4551,-5,6294097,5682589553.973762,1047238.634034,8218852.692472,0.127419,0.652666,0.00014344
4561,-4,6320961,5694565798.894896,1053213.492123,8219188.993533,0.128141,0.649919,0.00014253
4565,-4,6332553,5713092571.787569,1052548.684131,8238052.087063,0.127767,0.650218,0.00014247
4567,-6,6337353,5719700084.593756,1052100.570758,8244943.527694,0.127606,0.650269,0.00014242
4585,-3,6388515,5796537391.531631,1062306.890515,8321451.970171,0.127659,0.651049,0.00014203
4587,-3,6393927,5799064439.263354,1062110.619914,8321661.127079,0.127632,0.650514,0.00014185
4591,-3,6404223,5802872736.731959,1065694.476710,8320987.815268,0.128073,0.649416,0.00014148
4643,-3,6550175,6011627304.844685,1087382.103677,8523699.656489,0.127572,0.650416,0.00014012
4649,-3,6567305,6038214148.505403,1091102.017375,8550098.118389,0.127613,0.650729,0.00014000
4651,-4,6573153,6060236529.450240,1093313.542704,8577334.952697,0.127465,0.652221,0.00014026
4657,-6,6589583,6091440197.310925,1095703.772665,8611095.826363,0.127243,0.653156,0.00014028
4663,-6,6607195,6116310392.701963,1099232.129865,8634314.196849,0.127310,0.653172,0.00014011
4665,-7,6613937,6141400391.489028,1100304.701199,8664609.535802,0.126988,0.654796,0.00014039
4669,-6,6624597,6148544059.708282,1100978.546606,8668154.710244,0.127014,0.654010,0.00014010
4673,-8,6635557,6155976734.604154,1102788.740678,8671720.643602,0.127171,0.653198,0.00013981
4679,-6,6652315,6180151831.267470,1101776.985084,8694992.791706,0.126714,0.653302,0.00013965
4683,-5,6664985,6207660046.407348,1107230.003511,8724542.614512,0.126910,0.654276,0.00013974
4697,-3,6704097,6244085149.069348,1112907.595820,8750617.268197,0.127180,0.652404,0.00013893
