p,N,T_N,M_half,M_third,M_fifth,M_sixth,M_seventh,p_mod6,p_mod12,p_mod30,p_mod24
13,12,-0.4301226551,-1,-1,0,0,1,1,1,13,13
19,18,-1.5338601758,-2,-1,-1,-1,0,1,7,19,19
43,42,-2.8951782247,-2,-2,-2,-2,-1,1,7,13,19
47,46,-2.9886110361,-2,-1,-2,-2,-1,5,11,17,23
53,52,-0.8027536850,-1,-2,-1,-2,-2,5,5,23,5
71,70,-3.8160322653,-1,-2,-2,-2,-1,5,11,11,23
107,106,-7.8101419238,-3,-1,-2,-2,-1,5,11,17,11
131,130,-1.9748696511,0,-3,-1,-2,-2,5,11,11,11
173,172,-2.6821987328,-2,-1,-2,-1,-2,5,5,23,5
179,178,-2.6545471734,-2,-1,-1,-2,-2,5,11,29,11
271,270,-6.5447174258,-1,-2,-3,-3,-1,1,7,1,7
311,310,-6.4170185607,-1,-2,-1,-2,-3,5,11,11,23
379,378,-3.7528887693,-3,-1,-3,-1,-3,1,7,19,19
389,388,-7.8244403832,-5,-1,-2,-1,-2,5,5,29,5
431,430,-6.3383377969,1,-1,-2,-3,-2,5,11,11,23
523,522,-8.3104177827,-2,-4,-2,-1,-3,1,7,13,19
617,616,-8.5169212922,-2,-4,-1,-1,-1,5,5,17,17
631,630,-8.5808570024,-3,-1,-1,-3,-2,1,7,1,7
719,718,-8.0094466937,-1,-1,-1,-3,-1,5,11,29,23
733,732,-7.8824338386,0,-2,1,-2,-2,1,1,13,13
751,750,-8.7693502993,-3,-1,0,-1,-3,1,7,1,7
757,756,-8.6725952386,-2,-2,-1,-1,-3,1,1,7,13
769,768,-8.8370548495,-2,-1,-1,-2,-4,1,1,19,1
829,828,-8.6085783807,0,-3,-1,-3,-4,1,1,19,13
839,838,-8.3891691332,0,-3,-1,-4,-3,5,11,29,23
863,862,-6.0608455552,-3,-7,-2,-1,-1,5,11,23,23
1223,1222,-8.7998041539,-1,0,-2,-5,-4,5,11,23,23
1237,1236,-14.4992511879,-4,-1,-2,-3,-4,1,1,7,13
1249,1248,-13.6415002274,-3,1,-1,-3,-2,1,1,19,1
1499,1498,-11.3834461157,-2,-6,-5,-1,0,5,11,29,11
1511,1510,-10.7560639680,-2,-5,-3,-2,1,5,11,11,23
1567,1566,-9.7325780029,-1,-2,-4,-2,3,1,7,7,7
1823,1822,-9.8144068899,-1,0,0,-2,-2,5,11,23,23
1831,1830,-9.8456764499,0,-2,0,-1,-2,1,7,1,7
1873,1872,-4.6119867628,5,-3,-3,-3,-1,1,1,13,1
1877,1876,-5.3188072313,3,-3,-3,-3,-1,5,5,17,5
1933,1932,-8.9773614241,5,-4,-2,-4,-3,1,1,13,13
2143,2142,-17.7325643148,-9,-3,0,-1,-1,1,7,13,7
2347,2346,-11.3281479991,-6,-1,-6,-1,2,1,7,7,19
2377,2376,-11.8743832145,-8,-1,-6,2,2,1,1,7,1
2543,2542,-9.4617407389,1,-1,-5,0,0,5,11,23,23
3049,3048,-15.9800384801,0,-1,-1,-5,-6,1,1,19,1
3067,3066,-16.3765427971,-1,-3,-2,-4,-6,1,7,7,19
3079,3078,-15.7839427182,1,-4,-2,-4,-7,1,7,19,7
3617,3616,-12.4148423527,-5,-2,-1,2,-2,5,5,17,17
3671,3670,-12.3173892873,-4,-3,-2,-1,-3,5,11,11,23
4547,4546,-6.1788307933,5,-2,-1,-3,-6,5,11,17,11
4591,4590,-11.1713413855,0,1,1,-4,-8,1,7,1,7
4643,4642,-11.0897836007,0,-1,4,-2,-11,5,11,23,11
4649,4648,-11.2216585304,1,-2,3,-2,-11,5,5,29,17
5147,5146,-12.2228362328,2,-10,-3,-2,-2,5,11,17,11
5167,5166,-11.1192915503,5,-8,-6,-3,-1,1,7,7,7
5179,5178,-11.2021720428,5,-8,-7,-3,-2,1,7,19,19
5237,5236,-10.7959939877,8,-10,-4,2,-3,5,5,17,5
5939,5938,-21.9604553300,-16,4,-8,2,-1,5,11,29,11
5953,5952,-20.6791519199,-15,7,-6,1,0,1,1,13,1
6113,6112,-7.3450835264,-4,2,-2,0,2,5,5,23,17
6131,6130,-6.6141805082,-3,4,-2,-2,1,5,11,11,11
6199,6198,-9.1958925441,3,7,-3,-6,-1,1,7,19,7
7193,7192,-13.6330021805,1,-10,8,-5,-3,5,5,23,17
7207,7206,-12.9295981587,3,-11,8,-5,-3,1,7,7,7
7211,7210,-13.6809443479,2,-11,7,-5,-4,5,11,11,11
7229,7228,-20.2464371955,-1,-13,6,-3,-5,5,5,29,5
7589,7588,-20.3017726635,-8,-1,-1,2,-5,5,5,29,5
7603,7602,-20.5741917556,-8,-1,0,1,-7,1,7,13,19
7607,7606,-20.8369464876,-8,-1,0,1,-7,5,11,17,23
7717,7716,-16.6628650630,-13,1,0,1,-11,1,1,7,13
7883,7882,-15.0088931214,-14,9,-3,-3,-11,5,11,23,11
7933,7932,-9.9330410876,-14,10,-7,-1,-13,1,1,13,13
7937,7936,-10.4514410440,-15,10,-7,-1,-13,5,5,17,17
9241,9240,-12.8699801057,0,-3,-2,1,-1,1,1,1,1
9277,9276,-12.7971487377,-1,-3,-1,0,-1,1,1,7,13
9281,9280,-13.0872110099,-2,-2,-1,0,-1,5,5,11,17
9391,9390,-12.7905259231,-2,2,-4,-2,1,1,7,1,7
9397,9396,-13.1899618738,-3,3,-5,-2,0,1,1,7,13
11027,11026,-5.8157863052,10,-5,8,-3,-3,5,11,17,11
11159,11158,-12.8998244952,5,-7,12,1,-3,5,11,29,23
11273,11272,-15.1671352060,15,-5,8,-4,-10,5,5,23,17
11287,11286,-15.4618486668,16,-6,8,-5,-10,1,7,7,7
11299,11298,-16.1676983689,14,-7,9,-3,-12,1,7,19,19
12919,12918,-17.7451587865,-13,-10,5,-2,0,1,7,19,7
13399,13398,-17.7456689978,-15,-11,4,11,-5,1,7,19,7
13441,13440,-17.4912645913,-17,-4,1,8,-4,1,1,1,1
13469,13468,-17.5108771866,-15,-3,-2,6,-2,5,5,29,5
13513,13512,-17.8398424386,-15,-3,-6,7,-1,1,1,13,1
13879,13878,-18.5730847760,-15,-1,-17,-2,6,1,7,19,7
15277,15276,-14.0412224915,3,-4,-4,-3,4,1,1,7,13
17737,17736,-20.5987240675,3,-8,5,-17,0,1,1,7,1
17863,17862,-12.0038472227,10,-4,2,-14,-5,1,7,13,7
18671,18670,-17.5780772501,-4,-9,-11,5,7,5,11,11,23
18749,18748,-17.3522626602,-6,-6,-7,4,5,5,5,29,5
21839,21838,-14.7651038368,-7,9,-11,-7,6,5,11,29,23
21991,21990,-15.3593643567,-11,8,-10,-4,5,1,7,1,7
22027,22026,-14.4785759493,-7,6,-10,-3,6,1,7,7,19
25189,25188,-13.9406409251,-3,16,-4,-6,-1,1,1,19,13
25357,25356,-18.8343941277,2,17,-2,-10,-4,1,1,7,13
25373,25372,-18.6568825752,3,17,-4,-9,-5,5,5,23,5
25457,25456,-10.7954710490,7,25,-4,-13,-6,5,5,17,17
25913,25912,-12.6183524469,-3,24,-3,-8,-8,5,5,23,17
27239,27238,-8.6782629904,1,3,9,-2,-12,5,11,29,23
27943,27942,-8.2669144653,10,-2,8,-6,-10,1,7,13,7
27983,27982,-7.6938781855,14,-5,7,-6,-9,5,11,23,23
28051,28050,-6.6902802593,16,-5,12,-7,-10,1,7,1,19
28229,28228,-10.6593946112,18,-6,17,-1,-14,5,5,29,5
28571,28570,-9.7006330932,24,-21,7,4,-14,5,11,11,11
28579,28578,-11.2135999979,21,-22,7,6,-15,1,7,19,19
29123,29122,-16.8597084257,1,-26,4,18,-18,5,11,23,11
29137,29136,-18.1839148045,1,-28,2,18,-18,1,1,7,1
33461,33460,-20.0637483919,-20,-1,-15,3,11,5,5,11,5
33469,33468,-20.2112872214,-20,-2,-16,4,12,1,1,19,13
33547,33546,-27.3856161669,-22,-4,-19,8,10,1,7,7,19
36307,36306,-16.3447704097,-17,17,2,6,-2,1,7,7,19
36341,36340,-15.7890500568,-15,15,5,3,0,5,5,11,5
36389,36388,-15.0764692833,-13,14,9,0,-1,5,5,29,5
36683,36682,-17.7764588504,-22,20,5,-3,-3,5,11,23,11
36781,36780,-18.9231828619,-22,18,6,-2,-1,1,1,1,13
36833,36832,-19.5539223799,-22,18,5,-4,0,5,5,23,17
39097,39096,-12.3078950791,23,-12,-2,-11,7,1,1,7,1
39103,39102,-12.1103582977,24,-13,-2,-11,7,1,7,13,7
39107,39106,-12.4649041113,23,-12,-2,-11,7,5,11,17,11
39119,39118,-12.8993620035,23,-13,-2,-11,8,5,11,29,23
39157,39156,-11.3470270756,28,-12,0,-13,7,1,1,7,13
39821,39820,-9.1210362190,42,-17,-10,-14,9,5,5,11,5
39827,39826,-9.1677366458,42,-16,-10,-15,8,5,11,17,11
39841,39840,-11.2483410994,38,-18,-10,-13,6,1,1,1,1
40093,40092,-12.4966628744,24,-11,-1,-15,5,1,1,13,13
40483,40482,-13.2232261414,21,0,12,-16,7,1,7,13,19
40519,40518,-15.0504832537,19,-5,12,-13,5,1,7,19,7
40577,40576,-12.8382662424,25,0,11,-16,7,5,5,17,17
40897,40896,-12.4375185483,22,3,18,-14,3,1,1,7,1
41143,41142,-3.8165408076,32,6,22,-19,-5,1,7,13,7
41149,41148,-3.9258514377,33,5,21,-19,-4,1,1,19,13
44381,44380,-22.7435070963,-15,-6,4,9,-18,5,5,11,5
44383,44382,-23.4363330162,-16,-7,4,10,-18,1,7,13,7
44389,44388,-24.2931743281,-17,-8,3,10,-17,1,1,19,13
44417,44416,-23.4331506060,-18,-8,5,12,-17,5,5,17,17
44711,44710,-20.7321705493,-18,-16,7,16,-22,5,11,11,23
45121,45120,-23.1822148179,-20,-5,1,14,-12,1,1,1,1
45127,45126,-23.9745754770,-22,-4,1,13,-13,1,7,7,7
45289,45288,-20.4653380790,-17,1,5,9,-15,1,1,19,1
45553,45552,-25.1067641778,-20,11,1,-5,-13,1,1,13,1
45569,45568,-26.7492575655,-25,9,3,-3,-12,5,5,29,17
45589,45588,-20.1473428058,-22,7,4,-3,-12,1,1,19,13
45631,45630,-19.3309085568,-22,8,7,-3,-10,1,7,1,7
45673,45672,-18.6168238660,-19,7,7,-4,-12,1,1,13,1
56039,56038,-14.5978526911,-1,0,2,-5,2,5,11,29,23
56113,56112,-15.1409414502,-4,0,3,-5,1,1,1,13,1
56209,56208,-23.0859148951,-7,-5,2,-2,3,1,1,19,1
56237,56236,-21.1017195499,-3,-3,1,-4,6,5,5,17,5
56393,56392,-18.6995960443,2,-1,-3,-4,11,5,5,23,17
65843,65842,-14.6078605986,23,-7,-9,-8,-7,5,11,23,11
75869,75868,-24.2375927000,-30,-5,8,3,-12,5,5,29,5
75937,75936,-20.9010734009,-27,-2,10,3,-8,1,1,7,1
75967,75966,-20.9814490422,-29,-3,9,5,-6,1,7,7,7
76249,76248,-18.9766276959,-23,-1,6,5,-12,1,1,19,1
77647,77646,-20.3461179357,-19,-3,-11,-5,-4,1,7,7,7
77969,77968,-19.9736694276,-11,-3,-18,-7,-3,5,5,29,17
77983,77982,-19.7011090049,-9,-5,-16,-7,-4,1,7,13,7
78017,78016,-19.5019395552,-5,-8,-19,-9,-3,5,5,17,17
78139,78138,-17.2553108451,0,-3,-19,-13,-3,1,7,19,19
78191,78190,-18.4703946476,-2,-3,-19,-12,-3,5,11,11,23
78203,78202,-18.5483741016,-2,-2,-20,-13,-4,5,11,23,11
78233,78232,-18.6533584071,-4,0,-20,-12,-6,5,5,23,17
80953,80952,-20.4816095730,-2,-12,-37,-2,12,1,1,13,1
81001,81000,-20.2473894722,-4,-10,-37,-2,17,1,1,1,1
84349,84348,-22.1435859558,-46,-3,-13,15,14,1,1,19,13
84421,84420,-28.0726124972,-47,2,-13,12,19,1,1,1,13
84449,84448,-29.0232801003,-46,2,-15,11,20,5,5,29,17
84649,84648,-29.3675537817,-49,4,-17,13,23,1,1,19,1
84653,84652,-29.6497516284,-48,3,-18,13,22,5,5,23,5
84659,84658,-29.6717020138,-47,1,-19,14,23,5,11,29,11
90089,90088,-18.0212719043,0,15,-13,-4,4,5,5,29,17
91433,91432,-20.9998785363,5,25,-19,2,-12,5,5,23,17
91513,91512,-13.7394591334,7,22,-18,7,-9,1,1,13,1
100847,100846,-19.6272977603,0,-19,21,-15,16,5,11,17,23
100943,100942,-17.1459566266,9,-25,21,-20,15,5,11,23,23
104473,104472,-25.0544585521,6,-29,40,-14,-15,1,1,13,1
104701,104700,-17.0593159362,10,-24,37,-18,-21,1,1,1,13
108971,108970,-20.7733169475,14,-3,3,-17,-15,5,11,11,11
109423,109422,-16.1736260871,9,3,-3,-19,-19,1,7,13,7
109451,109450,-15.8241697243,10,5,-4,-22,-19,5,11,11,11
109507,109506,-15.7641254896,14,2,-2,-24,-22,1,7,7,19
109517,109516,-15.4762773838,14,3,-3,-24,-21,5,5,17,5
111127,111126,-10.1238480538,30,-14,-20,-23,-20,1,7,7,7
111263,111262,-7.3499480674,35,-11,-16,-27,-23,5,11,23,23
111269,111268,-7.6141919376,35,-11,-16,-27,-23,5,5,29,5
111271,111270,-8.3475881808,34,-12,-17,-26,-23,1,7,1,7
125693,125692,-26.9701269022,-28,-24,-6,34,-4,5,5,23,5
125711,125710,-27.5126362713,-29,-25,-5,34,-4,5,11,11,23
125789,125788,-28.3448161643,-28,-30,-6,36,-8,5,5,29,5
130021,130020,-19.6855934774,15,-49,-7,2,-23,1,1,1,13
130199,130198,-18.1686542732,15,-41,-3,3,-20,5,11,29,23
130307,130306,-21.6730406414,7,-39,-3,2,-18,5,11,17,11
130337,130336,-20.9776401914,6,-38,-2,4,-17,5,5,17,17
131293,131292,-22.2779606596,10,-23,1,-4,0,1,1,13,13
131639,131638,-17.5041205188,0,-17,4,-8,2,5,11,29,23
131777,131776,-17.6979395068,0,-13,3,-6,5,5,5,17,17
132047,132046,-14.8435624384,7,-17,3,-3,20,5,11,17,23
132059,132058,-16.1625502328,6,-19,4,-2,20,5,11,29,11
132313,132312,-13.5355112392,19,-25,2,-9,27,1,1,13,1
134857,134856,-1.2378561365,32,1,-14,-27,46,1,1,7,1
134887,134886,-1.0380137289,34,-1,-12,-28,45,1,7,7,7
135721,135720,-16.6013254405,17,-4,-19,-18,44,1,1,1,1
162229,162228,-18.2365537619,-15,21,35,-11,-38,1,1,19,13
162451,162450,-21.9392257185,-15,31,36,-18,-37,1,7,1,19
162457,162456,-22.1245443097,-15,30,35,-18,-37,1,1,7,1
163147,163146,-23.9888114877,-26,20,21,-11,-30,1,7,7,19
163151,163150,-24.1286212539,-25,19,22,-11,-31,5,11,11,23
163171,163170,-24.6884968482,-26,18,20,-9,-32,1,7,1,19
194981,194980,-34.6693176610,-88,18,-10,36,10,5,5,11,5
195469,195468,-26.9473133564,-71,5,0,29,1,1,1,19,13
195863,195862,-31.0767714621,-72,13,-5,22,-1,5,11,23,23
195883,195882,-32.2707472139,-74,12,-5,21,-3,1,7,13,19
195887,195886,-33.0606736028,-76,12,-5,21,-3,5,11,17,23
195893,195892,-33.8107634678,-76,11,-6,21,-3,5,5,23,5
195919,195918,-33.1773577906,-73,10,-8,22,-6,1,7,19,7
196139,196138,-34.7131813424,-70,4,-10,26,-1,5,11,29,11
196709,196708,-32.5892112488,-68,11,-22,24,-9,5,5,29,5
196769,196768,-31.8993627018,-66,12,-24,21,-6,5,5,29,17
196837,196836,-30.0844163745,-60,14,-23,15,-2,1,1,7,13
197767,197766,-34.1773311018,-62,1,-17,23,-2,1,7,7,7
198251,198250,-39.1103572722,-57,8,-16,9,7,5,11,11,11
198323,198322,-42.5722859047,-67,9,-14,7,8,5,11,23,11
198349,198348,-42.5091828851,-67,10,-14,8,7,1,1,19,13
198413,198412,-43.8754146895,-74,14,-14,8,8,5,5,23,5
199337,199336,-34.6487576758,-57,35,-8,4,7,5,5,17,17
199373,199372,-26.8256519231,-52,32,-6,3,5,5,5,23,5
199403,199402,-27.0523250707,-52,31,-8,3,6,5,11,23,11
199739,199738,-32.5435731447,-60,25,-9,12,7,5,11,29,11
199813,199812,-39.5314567374,-57,25,-10,12,3,1,1,13,13
199819,199818,-39.2210192160,-58,27,-9,11,4,1,7,19,19
199831,199830,-39.5739355825,-58,27,-9,12,2,1,7,1,7
199853,199852,-39.7335425822,-60,26,-7,12,1,5,5,23,5
200009,200008,-35.7293506736,-47,30,-11,4,-3,5,5,29,17
200713,200712,-18.4196417193,-19,33,-11,-1,-9,1,1,13,1
201829,201828,-8.2077072087,-1,35,-13,-25,-21,1,1,19,13
202061,202060,-20.3970946308,-18,35,-8,-17,-27,5,5,11,5
206749,206748,-12.4078934977,-25,52,-12,-23,14,1,1,19,13
206779,206778,-10.4909657994,-22,53,-11,-22,14,1,7,19,19
206807,206806,-10.7219806447,-21,51,-11,-23,15,5,11,17,23
213901,213900,-30.0499719988,-22,43,-78,-22,28,1,1,1,13
213949,213948,-25.5065716807,-25,42,-80,-21,29,1,1,19,13
213953,213952,-25.7517490487,-25,41,-79,-21,29,5,5,23,17
218021,218020,-8.3326538321,4,34,-35,-3,45,5,5,11,5
218047,218046,-6.7903315168,7,34,-36,-3,45,1,7,7,7
218629,218628,-8.1070881102,7,30,-23,4,35,1,1,19,13
218761,218760,-11.4008963098,2,24,-20,3,34,1,1,1,1
219031,219030,-13.7655133709,-2,21,-29,3,36,1,7,1,7
219301,219300,-15.6799916984,-9,17,-22,2,38,1,1,1,13
219353,219352,-14.0563585722,-6,21,-21,2,37,5,5,23,17
243227,243226,-10.1931174348,56,-12,83,-8,-37,5,11,17,11
243577,243576,-3.5915299956,50,-11,83,-5,-30,1,1,7,1
243613,243612,-4.3452458338,53,-14,83,-5,-32,1,1,13,13
243703,243702,-2.3235269223,62,-15,78,-1,-31,1,7,13,7
243799,243798,0.1652217434,63,-9,83,-2,-29,1,7,19,7
244507,244506,-2.8062256424,46,-18,72,-2,-25,1,7,7,19
245257,245256,-12.0895615385,36,-29,72,-7,-11,1,1,7,1
245941,245940,-12.9188059139,40,-28,72,-12,-20,1,1,1,13
246049,246048,-14.0104506379,40,-33,65,-10,-16,1,1,19,1
246097,246096,-13.0105247139,41,-34,65,-9,-17,1,1,7,1
246121,246120,-12.8679591552,40,-34,65,-9,-16,1,1,1,1
246223,246222,-13.8711667526,43,-38,65,-7,-20,1,7,13,7
246641,246640,-17.6752478453,36,-50,66,8,-19,5,5,11,17
246661,246660,-17.3965501450,38,-50,64,5,-18,1,1,1,13
250813,250812,-21.2538259402,18,-22,14,-26,-10,1,1,13,13
250969,250968,-24.6507929642,11,-29,11,-23,-11,1,1,19,1
250993,250992,-24.7639829853,10,-29,11,-22,-10,1,1,13,1
253417,253416,-10.7064870264,20,-7,8,-47,-4,1,1,7,1
253481,253480,-12.6079791846,15,-8,11,-44,-7,5,5,11,17
253493,253492,-12.8279267472,14,-7,12,-43,-6,5,5,23,5
253507,253506,-13.3867680611,13,-8,13,-43,-6,1,7,7,19
253543,253542,-19.0234646042,15,-6,13,-46,-5,1,7,13,7
253601,253600,-17.2181203835,21,-8,17,-45,-6,5,5,11,17
253633,253632,-18.1572033768,19,-7,15,-43,-8,1,1,13,1
259691,259690,-18.3900460510,-8,27,6,-48,-14,5,11,11,11
259733,259732,-17.5224698003,-8,31,5,-51,-14,5,5,23,5
259837,259836,-16.5583213014,-8,35,8,-49,-15,1,1,7,13
259841,259840,-16.8335205694,-9,36,8,-49,-15,5,5,11,17
259949,259948,-14.1457203863,-8,41,6,-52,-11,5,5,29,5
260207,260206,-21.0437652219,-16,38,13,-40,-8,5,11,17,23
260263,260262,-21.0478416027,-14,37,11,-41,-8,1,7,13,7
260363,260362,-17.9488831045,-8,38,9,-39,-9,5,11,23,11
260413,260412,-16.5480765335,-3,40,9,-39,-13,1,1,13,13
260551,260550,-19.1290642108,-1,39,9,-41,-17,1,7,1,7
267307,267306,-25.1493869024,-34,23,11,3,-23,1,7,7,19
267317,267316,-26.1001742015,-36,21,11,3,-23,5,5,17,5
267451,267450,-30.1244350684,-44,19,15,8,-28,1,7,1,19
273919,273918,-24.6925760887,-59,10,11,3,-4,1,7,19,7
273929,273928,-25.1640047805,-59,8,12,4,-4,5,5,29,17
273941,273940,-24.6321908516,-58,9,12,3,-6,5,5,11,5
274007,274006,-25.2768318400,-56,8,11,-1,-4,5,11,17,23
275393,275392,-38.4153458441,-77,5,7,13,-22,5,5,23,17
275699,275698,-42.4599864606,-82,-6,9,23,-22,5,11,29,11
275741,275740,-43.1949804772,-83,-3,6,23,-25,5,5,11,5
275963,275962,-39.8946789257,-77,-9,15,22,-23,5,11,23,11
277183,277182,-55.6026065834,-101,-20,23,35,-17,1,7,13,7
277421,277420,-49.7450764317,-104,-25,26,34,-19,5,5,11,5
277427,277426,-49.7322716511,-104,-24,26,33,-19,5,11,17,11
278051,278050,-48.5388015869,-90,-26,35,37,-17,5,11,11,11
278387,278386,-45.1734895151,-96,-40,29,44,-8,5,11,17,11
322513,322512,-41.6313613533,-50,-11,-35,14,31,1,1,13,1
322519,322518,-41.4870462941,-49,-11,-35,14,32,1,7,19,7
372871,372870,-0.2777049857,40,40,38,-78,13,1,7,1,7
375709,375708,-10.5605437923,33,19,33,-49,10,1,1,19,13
376633,376632,-10.2726946791,46,6,22,-35,19,1,1,13,1
377059,377058,-20.4834923661,40,0,22,-29,20,1,7,19,19
377099,377098,-21.4177920581,39,-3,22,-27,19,5,11,29,11
377231,377230,-19.0340568345,44,-2,25,-34,20,5,11,11,23
378289,378288,-0.1906804579,56,16,11,-44,28,1,1,19,1
383983,383982,8.8012988556,88,64,16,-73,7,1,7,13,7
384203,384202,3.1521454201,72,65,9,-69,7,5,11,23,11
392831,392830,-26.1683545933,11,-8,2,3,0,5,11,11,23
392983,392982,-28.1995138667,12,-13,-2,4,1,1,7,13,7
393073,393072,-30.2265857292,6,-14,2,7,2,1,1,13,1
393077,393076,-30.5847204938,6,-14,2,7,2,5,5,17,5
393271,393270,-26.7495529659,2,-18,-1,12,-3,1,7,1,7
393401,393400,-27.9537321677,0,-18,-1,9,0,5,5,11,17
393403,393402,-28.6231974983,-1,-19,-1,10,0,1,7,13,19
393451,393450,-28.6317455942,-6,-17,2,12,-2,1,7,1,19
393521,393520,-27.6451463221,-3,-15,2,12,-4,5,5,11,17
439973,439972,-29.1575197085,-29,-42,27,38,-27,5,5,23,5
439981,439980,-29.3402086099,-29,-42,28,38,-28,1,1,1,13
440393,440392,-34.7143320652,-27,-36,24,36,-30,5,5,23,17
440507,440506,-36.9111747777,-33,-44,29,41,-36,5,11,17,11
440651,440650,-37.2543983492,-36,-49,29,41,-35,5,11,11,11
440669,440668,-38.0687780179,-38,-50,29,43,-35,5,5,29,5
440681,440680,-38.0613312338,-37,-51,31,41,-35,5,5,11,17
441907,441906,-42.8956462454,-57,-55,46,37,-39,1,7,7,19
481211,481210,-34.1720603875,-11,-50,-121,4,47,5,11,11,11
481301,481300,-33.7615676804,-18,-47,-115,4,48,5,5,11,5
481307,481306,-34.9924640330,-19,-48,-116,4,47,5,11,17,11
482759,482758,-44.3700781530,-42,-54,-122,10,51,5,11,29,23
482767,482766,-44.7714865645,-41,-56,-123,11,52,1,7,7,7
483247,483246,-52.4315291785,-49,-59,-105,11,61,1,7,7,7
483409,483408,-50.3543292672,-47,-56,-104,15,66,1,1,19,1
483557,483556,-49.3881476953,-43,-54,-107,18,65,5,5,17,5
483577,483576,-51.0574253297,-47,-54,-106,18,65,1,1,7,1
490741,490740,-18.1049325999,-7,16,-67,-34,73,1,1,1,13
491789,491788,-13.8687817396,-4,5,-66,-27,57,5,5,29,5
492911,492910,-15.2674665282,-1,12,-62,-38,63,5,11,11,23
493043,493042,-14.7097612502,-2,17,-61,-40,60,5,11,23,11
493351,493350,-20.2668882230,-1,8,-62,-50,52,1,7,1,7
493397,493396,-18.8687181541,0,10,-60,-49,54,5,5,17,5
494381,494380,-21.7798920191,16,17,-60,-61,44,5,5,11,5
494407,494406,-22.2960225311,16,18,-62,-62,43,1,7,7,7
494561,494560,-19.6693594729,20,24,-67,-63,49,5,5,11,17
494563,494562,-20.3389802687,19,23,-67,-62,49,1,7,13,19
497297,497296,-18.7606522373,-24,44,-56,-52,44,5,5,17,17
498907,498906,-32.3978089904,-17,35,-57,-45,47,1,7,7,19
498923,498922,-32.4066858591,-18,34,-56,-45,49,5,11,23,11
498937,498936,-33.7969929215,-18,32,-59,-45,49,1,1,7,1
498973,498972,-34.4396199981,-20,33,-58,-44,47,1,1,13,13
498977,498976,-35.1629940276,-21,33,-59,-44,46,5,5,17,17
499327,499326,-29.8051018871,-21,33,-61,-36,40,1,7,7,7
500107,500106,-41.1513325869,-41,30,-44,-29,21,1,7,7,19
500113,500112,-41.8927153637,-41,29,-45,-29,21,1,1,13,1
503147,503146,-14.7530473626,-24,35,-25,-4,31,5,11,17,11
503267,503266,-15.1145243497,-23,35,-21,-6,21,5,11,17,11
503317,503316,-15.5811430935,-24,34,-19,-7,23,1,1,7,13
511039,511038,-23.4975495332,-74,92,-65,28,22,1,7,19,7
511061,511060,-24.4291883201,-75,90,-62,27,22,5,5,11,5
511447,511446,-19.2798908477,-74,89,-65,26,12,1,7,7,7
511523,511522,-18.5522907749,-70,93,-68,20,15,5,11,23,11
512011,512010,-26.4072208639,-76,93,-58,22,24,1,7,1,19
512717,512716,-19.4603130056,-75,98,-52,27,37,5,5,17,5
513131,513130,-23.2244031578,-78,99,-62,30,39,5,11,11,11
513157,513156,-23.4000036272,-79,99,-61,29,41,1,1,7,13
513167,513166,-23.2062692563,-78,99,-60,29,40,5,11,17,23
513367,513366,-25.4674668741,-81,97,-63,34,36,1,7,7,7
515507,515506,-8.4352443514,-52,90,-41,57,37,5,11,17,11
545731,545730,-24.8528544647,-38,53,3,9,0,1,7,1,19
545747,545746,-24.1186712374,-35,53,3,10,0,5,11,17,11
551113,551112,-16.2122819928,4,31,13,-6,2,1,1,13,1
551143,551142,-15.5311531463,6,29,11,-5,5,1,7,13,7
551339,551338,-22.1747093332,-1,40,11,-10,11,5,11,29,11
551909,551908,-23.4294350751,-3,34,9,-8,14,5,5,29,5
551911,551910,-24.1627810917,-4,33,8,-7,14,1,7,1,7
551917,551916,-24.4921387297,-3,32,7,-8,13,1,1,7,13
554417,554416,-17.1275234188,8,61,15,-24,17,5,5,17,17
559703,559702,-4.5561043582,37,53,39,-61,0,5,11,23,23
559709,559708,-4.9007792892,37,52,38,-61,1,5,5,29,5
561521,561520,-14.4956698687,32,45,32,-60,4,5,5,11,17
561529,561528,-14.2732167599,33,46,31,-61,3,1,1,19,1
564671,564670,4.6360035153,39,44,59,-70,15,5,11,11,23
564679,564678,5.0169759372,40,44,58,-70,15,1,7,19,7
565549,565548,0.8127394118,57,37,66,-68,1,1,1,19,13
565559,565558,0.1252711176,56,37,64,-68,2,5,11,29,23
565637,565636,-0.4521200681,56,38,60,-69,0,5,5,17,5
565661,565660,-1.1326503880,54,39,58,-69,0,5,5,11,5
567937,567936,23.1204335047,111,57,67,-101,-15,1,1,7,1
570667,570666,-0.6134254845,83,40,85,-109,-16,1,7,7,19
570677,570676,-1.3726906000,81,41,85,-109,-16,5,5,17,5
570961,570960,6.3768900586,78,44,80,-109,-25,1,1,1,1
571099,571098,6.7345274035,81,38,82,-103,-26,1,7,19,19
571531,571530,13.8472904923,82,59,89,-113,-24,1,7,1,19
571601,571600,14.8164933026,84,63,86,-116,-27,5,5,11,17
571657,571656,15.1574900080,85,61,83,-117,-23,1,1,7,1
571679,571678,14.8752395316,87,60,80,-116,-24,5,11,29,23
572059,572058,15.2702144454,84,60,89,-111,-31,1,7,19,19
572177,572176,12.5837392245,78,53,83,-107,-28,5,5,17,17
572179,572178,11.9098213178,77,52,83,-106,-28,1,7,19,19
572233,572232,12.4104806150,74,56,84,-107,-29,1,1,13,1
631453,631452,5.7517286788,129,-80,15,-27,-12,1,1,13,13
633781,633780,-0.2468888245,117,-74,13,-26,0,1,1,1,13
633793,633792,-1.9783809250,114,-75,11,-25,1,1,1,13,1
633883,633882,-5.3779460565,101,-71,16,-23,-1,1,7,13,19
633931,633930,-3.2528061657,101,-68,17,-25,-1,1,7,1,19
638971,638970,0.8401111246,91,-27,75,-30,18,1,7,1,19
639007,639006,-0.0772471402,88,-26,76,-31,18,1,7,7,7
778793,778792,-6.0129028033,52,1,-63,-7,-4,5,5,23,17
778913,778912,-5.8887447009,59,-2,-63,-6,-4,5,5,23,17
779081,779080,-5.7467602322,60,-4,-64,-9,2,5,5,11,17
779731,779730,5.1601904108,63,3,-72,-6,5,1,7,1,19
780257,780256,1.0392259930,60,-10,-65,-4,20,5,5,17,17
780397,780396,0.4364206327,57,-7,-64,-2,18,1,1,7,13
780401,780400,0.1486454177,56,-6,-64,-2,18,5,5,11,17
780433,780432,0.6379626795,55,-3,-61,-6,16,1,1,13,1
785353,785352,-24.5500327030,13,19,-58,-14,44,1,1,13,1
785597,785596,-26.0853551526,6,20,-54,-12,40,5,5,17,5
785627,785626,-27.2316617843,4,20,-52,-12,40,5,11,17,11
785779,785778,-26.0945636778,3,22,-51,-9,41,1,7,19,19
789473,789472,-28.6393431333,-34,36,-62,5,51,5,5,23,17
789961,789960,-28.2112280071,-29,33,-67,-2,57,1,1,1,1
789967,789966,-28.4576686909,-29,34,-68,-2,57,1,7,7,7
789977,789976,-29.7486608651,-32,33,-69,-1,58,5,5,17,17
790003,790002,-29.3427678160,-32,33,-68,-2,61,1,7,13,19
791599,791598,-30.3346251864,-29,32,-66,-7,60,1,7,19,7
793733,793732,-22.8757914954,5,13,-66,-2,51,5,5,23,5
793957,793956,-23.0799663685,6,11,-70,-3,52,1,1,7,13
803849,803848,-28.0248877568,14,-62,-59,-10,89,5,5,29,17
803989,803988,-26.2047396666,18,-55,-59,-14,88,1,1,19,13
804161,804160,-29.5443861626,16,-61,-60,-11,86,5,5,11,17
804197,804196,-29.4257452429,13,-59,-59,-11,87,5,5,17,5
960373,960372,8.2036144951,38,60,79,-64,-61,1,1,13,13
960667,960666,12.3051742291,48,60,73,-64,-63,1,7,7,19
963253,963252,-12.6616150560,11,31,48,-38,-79,1,1,13,13
963367,963366,-15.9933599172,1,31,51,-36,-81,1,7,7,7
963491,963490,-13.1960208598,5,35,53,-34,-81,5,11,11,11
963689,963688,-13.1988507312,16,31,56,-40,-85,5,5,29,17
963691,963690,-13.9884583852,15,30,55,-39,-86,1,7,1,19
964559,964558,-25.9024864422,14,31,41,-58,-81,5,11,29,23
964577,964576,-25.0667414224,15,34,42,-60,-80,5,5,17,17
964783,964782,-22.1181938636,21,31,39,-59,-78,1,7,13,7
964861,964860,-22.2346168350,19,34,43,-60,-78,1,1,1,13
964897,964896,-23.9468820481,16,32,41,-58,-81,1,1,7,1
965047,965046,-23.3936011211,15,38,41,-60,-80,1,7,7,7
1114723,1114722,-29.1421101342,25,-11,-78,27,-64,1,7,13,19
1117273,1117272,-26.1020640675,36,7,-89,20,-62,1,1,13,1
1118807,1118806,-22.6830394141,21,3,-83,41,-68,5,11,17,23
1118951,1118950,-23.3043147431,21,4,-83,40,-71,5,11,11,23
1118969,1118968,-23.0570697429,20,3,-81,41,-70,5,5,29,17
1133227,1133226,-8.5954778975,32,10,-55,33,-36,1,7,7,19
1133239,1133238,-10.7916591211,27,9,-56,34,-38,1,7,19,7
1133387,1133386,-10.9182813879,23,7,-54,37,-37,5,11,17,11
1140371,1140370,-3.0146958286,10,28,-51,37,-35,5,11,11,11
1140389,1140388,-3.6655035372,10,27,-52,36,-35,5,5,29,5
1140413,1140412,-3.7346299581,12,24,-51,36,-34,5,5,23,5
1141067,1141066,-6.6409532962,3,24,-44,33,-30,5,11,17,11
1141087,1141086,-6.6085138669,4,24,-45,33,-32,1,7,7,7
1141243,1141242,-6.1479065050,8,21,-46,39,-33,1,7,13,19
1142573,1142572,-1.8416831542,2,37,-49,38,-10,5,5,23,5
1142851,1142850,5.1130275019,-1,33,-54,46,-7,1,7,1,19
1143091,1143090,1.4957253115,-2,17,-68,61,2,1,7,1,19
1161449,1161448,-22.1805246337,-44,29,-107,25,45,5,5,29,17
1161871,1161870,-23.7415425018,-47,38,-107,16,44,1,7,1,7
1161877,1161876,-24.2070975612,-49,39,-107,17,43,1,1,7,13
1161883,1161882,-24.3123216203,-50,41,-107,16,42,1,7,13,19
1162559,1162558,-29.1322896403,-61,44,-114,24,48,5,11,29,23
1162571,1162570,-28.5838272310,-60,46,-114,24,47,5,11,11,11
1173463,1173462,-51.8290483938,-111,29,-62,1,31,1,7,13,7
1173481,1173480,-52.3309045085,-114,30,-64,2,31,1,1,1,1
1174769,1174768,-54.0621840196,-138,57,-68,-6,40,5,5,29,17
1174781,1174780,-54.4326026180,-140,59,-68,-6,40,5,5,11,5
1176121,1176120,-62.9560489445,-165,52,-68,-4,63,1,1,1,1
1176127,1176126,-63.3727030056,-166,52,-68,-5,64,1,7,7,7
1176137,1176136,-63.7091930874,-167,52,-70,-4,65,5,5,17,17
1176239,1176238,-61.8398552896,-164,57,-72,-7,65,5,11,29,23
1177223,1177222,-66.7830539374,-149,21,-64,-12,79,5,11,23,23
1177741,1177740,-58.6639459377,-148,15,-60,0,77,1,1,1,13
1177769,1177768,-59.7299499523,-151,16,-59,-2,77,5,5,29,17
1177873,1177872,-58.8663637608,-153,16,-59,-2,78,1,1,13,1
1177877,1177876,-59.5637223981,-155,16,-59,-2,78,5,5,17,5
1178447,1178446,-77.2774507759,-181,3,-51,7,70,5,11,17,23
1208821,1208820,-92.4694060456,-250,21,-47,26,82,1,1,1,13
1234241,1234240,-55.4041920994,-229,127,-22,20,76,5,5,11,17
1234253,1234252,-57.0492753689,-232,127,-23,19,75,5,5,23,5
1246841,1246840,-30.4939515729,-155,145,-18,-41,80,5,5,11,17
1246891,1246890,-29.4665406934,-154,147,-17,-46,82,1,7,1,19
1247317,1247316,-20.3714198415,-134,154,-19,-53,87,1,1,7,13
1247867,1247866,-18.3357454731,-145,156,-27,-55,93,5,11,17,11
1247893,1247892,-18.5546818323,-143,152,-28,-52,94,1,1,13,13
1248253,1248252,-24.2915465138,-158,148,-23,-45,93,1,1,13,13
1248353,1248352,-26.2010203804,-165,151,-21,-44,94,5,5,23,17
1248391,1248390,-26.7391591290,-167,151,-23,-44,94,1,7,1,7
1248553,1248552,-27.6847233120,-176,159,-17,-45,91,1,1,13,1
1249141,1249140,-40.7034981253,-178,160,-31,-46,83,1,1,1,13
1249159,1249158,-40.7113831493,-177,160,-31,-46,83,1,7,19,7
1249247,1249246,-41.9522987780,-176,155,-31,-48,88,5,11,17,23
1249333,1249332,-41.8954027100,-172,148,-38,-46,89,1,1,13,13
1331437,1331436,11.5084759238,161,-51,1,-61,40,1,1,7,13
1331443,1331442,11.3948141348,160,-49,1,-62,40,1,7,13,19
1331959,1331958,3.4129656302,160,-49,1,-63,49,1,7,19,7
1332169,1332168,3.9401491758,165,-45,5,-72,45,1,1,19,1
1332217,1332216,3.0728095228,163,-43,2,-72,43,1,1,7,1
1332671,1332670,2.7221950253,164,-48,3,-73,39,5,11,11,23
1353019,1353018,40.4407093625,210,40,-55,-90,26,1,7,19,19
1353089,1353088,40.0079417861,209,42,-57,-87,23,5,5,29,17
1353091,1353090,39.2514385232,208,41,-58,-86,23,1,7,1,19
1353101,1353100,39.3191139102,208,41,-59,-86,24,5,5,11,5
1354081,1354080,37.2583258884,231,41,-66,-85,22,1,1,1,1
1354523,1354522,43.2899740721,239,45,-59,-88,17,5,11,23,11
1354571,1354570,44.6216972275,238,44,-57,-84,16,5,11,11,11
1355591,1355590,41.0259503094,245,19,-71,-82,18,5,11,11,23
1359209,1359208,31.0296997256,181,36,-40,-64,7,5,5,29,17
1359367,1359366,28.5912728282,179,31,-42,-59,5,1,7,7,7
1361471,1361470,18.4209547057,143,38,-42,-59,17,5,11,11,23
1362707,1362706,3.4492056300,129,34,-42,-50,17,5,11,17,11
1362761,1362760,2.7676335113,126,35,-38,-48,18,5,5,11,17
1362833,1362832,4.0049726249,130,34,-39,-49,13,5,5,23,17
1362869,1362868,5.4382382588,131,38,-40,-50,15,5,5,29,5
1363577,1363576,17.0854666147,140,48,-47,-59,12,5,5,17,17
1363727,1363726,21.4865894370,158,46,-44,-63,8,5,11,17,23
1364263,1364262,24.2595912750,169,44,-34,-56,3,1,7,13,7
1364329,1364328,23.8214777243,169,42,-38,-57,5,1,1,19,1
1368617,1368616,31.4723262192,185,44,-17,-47,-6,5,5,17,17
1368659,1368658,32.2426841448,185,45,-15,-49,-5,5,11,29,11
1372243,1372242,44.5876024091,173,81,9,-63,-6,1,7,13,19
1372271,1372270,44.7928777121,174,83,6,-66,-6,5,11,11,23
1373027,1373026,38.5175831189,177,78,8,-65,-2,5,11,17,11
1415989,1415988,34.0417504757,143,104,42,-33,5,1,1,19,13
1416497,1416496,27.2394687212,151,90,57,-38,2,5,5,17,17
1416551,1416550,29.3046879310,153,92,60,-39,4,5,11,11,23
1420093,1420092,37.1466077750,146,87,105,-33,13,1,1,13,13
1450021,1450020,-16.5031809995,64,5,99,-52,-13,1,1,1,13
1470991,1470990,-12.8940771513,49,5,123,-7,-77,1,7,1,7
1471007,1471006,-11.8454787507,52,5,122,-5,-77,5,11,17,23
1471213,1471212,-11.8211146267,55,2,110,-6,-76,1,1,13,13
1471339,1471338,-14.6370608212,49,5,101,-4,-79,1,7,19,19
1471807,1471806,-10.9985580983,49,-3,95,-11,-86,1,7,7,7
1471829,1471828,-11.6811148376,49,-3,93,-11,-87,5,5,29,5
1471853,1471852,-11.9564533972,47,-4,95,-10,-89,5,5,23,5
1471867,1471866,-11.7110884655,48,-4,95,-9,-89,1,7,7,19
1472021,1472020,-11.1651776931,46,-1,96,-11,-90,5,5,11,5
1472041,1472040,-10.3011354968,48,-1,99,-14,-91,1,1,1,1
1472077,1472076,-10.7551187086,47,0,97,-12,-91,1,1,7,13
1562867,1562866,-30.8432206332,10,-126,144,-9,-82,5,11,17,11
1563743,1563742,-36.8648379901,4,-129,131,7,-88,5,11,23,23
1567837,1567836,-56.1141777011,-38,-146,116,31,-82,1,1,7,13
1572749,1572748,-41.2704290887,25,-128,123,24,-61,5,5,29,5
1573501,1573500,-37.1302726479,25,-128,138,25,-64,1,1,1,13
1573543,1573542,-37.1995906914,27,-129,137,27,-65,1,7,13,7
1573921,1573920,-38.4664816447,9,-137,124,31,-59,1,1,1,1
1576543,1576542,-34.9682560978,40,-141,146,-1,-63,1,7,13,7
1576559,1576558,-36.7120367003,38,-144,145,-1,-65,5,11,29,23
1900303,1900302,-56.9950465357,-115,-32,31,112,-47,1,7,13,7
1900981,1900980,-58.3227334776,-125,-13,31,112,-47,1,1,1,13
1901147,1901146,-59.9405628779,-136,-5,30,116,-45,5,11,17,11
1901377,1901376,-57.8427501021,-131,-2,35,114,-45,1,1,7,1
1902469,1902468,-70.7938811109,-131,-8,17,113,-43,1,1,19,13
1902611,1902610,-67.7876593775,-122,-13,22,110,-40,5,11,11,11
1911031,1911030,-63.6735829583,-104,-38,32,86,-39,1,7,1,7
2225173,2225172,-9.5470178712,26,8,-53,-54,87,1,1,13,13
2225263,2225262,-7.8192783526,25,14,-53,-56,90,1,7,13,7
2226517,2226516,-11.0449317072,12,18,-50,-40,88,1,1,7,13
2226673,2226672,-15.9025832289,6,8,-53,-34,85,1,1,13,1
2329189,2329188,-5.2942983676,-32,54,182,51,-105,1,1,19,13
2329519,2329518,-9.4077227407,-52,63,183,56,-106,1,7,19,7
2330197,2330196,-8.5462908337,-58,66,183,57,-98,1,1,7,13
2660657,2660656,-62.1052258227,-23,-150,-93,-36,28,5,5,17,17
2660659,2660658,-62.8660064266,-24,-151,-93,-35,27,1,7,19,19
2661137,2661136,-59.7567495322,-20,-154,-86,-27,26,5,5,17,17
2661157,2661156,-60.1150357797,-21,-153,-87,-27,26,1,1,7,13
2661221,2661220,-59.0789999104,-20,-149,-87,-27,28,5,5,11,5
2661283,2661282,-57.9971802042,-18,-145,-88,-28,28,1,7,13,19
2662921,2662920,-43.3598704773,1,-128,-95,-48,21,1,1,1,1
2662951,2662950,-44.6315467467,-2,-128,-96,-48,20,1,7,1,7
2662981,2662980,-42.8232569067,4,-128,-95,-51,20,1,1,1,13
2663651,2663650,-42.0006316487,5,-125,-100,-54,21,5,11,11,11
2663701,2663700,-42.9374350490,4,-126,-102,-52,23,1,1,1,13
2664847,2664846,-49.9928566607,0,-139,-111,-45,33,1,7,7,7
2705147,2705146,-52.1736776856,-1,-217,-44,34,0,5,11,17,11
2705827,2705826,-49.3724270810,-8,-203,-41,38,1,1,7,7,19
2705863,2705862,-49.0725422729,-7,-202,-38,37,2,1,7,13,7
2705869,2705868,-49.0022691739,-8,-201,-37,38,2,1,1,19,13
2706101,2706100,-42.5891006763,-6,-211,-38,41,5,5,5,11,5
2706107,2706106,-42.3324008635,-5,-212,-39,41,5,5,11,17,11
2706241,2706240,-38.5047537368,5,-211,-38,39,8,1,1,1,1
2706323,2706322,-38.7341169583,5,-213,-39,40,7,5,11,23,11
2706481,2706480,-39.5448448048,1,-210,-46,42,6,1,1,1,1
2706701,2706700,-40.7249395530,-7,-201,-38,31,4,5,5,11,5
2707183,2707182,-43.6313046255,-6,-217,-35,46,-7,1,7,13,7
2707339,2707338,-41.3321520558,-4,-219,-35,49,2,1,7,19,19
2707379,2707378,-42.5757601309,-8,-218,-34,50,3,5,11,29,11
2707417,2707416,-46.1638699697,-18,-218,-36,53,3,1,1,7,1
2707423,2707422,-45.8404138070,-16,-219,-36,53,4,1,7,13,7
2707459,2707458,-43.1626569940,-11,-218,-35,54,5,1,7,19,19
2707609,2707608,-44.4551897348,-17,-219,-33,52,8,1,1,19,1
2707619,2707618,-44.0220613932,-16,-218,-33,52,8,5,11,29,11
2725451,2725450,-61.0010221521,-7,-216,-24,35,48,5,11,11,11
2732519,2732518,-31.0419384236,18,-234,10,55,62,5,11,29,23
2819681,2819680,-109.8919630918,-148,-211,24,121,24,5,5,11,17
2819987,2819986,-112.4451979284,-162,-208,24,128,21,5,11,17,11
2820809,2820808,-104.5422579758,-145,-213,10,134,18,5,5,29,17
2822003,2822002,-102.5645201731,-119,-217,-8,123,30,5,11,23,11
2822009,2822008,-102.4835695257,-118,-218,-9,124,30,5,5,29,17
2825423,2825422,-106.3096011057,-129,-213,-10,112,34,5,11,23,23
2825447,2825446,-105.2620572993,-128,-212,-8,110,37,5,11,17,23
2825461,2825460,-106.1779306529,-131,-211,-8,110,36,1,1,1,13
2826211,2826210,-101.7040477332,-128,-208,16,103,39,1,7,1,19
2826337,2826336,-98.9941250332,-128,-203,15,105,48,1,1,7,1
2826661,2826660,-93.3039008152,-117,-202,14,99,50,1,1,1,13
2826829,2826828,-93.6382678285,-116,-208,13,102,50,1,1,19,13
2826847,2826846,-92.8373040539,-114,-206,12,101,47,1,7,7,7
2913151,2913150,-58.5113936362,-125,3,-60,66,157,1,7,1,7
2913961,2913960,-66.0893382387,-126,2,-66,70,155,1,1,1,1
2914129,2914128,-63.6976858022,-119,1,-64,70,157,1,1,19,1
2914183,2914182,-64.2822242609,-120,2,-65,68,159,1,7,13,7
2914193,2914192,-64.4677515132,-119,1,-65,67,159,5,5,23,17
2914267,2914266,-63.0601995349,-110,-2,-66,67,159,1,7,7,19
2921063,2921062,-37.1273703574,-54,4,-102,13,165,5,11,23,23
2921111,2921110,-37.8065724906,-56,3,-107,15,168,5,11,11,23
2921179,2921178,-36.9772369596,-54,3,-108,17,165,1,7,19,19
2921561,2921560,-37.8080949500,-64,5,-106,25,175,5,5,11,17
2922229,2922228,-40.1807312771,-77,25,-115,17,164,1,1,19,13
2923901,2923900,-57.8336216063,-93,20,-111,17,164,5,5,11,5
2923933,2923932,-57.8470931341,-94,17,-110,18,167,1,1,13,13
2925889,2925888,-59.2635185387,-94,36,-105,14,161,1,1,19,1
2926031,2926030,-59.4974435694,-95,32,-102,12,165,5,11,11,23
2926067,2926066,-59.2654952667,-96,35,-98,12,162,5,11,17,11
2937793,2937792,-33.8906541109,-63,80,-144,22,137,1,1,13,1
2938003,2938002,-41.3076691775,-61,76,-141,20,138,1,7,13,19
2938241,2938240,-42.2639661210,-61,76,-148,19,133,5,5,11,17
2938993,2938992,-44.2409334979,-67,85,-158,16,124,1,1,13,1
2943133,2943132,-1.3869249840,7,108,-148,5,142,1,1,13,13
2943137,2943136,-1.8893795082,6,108,-148,5,142,5,5,17,17
2943191,2943190,-2.1572597380,4,107,-147,2,144,5,11,11,23
2957267,2957266,-2.5771393809,-66,176,-146,1,189,5,11,17,11
2957873,2957872,-0.1124568579,-62,183,-136,-9,192,5,5,23,17
2985553,2985552,-54.0435140236,-259,297,-202,-25,164,1,1,13,1
2985847,2985846,-54.9434381775,-267,303,-204,-28,163,1,7,7,7
2985991,2985990,-57.2654920239,-264,292,-207,-22,161,1,7,1,7
2986429,2986428,-55.9204173024,-259,281,-212,-22,164,1,1,19,13
2986483,2986482,-55.1942440482,-257,281,-215,-23,164,1,7,13,19
2986637,2986636,-56.6499309833,-257,283,-219,-26,168,5,5,17,5
2986769,2986768,-60.1511857436,-264,278,-219,-24,171,5,5,29,17
3134039,3134038,0.6701961253,-14,268,-102,-141,33,5,11,29,23
3134071,3134070,-1.7380639051,-17,261,-101,-138,35,1,7,1,7
3134147,3134146,-3.3163400219,-20,262,-101,-138,35,5,11,17,11
3135529,3135528,5.4197559331,-3,245,-106,-145,36,1,1,19,1
3136543,3136542,24.4374815151,9,260,-98,-154,37,1,7,13,7
3136571,3136570,23.6544684093,6,262,-98,-155,38,5,11,11,11
3136597,3136596,24.6790458396,9,262,-97,-156,38,1,1,7,13
3136631,3136630,22.2395317162,7,254,-99,-152,36,5,11,11,23
3147971,3147970,21.6384792881,-13,272,-46,-136,40,5,11,11,11
3148031,3148030,18.8741065017,-20,268,-47,-134,42,5,11,11,23
3148051,3148050,18.2574169755,-21,267,-50,-133,43,1,7,1,19
3509533,3509532,60.4826966582,255,-67,207,-103,-68,1,1,13,13
3534673,3534672,135.6358324790,434,-11,151,-162,-49,1,1,13,1
3534743,3534742,135.9655438755,437,-15,150,-163,-49,5,11,23,23
3534787,3534786,134.7663052912,434,-14,148,-162,-51,1,7,7,19
3535087,3535086,133.3887388171,429,-6,151,-167,-48,1,7,7,7
3535141,3535140,134.5379209606,436,-8,152,-173,-45,1,1,1,13
3535177,3535176,133.9200760539,435,-6,149,-174,-48,1,1,7,1
3535369,3535368,137.3380972654,447,-1,148,-183,-57,1,1,19,1
3535373,3535372,136.6682311173,445,0,147,-183,-57,5,5,23,5
3535981,3535980,129.0091467721,438,-14,141,-179,-63,1,1,1,13
3536899,3536898,135.7514349939,462,-18,150,-185,-69,1,7,19,19
3536903,3536902,135.0634551941,461,-19,150,-185,-69,5,11,23,23
3536933,3536932,135.1108622558,466,-24,150,-184,-69,5,5,23,5
3536987,3536986,133.8065773068,464,-27,151,-182,-72,5,11,17,11
3632399,3632398,51.6889033709,350,-20,37,-213,-126,5,11,29,23
3632507,3632506,51.8071307147,347,-19,35,-215,-123,5,11,17,11
3632513,3632512,50.9009456043,346,-20,34,-214,-124,5,5,23,17
3632599,3632598,49.5952691546,339,-17,38,-214,-122,1,7,19,7
3632609,3632608,49.9112478799,340,-16,37,-215,-121,5,5,29,17
3632753,3632752,48.8151489452,341,-26,39,-211,-120,5,5,23,17
3632821,3632820,44.5408802478,335,-32,38,-207,-118,1,1,1,13
3632831,3632830,43.8246683221,333,-30,36,-208,-118,5,11,11,23
3633349,3633348,31.1375240808,331,-35,26,-208,-125,1,1,19,13
3634901,3634900,40.6738497519,347,-64,37,-192,-128,5,5,11,5
3634913,3634912,40.0712444551,346,-66,37,-191,-128,5,5,23,17
3636019,3636018,47.6555037307,363,-67,38,-183,-134,1,7,19,19
3636289,3636288,52.9350381177,367,-54,43,-186,-131,1,1,19,1
3638077,3638076,70.2595399237,403,-51,41,-191,-145,1,1,7,13
3641489,3641488,62.0258325537,396,-53,68,-201,-131,5,5,29,17
3641569,3641568,62.0777343487,396,-54,68,-205,-129,1,1,19,1
3641767,3641766,60.8691456641,397,-64,76,-204,-128,1,7,7,7
3641783,3641782,59.3072834481,394,-65,76,-205,-127,5,11,23,23
3643147,3643146,74.0115541995,413,-60,80,-215,-138,1,7,7,19
3684203,3684202,58.2635063244,357,-44,80,-222,-182,5,11,23,11
3685289,3685288,69.3133486547,358,-39,94,-225,-182,5,5,29,17
3685301,3685300,69.9281551971,359,-37,93,-225,-181,5,5,11,5
3710123,3710122,54.0361459786,298,80,9,-236,-122,5,11,23,11
3710167,3710166,54.9242653320,302,79,7,-233,-124,1,7,7,7
3710171,3710170,54.0139325438,301,78,6,-233,-124,5,11,11,11
3710303,3710302,57.3826619486,306,81,12,-236,-121,5,11,23,23
3711881,3711880,43.6896026551,266,78,10,-239,-131,5,5,11,17
3712127,3712126,37.2270134018,254,69,6,-234,-127,5,11,17,23
3712589,3712588,31.5342144553,248,52,16,-223,-128,5,5,29,5
3718573,3718572,13.6663556747,183,25,23,-195,-99,1,1,13,13
3718619,3718618,13.2315607487,184,25,24,-195,-98,5,11,29,11
3718997,3718996,11.8417118708,183,27,18,-195,-98,5,5,17,5
3719011,3719010,12.9771020108,186,28,20,-198,-98,1,7,1,19
3719029,3719028,11.7454910306,183,28,19,-199,-97,1,1,19,13
3762097,3762096,-19.0185569522,105,-42,108,-107,-91,1,1,7,1
3940411,3940410,-106.1124217567,-232,-70,41,146,21,1,7,1,19
3941507,3941506,-114.8455504381,-256,-64,33,140,22,5,11,17,11
3941611,3941610,-114.1136388011,-252,-67,30,144,20,1,7,1,19
3941629,3941628,-112.8863027565,-248,-67,31,143,21,1,1,19,13
3941887,3941886,-105.6963214511,-235,-68,29,145,25,1,7,7,7
3942041,3942040,-105.7739015266,-233,-67,26,144,28,5,5,11,17
3942581,3942580,-101.5724577167,-224,-86,13,146,25,5,5,11,5
3943397,3943396,-107.6727677390,-221,-109,4,149,28,5,5,17,5
3943543,3943542,-108.0638357795,-222,-110,-4,155,26,1,7,13,7
3945937,3945936,-97.3038240030,-214,-115,-26,155,28,1,1,7,1
3945973,3945972,-96.0935913713,-214,-112,-26,154,29,1,1,13,13
3946463,3946462,-102.3516558844,-210,-108,-19,155,26,5,11,23,23
3946469,3946468,-102.4397468976,-210,-107,-20,155,27,5,5,29,5
3946477,3946476,-102.6385288436,-209,-107,-20,153,26,1,1,7,13
3946483,3946482,-102.7181785779,-208,-108,-20,153,25,1,7,13,19
3947143,3947142,-103.2451626018,-206,-113,-9,163,22,1,7,13,7
3953689,3953688,-97.3811117184,-178,-160,8,185,-10,1,1,19,1
3954259,3954258,-91.9535971143,-177,-145,-1,174,5,1,7,19,19
3954361,3954360,-88.4151289145,-171,-144,1,175,5,1,1,1,1
3957017,3957016,-90.9973648555,-184,-142,15,174,10,5,5,17,17
3958337,3958336,-83.6371758086,-182,-121,0,165,6,5,5,17,17
3958477,3958476,-86.7940659265,-196,-119,1,167,9,1,1,7,13
3964589,3964588,-78.3442954736,-191,-87,4,172,28,5,5,29,5
3964607,3964606,-79.0415174454,-191,-88,2,174,27,5,11,17,23
3965023,3965022,-82.1295886287,-201,-84,4,164,29,1,7,13,7
4097021,4097020,-118.2293321814,-259,15,-76,158,-91,5,5,11,5
4687303,4687302,-32.9800984924,72,-28,-230,7,218,1,7,13,7
4687321,4687320,-33.6876835951,71,-28,-233,8,216,1,1,1,1
4687369,4687368,-33.4814349014,71,-25,-233,6,218,1,1,19,1
4690801,4690800,-15.1398650273,76,0,-251,5,220,1,1,1,1
4691969,4691968,-6.7000039143,89,12,-245,-6,228,5,5,29,17
4718927,4718926,2.8488993265,151,-15,-239,31,195,5,11,17,23
4733317,4733316,8.5838458261,212,29,-241,-2,187,1,1,7,13
4733353,4733352,8.8651357621,215,32,-243,-6,185,1,1,13,1
4796893,4796892,83.0176544633,275,136,-44,-13,176,1,1,13,13
4799563,4799562,92.3076350359,262,165,-32,-25,173,1,7,13,19
4799573,4799572,93.0889860979,264,165,-31,-25,174,5,5,23,5
4799953,4799952,89.8542402554,256,168,-36,-20,171,1,1,13,1
5579447,5579446,16.4833588227,118,175,-44,-263,-78,5,11,17,23
5579557,5579556,15.0175600796,114,172,-43,-265,-79,1,1,7,13
5622847,5622846,37.7942211658,117,188,38,-241,-34,1,7,7,7
5622889,5622888,37.2712679020,118,187,39,-242,-36,1,1,19,1
5622899,5622898,36.7284574709,117,187,39,-241,-36,5,11,29,11
5622961,5622960,36.7364725342,120,182,38,-240,-34,1,1,1,1
5623169,5623168,37.5846987011,118,184,37,-233,-31,5,5,29,17
5623213,5623212,34.8593765629,110,186,38,-232,-31,1,1,13,13
5623537,5623536,40.6643975985,125,188,44,-235,-30,1,1,7,1
5623543,5623542,40.5375358137,125,188,44,-236,-31,1,7,13,7
6951173,6951172,-184.2473558961,-450,-158,-110,60,302,5,5,23,5
6951247,6951246,-183.1286551980,-448,-153,-116,53,300,1,7,7,7
6951379,6951378,-185.7857110019,-457,-159,-112,61,298,1,7,19,19
6951391,6951390,-186.4752711357,-460,-158,-111,60,299,1,7,1,7
7507369,7507368,-27.5719026271,-165,338,-352,-33,317,1,1,19,1
7511183,7511182,-2.6030703556,-123,336,-344,-29,340,5,11,23,23
7770097,7770096,27.5818285596,150,187,-83,-125,96,1,1,7,1
7770131,7770130,27.2905851185,152,184,-82,-123,95,5,11,11,11
7776929,7776928,18.1469017408,114,175,-69,-114,73,5,5,29,17
7776931,7776930,17.3674187057,113,174,-70,-113,72,1,7,1,19
7776941,7776940,16.6371625400,113,172,-69,-113,71,5,5,11,5
7776983,7776982,17.1097228786,112,171,-68,-108,71,5,11,23,23
7777009,7777008,17.7598452593,113,171,-67,-110,70,1,1,19,1
7810039,7810038,41.1109711014,153,186,-10,-98,-46,1,7,19,7
7810433,7810432,38.0152872090,155,173,-3,-93,-53,5,5,23,17
7810801,7810800,42.8108129246,160,180,-8,-96,-41,1,1,1,1
7811173,7811172,45.7241577388,171,177,-10,-95,-43,1,1,13,13
7820947,7820946,46.8362465844,166,223,7,-118,-4,1,7,7,19
7832533,7832532,51.8964769777,172,220,-32,-94,-3,1,1,13,13
8084371,8084370,50.5024646614,169,134,190,-88,88,1,7,1,19
8084597,8084596,51.0749639398,175,130,193,-92,89,5,5,17,5
8084837,8084836,47.8813651251,170,133,191,-85,83,5,5,17,5
8084873,8084872,47.2343915627,166,138,190,-87,86,5,5,23,17
8085307,8085306,41.3237893922,150,132,196,-83,95,1,7,7,19
8085313,8085312,40.6455560232,150,131,195,-83,95,1,1,13,1
8085529,8085528,32.4607392939,151,126,190,-81,98,1,1,19,1
8086181,8086180,33.8767299135,156,117,199,-80,95,5,5,11,5
8086187,8086186,33.5404837357,156,115,199,-79,94,5,11,17,11
8087627,8087626,38.8351872110,161,118,213,-74,100,5,11,17,11
8087633,8087632,38.6206745494,161,119,212,-75,100,5,5,23,17
8087647,8087646,37.9916921855,159,119,214,-75,100,1,7,7,7
8089087,8089086,22.2068546231,131,111,185,-65,102,1,7,7,7
8089157,8089156,20.1669640839,127,108,185,-61,104,5,5,17,5
8213347,8213346,5.3307451648,90,104,178,-15,-3,1,7,7,19
8213581,8213580,-0.1032394434,74,109,174,-15,-3,1,1,1,13
8214097,8214096,-3.1630707814,82,123,171,-15,-8,1,1,7,1
8214103,8214102,-3.8917106378,81,122,171,-15,-7,1,7,13,7
8214113,8214112,-2.9585535365,82,124,173,-16,-7,5,5,23,17
8216099,8216098,3.0716125247,95,118,166,-23,24,5,11,29,11
8219317,8219316,-4.3101155982,89,71,153,-29,34,1,1,7,13
8219411,8219410,-3.4923507227,89,73,155,-27,37,5,11,11,11
8219447,8219446,-1.9683715455,95,70,155,-26,38,5,11,17,23
8224751,8224750,-0.3155429614,99,44,185,-26,8,5,11,11,23
8224763,8224762,0.2025158880,98,47,186,-27,8,5,11,23,11
8225593,8225592,12.6508037672,121,52,192,-31,11,1,1,13,1
8225597,8225596,12.4903995882,121,53,192,-31,11,5,5,17,5
8226083,8226082,11.2649361061,109,50,188,-25,13,5,11,23,11
8226209,8226208,8.7645514981,106,49,181,-28,17,5,5,29,17
8226767,8226766,7.4120149142,109,39,187,-27,15,5,11,17,23
8230583,8230582,17.8943675198,160,16,188,-30,22,5,11,23,23
8231369,8231368,7.1356673475,161,23,177,-32,15,5,5,29,17
8231827,8231826,7.4940086352,156,35,184,-26,5,1,7,7,19
8232821,8232820,8.3931253629,143,49,181,-15,-3,5,5,11,5
8300519,8300518,48.6614892700,237,140,161,-88,-149,5,11,29,23
8300771,8300770,44.6829020722,225,141,161,-83,-149,5,11,11,11
8300881,8300880,42.7188465125,222,138,161,-80,-153,1,1,1,1
8300959,8300958,42.0603910621,221,144,157,-85,-155,1,7,19,7
8303857,8303856,34.5139900941,179,133,148,-70,-159,1,1,7,1
8303861,8303860,33.8190995245,177,133,148,-70,-159,5,5,11,5
8303863,8303862,33.1048124856,176,132,148,-69,-160,1,7,13,7
8304917,8304916,41.9690987341,183,132,167,-65,-147,5,5,17,5
8315387,8315386,47.8847723775,206,172,153,-130,-167,5,11,17,11
8315513,8315512,48.1322718823,204,172,158,-130,-165,5,5,23,17
8315651,8315650,45.5356579375,200,167,157,-127,-173,5,11,11,11
8319877,8319876,36.2319039877,229,132,140,-121,-177,1,1,7,13
8319881,8319880,35.7813559120,228,133,140,-121,-178,5,5,11,17
8321311,8321310,43.3750938990,230,159,158,-134,-185,1,7,1,7
8321389,8321388,43.5201771992,231,160,163,-133,-188,1,1,19,13
8321393,8321392,42.8673548825,230,160,162,-133,-189,5,5,23,17
8323457,8323456,47.7584795868,237,189,170,-139,-163,5,5,17,17
8323789,8323788,46.9052923010,238,184,173,-132,-167,1,1,19,13
8323883,8323882,46.5857885383,239,183,174,-130,-167,5,11,23,11
8323891,8323890,46.3930922720,239,183,176,-131,-168,1,7,1,19
8323933,8323932,46.3429924471,236,189,174,-131,-170,1,1,13,13
8324051,8324050,45.7931685515,237,187,170,-131,-168,5,11,11,11
8324171,8324170,49.5605674380,246,186,174,-130,-170,5,11,11,11
8327243,8327242,58.9928852419,233,164,200,-96,-167,5,11,23,11
8327261,8327260,58.9951187496,234,166,200,-97,-168,5,5,11,5
8332651,8332650,51.5588574446,215,160,182,-99,-126,1,7,1,19
8332663,8332662,52.7989644334,218,160,181,-100,-127,1,7,13,7
8333599,8333598,52.7136294182,237,146,177,-113,-134,1,7,19,7
8333623,8333622,51.5271030432,234,148,176,-113,-134,1,7,13,7
8333629,8333628,51.7495653836,235,148,176,-114,-135,1,1,19,13
8333683,8333682,53.5805594310,236,152,175,-112,-133,1,7,13,19
8333687,8333686,53.3305420317,236,152,175,-112,-133,5,11,17,23
8333749,8333748,52.0230712017,234,152,175,-114,-133,1,1,19,13
8334311,8334310,57.4797244128,246,156,166,-105,-138,5,11,11,23
8334449,8334448,56.6290858533,250,147,163,-103,-143,5,5,29,17
8335571,8335570,70.5922615429,249,171,165,-107,-140,5,11,11,11
8335583,8335582,69.9340686624,250,169,165,-107,-139,5,11,23,23
8335721,8335720,73.5650486221,253,174,171,-107,-141,5,5,11,17
8336491,8336490,74.2062204548,266,184,160,-132,-150,1,7,1,19
8336617,8336616,71.8675613088,264,182,158,-135,-149,1,1,7,1
8338333,8338332,63.9352993954,275,172,144,-138,-142,1,1,13,13
8338367,8338366,62.6928377766,275,170,146,-140,-145,5,11,17,23
8338651,8338650,57.7894087460,270,161,148,-131,-147,1,7,1,19
8342549,8342548,38.0176655552,225,149,127,-112,-177,5,5,29,5
8342827,8342826,39.5402730101,230,147,129,-107,-183,1,7,7,19
8342837,8342836,40.0717703944,232,146,129,-107,-184,5,5,17,5
8342947,8342946,40.4098294176,226,157,131,-108,-187,1,7,7,19
8343053,8343052,41.8264097528,231,158,131,-110,-184,5,5,23,5
8343263,8343262,40.5595731752,228,147,130,-98,-172,5,11,23,23
8343659,8343658,39.5024164192,219,155,119,-93,-165,5,11,29,11
8343887,8343886,40.4150258238,213,164,115,-92,-167,5,11,17,23
8344067,8344066,41.2053444664,214,169,118,-94,-170,5,11,17,11
8363153,8363152,37.2006529477,223,87,157,-85,-165,5,5,23,17
8363183,8363182,38.6863734347,228,86,155,-85,-162,5,11,23,23
8376469,8376468,33.3336774905,211,152,101,-87,-137,1,1,19,13
8379719,8379718,34.1105907679,196,172,88,-127,-141,5,11,29,23
8382113,8382112,57.8032186824,216,194,112,-136,-152,5,5,23,17
8382359,8382358,56.9331819243,209,199,107,-141,-150,5,11,29,23
8382443,8382442,57.3788664625,208,203,105,-140,-148,5,11,23,11
8383171,8383170,51.2282818390,205,190,95,-142,-137,1,7,1,19
8383267,8383266,52.9042788251,207,193,97,-145,-139,1,7,7,19
8385757,8385756,39.2650158278,203,192,111,-169,-138,1,1,7,13
8386153,8386152,39.5008386552,204,185,113,-173,-141,1,1,13,1
8387473,8387472,43.4655739108,223,183,104,-185,-136,1,1,13,1
8387507,8387506,41.7212454189,217,186,102,-182,-137,5,11,17,11
8387543,8387542,41.2979999658,216,189,101,-186,-138,5,11,23,23
8387671,8387670,38.6503827113,214,186,95,-185,-142,1,7,1,7
8387921,8387920,42.5797924608,222,192,94,-191,-149,5,5,11,17
8388673,8388672,48.0762389230,228,202,100,-188,-168,1,1,13,1
8407471,8407470,66.0646102214,237,276,126,-209,-116,1,7,1,7
8407591,8407590,71.9560592679,244,286,127,-208,-117,1,7,1,7
8570447,8570446,-3.2148939454,264,-232,148,59,-36,5,11,17,23
8570951,8570950,-7.0133944836,256,-236,146,65,-36,5,11,11,23
8570963,8570962,-6.6694708961,256,-234,147,64,-37,5,11,23,11
8571067,8571066,-10.3683610892,257,-245,148,63,-41,1,7,7,19
8571151,8571150,-9.8771863188,256,-239,148,64,-40,1,7,1,7
8571181,8571180,-11.3999662292,254,-239,148,64,-41,1,1,1,13
8571509,8571508,-14.6970956943,251,-249,144,67,-43,5,5,29,5
8571581,8571580,-13.8261425119,247,-245,152,65,-40,5,5,11,5
8584231,8584230,-19.4906254911,315,-239,76,28,-123,1,7,1,7
8584273,8584272,-19.5604916222,315,-240,76,27,-123,1,1,13,1
8584943,8584942,-7.0080042958,319,-234,77,26,-110,5,11,23,23
8584951,8584950,-7.7071313592,317,-234,78,26,-110,1,7,1,7
8585177,8585176,-9.6860893204,310,-232,76,28,-95,5,5,17,17
8585387,8585386,-3.6631940847,322,-232,82,22,-96,5,11,17,11
8585513,8585512,-4.4708728279,320,-233,81,21,-98,5,5,23,17
9433763,9433762,-28.8567566457,-48,-58,77,2,-77,5,11,23,11
9433777,9433776,-28.9324871233,-48,-58,75,2,-77,1,1,7,1
9479207,9479206,-35.3613186034,-130,-103,77,63,10,5,11,17,23
9479711,9479710,-28.1719609402,-117,-99,76,64,4,5,11,11,23
9479741,9479740,-28.2612849964,-119,-101,78,67,3,5,5,11,5
9480703,9480702,-26.2287123039,-118,-116,67,61,-9,1,7,13,7
9511559,9511558,-35.5637352974,-64,-192,19,81,-13,5,11,29,23
9511693,9511692,-36.4083979867,-64,-192,17,77,-15,1,1,13,13
9513457,9513456,-36.4708756162,-63,-202,3,88,-8,1,1,7,1
9515647,9515646,-42.8190246755,-78,-212,23,82,-6,1,7,7,7
9515659,9515658,-43.4533551393,-80,-211,22,83,-5,1,7,19,19
9515749,9515748,-45.0551746866,-81,-215,20,87,-1,1,1,19,13
9516173,9516172,-48.6764941484,-87,-224,23,83,4,5,5,23,5
9543799,9543798,-15.4119294835,-58,-205,33,143,5,1,7,19,7
9543811,9543810,-16.4301631458,-60,-206,31,145,5,1,7,1,19
9544523,9544522,-7.3495477084,-37,-195,30,143,5,5,11,23,11
9544999,9544998,-9.9893700173,-38,-202,35,143,-2,1,7,19,7
9545057,9545056,-18.8802266669,-38,-206,36,145,-5,5,5,17,17
9545077,9545076,-18.3915462352,-38,-204,39,142,-6,1,1,7,13
9555127,9555126,-46.0312953017,-31,-284,0,160,25,1,7,7,7
9555137,9555136,-46.1484381623,-30,-284,0,159,24,5,5,17,17
9555151,9555150,-46.4595837790,-32,-283,-2,159,24,1,7,1,7
9563171,9563170,-47.0115426648,-44,-307,-46,184,14,5,11,11,11
9583169,9583168,-102.1536947652,-135,-342,-143,151,-18,5,5,29,17
9583177,9583176,-103.7080014606,-138,-344,-144,152,-18,1,1,7,1
9583261,9583260,-103.8770753382,-135,-348,-145,156,-21,1,1,1,13
9583297,9583296,-103.9691750097,-135,-348,-144,154,-23,1,1,7,1
9590767,9590766,-110.2058866154,-63,-407,-183,157,-21,1,7,7,7
9591649,9591648,-113.2684327558,-40,-427,-175,151,-4,1,1,19,1
9593819,9593818,-103.2199119013,-10,-415,-165,137,-15,5,11,29,11
