pl_name,hostname,pl_orbper,sy_pnum
"KOI-94 d","KOI-94",22.34298900000,4
"Kepler-104 c","Kepler-104",23.66820500000,3
"Kepler-20 d","Kepler-20",77.61145500000,6
"Kepler-79 d","Kepler-79",52.09020000000,4
"Kepler-106 e","Kepler-106",43.84450000000,4
"Kepler-10 b","Kepler-10",0.83749070000,3
"KOI-94 c","KOI-94",10.42364800000,4
"Kepler-79 c","Kepler-79",27.40290000000,4
"Kepler-10 c","Kepler-10",45.29430100000,3
"KOI-94 e","KOI-94",54.32031000000,4
"Kepler-79 b","Kepler-79",13.48450000000,4
"Kepler-19 b","Kepler-19",9.28699000000,3
"Kepler-454 b","Kepler-454",10.57375340000,3
"Kepler-122 c","Kepler-122",12.46598800000,5
"Kepler-49 b","Kepler-49",7.20000000000,4
"KOI-142 b","KOI-142",10.91647000000,3
"Kepler-48 b","Kepler-48",4.77800000000,5
"Kepler-487 b","Kepler-487",15.35876840300,3
"Kepler-100 c","Kepler-100",12.81590000000,4
"Kepler-11 c","Kepler-11",13.02410000000,6
"Kepler-20 c","Kepler-20",10.85407740000,6
"Kepler-106 c","Kepler-106",13.57080000000,4
"Kepler-18 c","Kepler-18",7.64159000000,3
"Kepler-26 b","Kepler-26",12.28000000000,4
"Kepler-102 e","Kepler-102",16.14569940000,5
"Kepler-107 e","Kepler-107",14.74914300000,4
"Kepler-124 c","Kepler-124",13.82137500000,3
"Kepler-68 b","Kepler-68",5.39875259000,4
"Kepler-49 c","Kepler-49",10.91000000000,4
"Kepler-48 c","Kepler-48",9.67395000000,5
"Kepler-11 d","Kepler-11",22.68450000000,6
"Kepler-20 b","Kepler-20",3.69610490000,6
"Kepler-26 c","Kepler-26",17.25590000000,4
"Kepler-102 d","Kepler-102",10.31176700000,5
"Kepler-107 c","Kepler-107",4.90145200000,4
"Kepler-49 d","Kepler-49",2.57654900000,4
"Kepler-11 e","Kepler-11",31.99960000000,6
"Kepler-107 b","Kepler-107",3.18002180000,4
"Kepler-25 c","Kepler-25",12.72070000000,3
"Kepler-37 d","Kepler-37",39.79226220000,4
"Kepler-127 d","Kepler-127",48.63040800000,3
"Kepler-25 b","Kepler-25",6.23829700000,3
"Kepler-127 c","Kepler-127",29.39319500000,3
"Kepler-65 c","Kepler-65",5.85994400000,4
"Kepler-104 b","Kepler-104",11.42754800000,3
"Kepler-114 c","Kepler-114",8.04100000000,3
"Kepler-23 c","Kepler-23",10.74000000000,3
"Kepler-122 b","Kepler-122",5.76619300000,5
"Kepler-18 d","Kepler-18",14.85888000000,3
"Kepler-114 b","Kepler-114",5.18854900000,3
"Kepler-48 d","Kepler-48",42.89610000000,5
"Kepler-114 d","Kepler-114",11.77600000000,3
"Kepler-104 d","Kepler-104",51.75539400000,3
"Kepler-126 b","Kepler-126",10.49571100000,3
"Kepler-129 b","Kepler-129",15.79000000000,3
"Kepler-126 d","Kepler-126",100.28313400000,3
"Kepler-132 d","Kepler-132",18.01019900000,4
"Kepler-139 b","Kepler-139",15.77104400000,5
"Kepler-450 b","Kepler-450",28.45485100000,3
"Kepler-132 c","Kepler-132",6.41491400000,4
"Kepler-132 b","Kepler-132",6.17819600000,4
"Kepler-92 b","Kepler-92",13.74900000000,3
"Kepler-138 c","Kepler-138",13.78150000000,4
"Kepler-130 c","Kepler-130",27.50868000000,3
"Kepler-529 b","Kepler-529",1.98035766300,3
"Kepler-142 c","Kepler-142",4.76170200000,3
"KOI-351 h","KOI-351",331.60296000000,8
"Kepler-142 b","Kepler-142",2.02415200000,3
"Kepler-11 f","Kepler-11",46.68880000000,6
"Kepler-138 d","Kepler-138",23.09230000000,4
"Kepler-11 g","Kepler-11",118.38070000000,6
"Kepler-51 b","Kepler-51",45.15400000000,4
"Kepler-27 c","Kepler-27",31.33090000000,3
"Kepler-229 d","Kepler-229",41.19491200000,3
"Kepler-30 b","Kepler-30",29.33434000000,3
"Kepler-149 b","Kepler-149",29.19894300000,3
"Kepler-167 b","Kepler-167",4.39315390000,4
"Kepler-9 b","Kepler-9",19.23891000000,3
"Kepler-198 b","Kepler-198",17.79003700000,3
"Kepler-157 c","Kepler-157",13.54050000000,3
"Kepler-30 d","Kepler-30",143.34394000000,3
"Kepler-235 b","Kepler-235",3.34022200000,4
"Kepler-158 b","Kepler-158",16.70918400000,3
"Kepler-80 b","Kepler-80",7.05246000000,6
"Kepler-150 c","Kepler-150",7.38199800000,5
"Kepler-53 b","Kepler-53",18.64895250000,3
"Kepler-238 e","Kepler-238",23.65400000000,5
"Kepler-169 e","Kepler-169",13.76710200000,5
"Kepler-27 b","Kepler-27",15.33480000000,3
"Kepler-203 b","Kepler-203",3.16269700000,3
"Kepler-171 b","Kepler-171",4.16697200000,3
"Kepler-172 b","Kepler-172",2.94030900000,4
"Kepler-206 c","Kepler-206",13.13747100000,3
"Kepler-196 b","Kepler-196",20.73988600000,3
"Kepler-207 d","Kepler-207",5.86807500000,3
"Kepler-603 b","Kepler-603",21.05358596000,3
"Kepler-244 b","Kepler-244",4.31179200000,3
"Kepler-245 b","Kepler-245",7.49019000000,4
"Kepler-208 b","Kepler-208",4.22864000000,4
"Kepler-46 b","Kepler-46",33.60134000000,3
"Kepler-160 c","Kepler-160",13.69942900000,3
"Kepler-81 b","Kepler-81",5.95500000000,3
"Kepler-82 b","Kepler-82",26.44000000000,5
"Kepler-247 c","Kepler-247",9.43945200000,3
"Kepler-184 b","Kepler-184",10.68757600000,3
"Kepler-54 b","Kepler-54",8.01094340000,3
"Kepler-83 b","Kepler-83",9.77000000000,3
"Kepler-249 c","Kepler-249",7.11370200000,3
"Kepler-174 b","Kepler-174",13.98179000000,3
"Kepler-176 c","Kepler-176",12.75971200000,4
"Kepler-186 c","Kepler-186",7.26730200000,5
"Kepler-55 d","Kepler-55",2.21109900000,5
"Kepler-250 c","Kepler-250",7.15680400000,3
"Kepler-251 c","Kepler-251",16.51404300000,4
"Kepler-253 c","Kepler-253",10.28195100000,3
"Kepler-215 d","Kepler-215",30.86442300000,4
"Kepler-62 d","Kepler-62",18.16406000000,5
"Kepler-191 d","Kepler-191",5.94504101700,3
"Kepler-192 b","Kepler-192",9.92674600000,3
"Kepler-254 b","Kepler-254",5.82666200000,3
"Kepler-31 b","Kepler-31",20.86130000000,3
"Kepler-255 c","Kepler-255",9.94604700000,3
"Kepler-33 d","Kepler-33",21.77596000000,5
"Kepler-256 c","Kepler-256",3.38802000000,4
"Kepler-257 c","Kepler-257",6.58148400000,3
"Kepler-217 b","Kepler-217",5.37494300000,3
"Kepler-218 c","Kepler-218",44.69957600000,3
"Kepler-32 b","Kepler-32",5.90124000000,5
"Kepler-219 b","Kepler-219",4.58551200000,3
"Kepler-178 b","Kepler-178",9.57669400000,3
"Kepler-148 d","Kepler-148",51.84688575000,3
"Kepler-220 c","Kepler-220",9.03419900000,4
"Kepler-616 b","Kepler-616",9.99761851000,3
"Kepler-221 c","Kepler-221",5.69058600000,4
"Kepler-222 b","Kepler-222",3.93698100000,3
"Kepler-223 d","Kepler-223",14.78869000000,4
"Kepler-224 c","Kepler-224",5.92500300000,4
"Kepler-164 c","Kepler-164",10.94572300000,4
"Kepler-194 c","Kepler-194",17.30803200000,3
"Kepler-226 c","Kepler-226",5.34955500000,3
"Kepler-228 d","Kepler-228",11.09428600000,3
"Kepler-229 c","Kepler-229",16.06863800000,3
"Kepler-619 b","Kepler-619",5.40427219700,3
"Kepler-166 b","Kepler-166",7.65025400000,3
"Kepler-154 d","Kepler-154",20.54981883000,5
"Kepler-52 c","Kepler-52",16.38500210000,3
"Kepler-197 c","Kepler-197",10.34969500000,4
"Kepler-9 c","Kepler-9",38.98530000000,3
"Kepler-30 c","Kepler-30",60.32310500000,3
"Kepler-158 c","Kepler-158",28.55138300000,3
"Kepler-80 c","Kepler-80",9.52355000000,6
"Kepler-150 d","Kepler-150",12.56093000000,5
"Kepler-203 c","Kepler-203",5.37064700000,3
"Kepler-172 c","Kepler-172",6.38899600000,4
"Kepler-196 c","Kepler-196",47.42773700000,3
"Kepler-245 d","Kepler-245",36.27710800000,4
"Kepler-81 c","Kepler-81",12.04000000000,3
"Kepler-82 c","Kepler-82",51.54000000000,5
"Kepler-247 d","Kepler-247",20.47791200000,3
"Kepler-184 c","Kepler-184",20.30300500000,3
"Kepler-83 d","Kepler-83",5.16979600000,3
"Kepler-174 c","Kepler-174",44.00052900000,3
"Kepler-186 d","Kepler-186",13.34299600000,5
"Kepler-55 b","Kepler-55",27.94814490000,5
"Kepler-251 d","Kepler-251",30.13300100000,4
"Kepler-253 d","Kepler-253",18.11986900000,3
"Kepler-215 b","Kepler-215",9.36067200000,4
"Kepler-62 b","Kepler-62",5.71493200000,5
"Kepler-192 c","Kepler-192",21.22340000000,3
"Kepler-33 f","Kepler-33",41.02902000000,5
"Kepler-257 b","Kepler-257",2.38266700000,3
"Kepler-32 c","Kepler-32",8.75220000000,5
"Kepler-148 c","Kepler-148",4.18004300000,3
"Kepler-222 d","Kepler-222",28.08191200000,3
"Kepler-228 c","Kepler-228",4.13444400000,3
"Kepler-166 d","Kepler-166",1.55400392800,3
"Kepler-52 b","Kepler-52",7.87735650000,3
"Kepler-197 d","Kepler-197",15.67756300000,4
"Kepler-184 d","Kepler-184",29.02235800000,3
"Kepler-257 d","Kepler-257",24.66455100000,3
"Kepler-222 c","Kepler-222",10.08881000000,3
"Kepler-229 b","Kepler-229",6.25297200000,3
"Kepler-166 c","Kepler-166",34.26028100000,3
"Kepler-197 b","Kepler-197",5.59930800000,4
"Kepler-9 d","Kepler-9",1.59285100000,3
"Kepler-42 b","Kepler-42",1.21376720000,3
"Kepler-770 b","Kepler-770",18.92540274000,3
"Kepler-24 c","Kepler-24",12.33000000000,4
"Kepler-267 b","Kepler-267",3.35372800000,3
"Kepler-272 c","Kepler-272",6.05734200000,3
"Kepler-265 c","Kepler-265",17.02893700000,4
"Kepler-758 b","Kepler-758",12.10971040000,4
"Kepler-271 b","Kepler-271",10.43547805000,3
"Kepler-301 b","Kepler-301",2.50855300000,3
"Kepler-299 c","Kepler-299",6.88587500000,4
"Kepler-298 b","Kepler-298",10.47546400000,3
"Kepler-297 b","Kepler-297",38.87182600000,3
"Kepler-296 c","Kepler-296",5.84163660000,5
"Kepler-295 b","Kepler-295",12.64516400000,3
"Kepler-58 b","Kepler-58",10.21849540000,4
"Kepler-288 c","Kepler-288",19.30577200000,3
"Kepler-286 b","Kepler-286",1.79630200000,4
"Kepler-282 d","Kepler-282",24.80600000000,4
"Kepler-281 c","Kepler-281",36.33737300000,3
"Kepler-56 c","Kepler-56",21.40239000000,3
"Kepler-279 c","Kepler-279",35.73600000000,4
"Kepler-276 c","Kepler-276",31.88400000000,3
"Kepler-275 c","Kepler-275",16.08813400000,3
"Kepler-292 f","Kepler-292",20.83423700000,5
"Kepler-290 c","Kepler-290",36.77031000000,3
"Kepler-289 c","Kepler-289",125.87230000000,4
"Kepler-487 c","Kepler-487",38.65199760000,3
"Kepler-304 b","Kepler-304",3.29570900000,4
"Kepler-305 b","Kepler-305",5.48700000000,4
"Kepler-306 c","Kepler-306",7.24019300000,4
"Kepler-84 b","Kepler-84",8.72600000000,5
"Kepler-310 c","Kepler-310",56.47542000000,3
"Kepler-311 b","Kepler-311",9.17609200000,3
"Kepler-275 b","Kepler-275",10.30068200000,3
"Kepler-276 b","Kepler-276",14.12841000000,3
"Kepler-279 b","Kepler-279",12.30968100000,4
"Kepler-56 b","Kepler-56",10.50160000000,3
"Kepler-282 e","Kepler-282",44.34700000000,4
"Kepler-286 c","Kepler-286",3.46809500000,4
"Kepler-290 b","Kepler-290",14.58934700000,3
"Kepler-292 d","Kepler-292",7.05567900000,5
"Kepler-296 d","Kepler-296",19.85029100000,5
"Kepler-297 c","Kepler-297",74.92013700000,3
"Kepler-1669 b","Kepler-1669",9.51216000000,3
"Kepler-306 b","Kepler-306",4.64618600000,4
"Kepler-84 c","Kepler-84",12.88300000000,5
"Kepler-65 b","Kepler-65",2.15491000000,4
"Kepler-23 d","Kepler-23",15.27000000000,3
"Kepler-450 c","Kepler-450",15.41313500000,3
"Kepler-130 b","Kepler-130",8.45745800000,3
"Kepler-529 c","Kepler-529",12.83450220000,3
"Kepler-149 d","Kepler-149",160.01803200000,3
"Kepler-157 b","Kepler-157",1.73234200000,3
"Kepler-160 b","Kepler-160",4.30939700000,3
"Kepler-164 d","Kepler-164",28.98676900000,4
"Kepler-167 e","Kepler-167",1071.23205000000,4
"Kepler-176 b","Kepler-176",5.43307400000,4
"Kepler-178 d","Kepler-178",96.67898800000,3
"Kepler-194 b","Kepler-194",2.09228100000,3
"Kepler-207 b","Kepler-207",1.61186500000,3
"Kepler-218 b","Kepler-218",3.61933700000,3
"Kepler-219 c","Kepler-219",22.71461300000,3
"Kepler-223 c","Kepler-223",9.84564000000,4
"Kepler-224 d","Kepler-224",11.34939300000,4
"Kepler-226 b","Kepler-226",3.94099700000,3
"Kepler-235 d","Kepler-235",20.06054800000,4
"Kepler-53 d","Kepler-53",9.75196200000,3
"Kepler-238 d","Kepler-238",13.23354900000,5
"Kepler-244 d","Kepler-244",20.05040100000,3
"Kepler-249 b","Kepler-249",3.30653900000,3
"Kepler-254 c","Kepler-254",12.41218300000,3
"Kepler-31 c","Kepler-31",42.63180000000,3
"Kepler-255 d","Kepler-255",1.04562265800,3
"Kepler-42 c","Kepler-42",0.45328509000,3
"Kepler-758 c","Kepler-758",4.75793986000,4
"Kepler-24 b","Kepler-24",8.14000000000,4
"Kepler-271 c","Kepler-271",7.41086267000,3
"Kepler-171 c","Kepler-171",11.46346200000,3
"Kepler-80 e","Kepler-80",4.64489000000,6
"Kepler-238 b","Kepler-238",2.09087600000,5
"Kepler-82 d","Kepler-82",2.38296100000,5
"Kepler-33 c","Kepler-33",13.17562000000,5
"Kepler-32 e","Kepler-32",2.89600000000,5
"Kepler-223 b","Kepler-223",7.38449000000,4
"Kepler-107 d","Kepler-107",7.95839000000,4
"Kepler-80 f","Kepler-80",0.98678730000,6
"Kepler-65 d","Kepler-65",8.13123000000,4
"Kepler-23 b","Kepler-23",7.10000000000,3
"Kepler-26 d","Kepler-26",3.54391900000,4
"Kepler-148 b","Kepler-148",1.72936600000,3
"Kepler-150 e","Kepler-150",30.82655700000,5
"Kepler-167 c","Kepler-167",7.40610600000,4
"Kepler-80 d","Kepler-80",3.07222000000,6
"Kepler-176 d","Kepler-176",25.75197400000,4
"Kepler-178 c","Kepler-178",20.55280200000,3
"Kepler-186 b","Kepler-186",3.88679070000,5
"Kepler-207 c","Kepler-207",3.07157100000,3
"Kepler-62 e","Kepler-62",122.38740000000,5
"Kepler-33 e","Kepler-33",31.78440000000,5
"Kepler-218 d","Kepler-218",124.52446470000,3
"Kepler-219 d","Kepler-219",47.90364500000,3
"Kepler-223 e","Kepler-223",19.72567000000,4
"Kepler-224 b","Kepler-224",3.13292400000,4
"Kepler-228 b","Kepler-228",2.56654600000,3
"Kepler-235 e","Kepler-235",46.18366900000,4
"Kepler-53 c","Kepler-53",38.55830380000,3
"Kepler-238 c","Kepler-238",6.15555700000,5
"Kepler-244 c","Kepler-244",9.76729200000,3
"Kepler-82 e","Kepler-82",5.90220600000,5
"Kepler-247 b","Kepler-247",3.33616000000,3
"Kepler-83 c","Kepler-83",20.09000000000,3
"Kepler-249 d","Kepler-249",15.36845900000,3
"Kepler-251 b","Kepler-251",4.79093600000,4
"Kepler-254 d","Kepler-254",18.74647700000,3
"Kepler-31 d","Kepler-31",87.64510000000,3
"Kepler-32 d","Kepler-32",22.78020000000,5
"Kepler-42 d","Kepler-42",1.86516900000,3
"Kepler-286 d","Kepler-286",5.91432300000,4
"Kepler-296 b","Kepler-296",10.86438400000,5
"Kepler-253 b","Kepler-253",3.78398600000,3
"Kepler-603 c","Kepler-603",127.90757740000,3
"KOI-351 g","KOI-351",210.73514000000,8
"Kepler-11 b","Kepler-11",10.30390000000,6
"Kepler-18 b","Kepler-18",3.50472500000,3
"Kepler-20 e","Kepler-20",6.09848820000,6
"KOI-351 d","KOI-351",59.73667000000,8
"Kepler-416 b","Kepler-416",6.31900000000,3
"Kepler-331 b","Kepler-331",8.45749600000,3
"Kepler-350 c","Kepler-350",17.84900000000,3
"Kepler-319 c","Kepler-319",6.94135700000,3
"Kepler-338 b","Kepler-338",13.72697600000,4
"Kepler-336 d","Kepler-336",20.67877200000,3
"Kepler-351 c","Kepler-351",57.24809000000,3
"Kepler-341 c","Kepler-341",8.01041000000,4
"Kepler-327 b","Kepler-327",2.54957500000,3
"Kepler-326 c","Kepler-326",4.58035800000,3
"Kepler-352 c","Kepler-352",16.33299500000,3
"Kepler-342 b","Kepler-342",15.17031800000,4
"Kepler-334 c","Kepler-334",12.75800500000,3
"Kepler-332 b","Kepler-332",7.62632400000,3
"Kepler-339 b","Kepler-339",4.97765600000,3
"Kepler-347 b","Kepler-347",12.79836000000,3
"Kepler-411 c","Kepler-411",7.83443500000,4
"Kepler-324 c","Kepler-324",51.80561200000,4
"Kepler-325 b","Kepler-325",4.54443900000,3
"Kepler-968 b","Kepler-968",3.69298372800,3
"Kepler-363 d","Kepler-363",11.93212500000,3
"Kepler-1130 b","Kepler-1130",5.45298175000,3
"Kepler-354 b","Kepler-354",5.47666000000,3
"Kepler-372 c","Kepler-372",20.05376300000,3
"Kepler-374 c","Kepler-374",3.28280700000,3
"Kepler-1073 b","Kepler-1073",8.67888593000,3
"Kepler-357 d","Kepler-357",49.49987500000,3
"Kepler-60 b","Kepler-60",7.13340000000,3
"Kepler-359 c","Kepler-359",57.68802000000,3
"Kepler-85 b","Kepler-85",8.30000000000,4
"Kepler-106 b","Kepler-106",6.16486000000,4
"Kepler-100 b","Kepler-100",6.88734000000,4
"Kepler-100 d","Kepler-100",35.33310000000,4
"Kepler-20 f","Kepler-20",19.57832800000,6
"Kepler-33 b","Kepler-33",5.66793000000,5
"Kepler-102 f","Kepler-102",27.45359200000,5
"Kepler-102 c","Kepler-102",7.07139200000,5
"Kepler-102 b","Kepler-102",5.28696500000,5
"KOI-94 b","KOI-94",3.74320800000,4
"Kepler-37 c","Kepler-37",21.30184800000,4
"Kepler-37 b","Kepler-37",13.36702000000,4
"Kepler-37 e","Kepler-37",51.19600000000,4
"Kepler-68 c","Kepler-68",9.60502700000,4
"Kepler-49 e","Kepler-49",18.59610800000,4
"Kepler-276 d","Kepler-276",48.64800000000,3
"Kepler-281 b","Kepler-281",14.64600800000,3
"Kepler-288 b","Kepler-288",6.09732600000,3
"Kepler-58 c","Kepler-58",15.57415680000,4
"Kepler-289 b","Kepler-289",34.53830000000,4
"Kepler-292 e","Kepler-292",11.97901000000,5
"Kepler-129 c","Kepler-129",82.20000000000,3
"Kepler-298 c","Kepler-298",22.92881000000,3
"Kepler-299 d","Kepler-299",15.05478600000,4
"Kepler-138 b","Kepler-138",10.31340000000,4
"Kepler-381 c","Kepler-381",13.39163500000,3
"Kepler-139 c","Kepler-139",157.07287800000,5
"Kepler-142 d","Kepler-142",41.80911800000,3
"Kepler-385 c","Kepler-385",15.16316100000,3
"Kepler-549 b","Kepler-549",42.94956490000,3
"Kepler-1254 b","Kepler-1254",9.99113313000,3
"Kepler-167 d","Kepler-167",21.80379000000,4
"Kepler-169 c","Kepler-169",6.19546900000,5
"Kepler-172 d","Kepler-172",14.62711900000,4
"Kepler-122 d","Kepler-122",21.58747500000,5
"Kepler-186 e","Kepler-186",22.40770400000,5
"Kepler-394 b","Kepler-394",8.00501300000,3
"Kepler-191 c","Kepler-191",17.73850600000,3
"Kepler-616 c","Kepler-616",90.41135560000,3
"Kepler-51 d","Kepler-51",130.19400000000,4
"Kepler-51 c","Kepler-51",85.31200000000,4
"Kepler-122 e","Kepler-122",37.99327300000,5
"Kepler-198 c","Kepler-198",49.56741600000,3
"Kepler-398 b","Kepler-398",4.08142300000,3
"Kepler-445 c","Kepler-445",4.87122900000,3
"Kepler-203 d","Kepler-203",11.32972000000,3
"Kepler-399 d","Kepler-399",58.03461600000,3
"Kepler-401 b","Kepler-401",14.38303500000,3
"Kepler-1321 b","Kepler-1321",11.12830484000,3
"Kepler-402 c","Kepler-402",6.12482100000,4
"Kepler-206 b","Kepler-206",7.78198700000,3
"Kepler-403 b","Kepler-403",7.03146200000,3
"Kepler-208 c","Kepler-208",7.46662300000,4
"Kepler-215 c","Kepler-215",14.66710800000,4
"Kepler-122 f","Kepler-122",56.26800000000,5
"Kepler-221 d","Kepler-221",10.04156000000,4
"Kepler-221 e","Kepler-221",18.36991700000,4
"Kepler-221 b","Kepler-221",2.79590600000,4
"Kepler-224 e","Kepler-224",18.64357700000,4
"Kepler-226 d","Kepler-226",8.10904400000,3
"Kepler-52 d","Kepler-52",36.44517100000,3
"Kepler-446 b","Kepler-446",1.56540900000,3
"Kepler-235 c","Kepler-235",7.82490400000,4
"Kepler-245 c","Kepler-245",17.46081200000,4
"Kepler-46 d","Kepler-46",6.76658900000,3
"Kepler-1388 b","Kepler-1388",12.28546030000,4
"Kepler-54 c","Kepler-54",12.07172490000,3
"Kepler-55 c","Kepler-55",42.15164180000,5
"Kepler-250 d","Kepler-250",17.64831200000,3
"Kepler-251 e","Kepler-251",99.64016100000,4
"Kepler-26 e","Kepler-26",46.82791500000,4
"Kepler-255 b","Kepler-255",5.71460600000,3
"Kepler-256 d","Kepler-256",5.83917200000,4
"Kepler-265 b","Kepler-265",6.84626200000,4
"Kepler-758 d","Kepler-758",20.49661970000,4
"Kepler-267 c","Kepler-267",6.87745000000,3
"Kepler-272 d","Kepler-272",10.93730400000,3
"Kepler-275 d","Kepler-275",35.67606200000,3
"Kepler-206 d","Kepler-206",23.44281000000,3
"Kepler-208 e","Kepler-208",16.25945800000,4
"Kepler-350 d","Kepler-350",26.13600000000,3
"Kepler-350 b","Kepler-350",11.18956200000,3
"Kepler-351 b","Kepler-351",37.05491900000,3
"Kepler-352 b","Kepler-352",10.05537000000,3
"Kepler-267 d","Kepler-267",28.46451500000,3
"Kepler-85 c","Kepler-85",12.51000000000,4
"Kepler-85 d","Kepler-85",17.91323000000,4
"Kepler-85 e","Kepler-85",25.21675100000,4
"Kepler-354 d","Kepler-354",24.20984200000,3
"Kepler-357 b","Kepler-357",6.47543400000,3
"Kepler-357 c","Kepler-357",16.85837000000,3
"Kepler-60 c","Kepler-60",8.91870000000,3
"Kepler-60 d","Kepler-60",11.89810000000,3
"Kepler-359 b","Kepler-359",25.56322200000,3
"Kepler-363 c","Kepler-363",7.54242700000,3
"Kepler-363 b","Kepler-363",3.61456800000,3
"Kepler-272 b","Kepler-272",2.97135300000,3
"Kepler-374 d","Kepler-374",5.02821900000,3
"Kepler-374 b","Kepler-374",1.89780600000,3
"Kepler-381 b","Kepler-381",5.62902100000,3
"Kepler-385 b","Kepler-385",10.04368600000,3
"Kepler-394 c","Kepler-394",12.13068600000,3
"Kepler-292 c","Kepler-292",3.71533500000,5
"Kepler-292 b","Kepler-292",2.58082700000,5
"Kepler-245 e","Kepler-245",3.21982105600,4
"Kepler-298 d","Kepler-298",77.47363300000,3
"Kepler-299 b","Kepler-299",2.92712800000,4
"Kepler-301 d","Kepler-301",13.75124300000,3
"Kepler-301 c","Kepler-301",5.41902600000,3
"Kepler-304 d","Kepler-304",9.65347100000,4
"Kepler-304 c","Kepler-304",5.31594600000,4
"Kepler-304 e","Kepler-304",1.49914695300,4
"Kepler-305 c","Kepler-305",8.29100000000,4
"Kepler-54 d","Kepler-54",20.99569400000,3
"Kepler-305 e","Kepler-305",3.20538000000,4
"Kepler-305 d","Kepler-305",16.74000000000,4
"Kepler-306 d","Kepler-306",17.32664400000,4
"Kepler-306 e","Kepler-306",44.84097500000,4
"Kepler-84 e","Kepler-84",27.43438900000,5
"Kepler-84 d","Kepler-84",4.22453700000,5
"Kepler-84 f","Kepler-84",44.55216900000,5
"Kepler-310 d","Kepler-310",92.87612500000,3
"Kepler-55 e","Kepler-55",4.61753400000,5
"Kepler-310 b","Kepler-310",13.93069800000,3
"Kepler-311 c","Kepler-311",19.73828600000,3
"Kepler-55 f","Kepler-55",10.19854500000,5
"Kepler-411 b","Kepler-411",3.00515600000,4
"Kepler-319 d","Kepler-319",31.78192500000,3
"Kepler-319 b","Kepler-319",4.36270500000,3
"Kepler-250 b","Kepler-250",4.14814100000,3
"Kepler-324 b","Kepler-324",4.38531500000,4
"Kepler-325 c","Kepler-325",12.76217200000,3
"Kepler-325 d","Kepler-325",38.71518500000,3
"Kepler-326 b","Kepler-326",2.24832900000,3
"Kepler-326 d","Kepler-326",6.76688800000,3
"Kepler-256 b","Kepler-256",1.62049300000,4
"Kepler-416 c","Kepler-416",12.20900000000,3
"Kepler-327 d","Kepler-327",13.96945700000,3
"Kepler-327 c","Kepler-327",5.21233300000,3
"Kepler-331 c","Kepler-331",17.28111000000,3
"Kepler-256 e","Kepler-256",10.68157200000,4
"Kepler-331 d","Kepler-331",32.13432800000,3
"Kepler-334 b","Kepler-334",5.47031900000,3
"Kepler-334 d","Kepler-334",25.09849000000,3
"Kepler-336 c","Kepler-336",9.60000100000,3
"Kepler-336 b","Kepler-336",2.02482300000,3
"Kepler-338 c","Kepler-338",24.31085600000,4
"Kepler-338 d","Kepler-338",44.43101400000,4
"Kepler-758 e","Kepler-758",8.19347190000,4
"Kepler-338 e","Kepler-338",9.34100000000,4
"Kepler-339 d","Kepler-339",10.55834500000,3
"Kepler-339 c","Kepler-339",6.98805500000,3
"Kepler-341 d","Kepler-341",27.66631300000,4
"Kepler-341 b","Kepler-341",5.19552800000,4
"Kepler-341 e","Kepler-341",42.47326900000,4
"Kepler-342 d","Kepler-342",39.45935700000,4
"Kepler-106 d","Kepler-106",23.98020000000,4
"Kepler-238 f","Kepler-238",50.44700000000,5
"Kepler-81 d","Kepler-81",20.83784600000,3
"Kepler-32 f","Kepler-32",0.74296000000,5
"Kepler-265 e","Kepler-265",67.83102400000,4
"Kepler-265 d","Kepler-265",43.13061700000,4
"Kepler-763 b","Kepler-763",1.19655156000,3
"Kepler-24 e","Kepler-24",18.99835500000,4
"Kepler-24 d","Kepler-24",4.24438400000,4
"Kepler-770 c","Kepler-770",1.47532231400,3
"Kepler-770 d","Kepler-770",4.15244722000,3
"Kepler-79 e","Kepler-79",81.06590000000,4
"Kepler-279 d","Kepler-279",54.41400000000,4
"Kepler-282 b","Kepler-282",9.22052400000,4
"Kepler-282 c","Kepler-282",13.63872300000,4
"Kepler-286 e","Kepler-286",29.22128900000,4
"Kepler-288 d","Kepler-288",56.63374200000,3
"Kepler-58 d","Kepler-58",40.10137100000,4
"Kepler-295 c","Kepler-295",21.52625800000,3
"Kepler-295 d","Kepler-295",33.88405400000,3
"Kepler-299 e","Kepler-299",38.28548900000,4
"Kepler-124 d","Kepler-124",30.95085100000,3
"Kepler-124 b","Kepler-124",3.41049300000,3
"Kepler-1311 b","Kepler-1311",11.17269940000,3
"Kepler-1311 c","Kepler-1311",2.53573424000,3
"Kepler-398 c","Kepler-398",11.41941200000,3
"Kepler-398 d","Kepler-398",6.83437001000,3
"Kepler-445 b","Kepler-445",2.98415100000,3
"Kepler-399 b","Kepler-399",14.42528100000,3
"Kepler-399 c","Kepler-399",26.67569000000,3
"Kepler-126 c","Kepler-126",21.86974100000,3
"Kepler-401 c","Kepler-401",47.31821800000,3
"Kepler-1321 c","Kepler-1321",2.22649108600,3
"Kepler-402 e","Kepler-402",11.24286100000,4
"Kepler-402 b","Kepler-402",4.02875100000,4
"Kepler-402 d","Kepler-402",8.92109900000,4
"Kepler-403 c","Kepler-403",54.28074900000,3
"Kepler-446 d","Kepler-446",5.14892100000,3
"Kepler-127 b","Kepler-127",14.43588900000,3
"Kepler-1388 c","Kepler-1388",5.53608151000,4
"Kepler-130 d","Kepler-130",87.51790500000,3
"Kepler-431 d","Kepler-431",11.92200000000,3
"Kepler-431 b","Kepler-431",6.80300000000,3
"Kepler-431 c","Kepler-431",8.70300000000,3
"Kepler-92 c","Kepler-92",26.72300000000,3
"Kepler-92 d","Kepler-92",49.35680000000,3
"Kepler-149 c","Kepler-149",55.32832800000,3
"Kepler-150 b","Kepler-150",3.42805400000,5
"Kepler-549 c","Kepler-549",117.04049800000,3
"Kepler-157 d","Kepler-157",7.02573474000,3
"Kepler-164 b","Kepler-164",5.03503000000,4
"Kepler-169 b","Kepler-169",3.25061900000,5
"Kepler-169 d","Kepler-169",8.34812500000,5
"Kepler-169 f","Kepler-169",87.09019500000,5
"Kepler-171 d","Kepler-171",39.59551900000,3
"Kepler-172 e","Kepler-172",35.11873600000,4
"Kepler-174 d","Kepler-174",247.35373000000,3
"Kepler-603 d","Kepler-603",6.21712920000,3
"Kepler-191 b","Kepler-191",9.93963200000,3
"Kepler-192 d","Kepler-192",6.47027579000,3
"Kepler-194 d","Kepler-194",52.81497300000,3
"Kepler-619 c","Kepler-619",1.20846502600,3
"Kepler-197 e","Kepler-197",25.20971500000,4
"Kepler-198 d","Kepler-198",1.31184443000,3
"Kepler-208 d","Kepler-208",11.13178600000,4
"Kepler-215 e","Kepler-215",68.16101000000,4
"Kepler-217 c","Kepler-217",8.58600400000,3
"Kepler-217 d","Kepler-217",3.88689525000,3
"Kepler-220 d","Kepler-220",28.12239700000,4
"Kepler-220 e","Kepler-220",45.90273300000,4
"Kepler-220 b","Kepler-220",4.15980700000,4
"Kepler-62 c","Kepler-62",12.44170000000,5
"Kepler-62 f","Kepler-62",267.29100000000,5
"Kepler-154 c","Kepler-154",62.30327600000,5
"Kepler-1542 b","Kepler-1542",3.95116882000,4
"Kepler-1542 c","Kepler-1542",2.89223021000,4
"Kepler-372 d","Kepler-372",30.09256800000,3
"Kepler-372 b","Kepler-372",6.84969200000,3
"Kepler-154 f","Kepler-154",9.91935684000,5
"Kepler-385 d","Kepler-385",56.41590000000,3
"Kepler-186 f","Kepler-186",129.94410000000,5
"Kepler-1254 c","Kepler-1254",3.60084276000,3
"Kepler-1254 d","Kepler-1254",5.72717226000,3
"Kepler-403 d","Kepler-403",13.61159129000,3
"Kepler-446 c","Kepler-446",3.03617900000,3
"Kepler-444 b","Kepler-444",3.60010530000,5
"Kepler-444 c","Kepler-444",4.54588410000,5
"Kepler-444 d","Kepler-444",6.18939200000,5
"Kepler-444 e","Kepler-444",7.74349300000,5
"Kepler-444 f","Kepler-444",9.74048600000,5
"Kepler-450 d","Kepler-450",7.51464000000,3
"Kepler-271 d","Kepler-271",5.24972541000,3
"Kepler-1468 b","Kepler-1468",8.23984869000,3
"Kepler-1468 c","Kepler-1468",3.54553021000,3
"Kepler-296 f","Kepler-296",63.33627000000,5
"Kepler-132 e","Kepler-132",110.28693740000,4
"Kepler-411 d","Kepler-411",58.02035000000,4
"Kepler-968 c","Kepler-968",5.70940491800,3
"Kepler-332 c","Kepler-332",15.99562200000,3
"Kepler-332 d","Kepler-332",34.21154000000,3
"Kepler-342 e","Kepler-342",1.64422461300,4
"Kepler-342 c","Kepler-342",26.23413800000,4
"Kepler-347 c","Kepler-347",27.32087100000,3
"Kepler-351 d","Kepler-351",142.54424700000,3
"Kepler-154 b","Kepler-154",33.04053200000,5
"Kepler-1073 c","Kepler-1073",4.02582254000,3
"Kepler-359 d","Kepler-359",77.09569100000,3
"Kepler-154 e","Kepler-154",3.93276465000,5
"Kepler-1530 b","Kepler-1530",2.59044340000,3
"Kepler-1530 c","Kepler-1530",5.32274060000,3
"KOI-351 e","KOI-351",91.93913000000,8
"Kepler-296 e","Kepler-296",34.14211000000,5
"KOI-351 c","KOI-351",8.71937500000,8
"KOI-351 b","KOI-351",7.00815100000,8
"KOI-351 f","KOI-351",124.91440000000,8
"Kepler-354 c","Kepler-354",16.93440200000,3
"Kepler-401 d","Kepler-401",184.25640500000,3
"Kepler-1388 d","Kepler-1388",20.95681580000,4
"Kepler-1388 e","Kepler-1388",37.63270840000,4
"Kepler-176 e","Kepler-176",51.16579000000,4
"Kepler-1542 d","Kepler-1542",5.99273738000,4
"Kepler-1542 e","Kepler-1542",5.10115756000,4
"K2-19 d","K2-19",2.50827000000,3
"K2-37 c","K2-37",6.42966000000,3
"K2-37 d","K2-37",14.09229000000,3
"K2-37 b","K2-37",4.44340000000,3
"K2-32 b","K2-32",8.99200000000,4
"K2-32 d","K2-32",31.71701000000,4
"K2-32 c","K2-32",20.66093000000,4
"K2-58 b","K2-58",7.05254000000,3
"K2-58 c","K2-58",2.53726000000,3
"K2-58 d","K2-58",22.88270000000,3
"K2-72 b","K2-72",5.57721200000,4
"K2-72 c","K2-72",15.18903400000,4
"K2-72 d","K2-72",7.76017800000,4
"K2-72 e","K2-72",24.15886800000,4
"K2-80 b","K2-80",19.09180000000,3
"K2-80 c","K2-80",5.60500000000,3
"K2-268 c","K2-268",9.32752700000,5
"K2-183 c","K2-183",10.78799200000,3
"K2-187 d","K2-187",7.14958400000,4
"K2-198 c","K2-198",3.35960550000,3
"K2-198 d","K2-198",7.45001770000,3
"K2-198 b","K2-198",17.04286830000,3
"K2-183 d","K2-183",22.62034400000,3
"K2-187 e","K2-187",13.60662900000,4
"K2-187 c","K2-187",2.87151200000,4
"K2-157 b","K2-157",0.36525750000,3
"K2-165 b","K2-165",2.35499200000,3
"K2-165 c","K2-165",4.38274500000,3
"K2-165 d","K2-165",14.10136100000,3
"HD 34445 b","HD 34445",1049.00000000000,6
"HD 37124 b","HD 37124",154.37800000000,3
"HD 37124 c","HD 37124",885.50000000000,3
"HD 37124 d","HD 37124",1862.00000000000,3
"HD 39091 b","HD 39091",2088.80000000000,3
"HD 40307 b","HD 40307",4.31230000000,5
"HD 40307 c","HD 40307",9.61840000000,5
"HD 40307 d","HD 40307",20.43200000000,5
"HD 69830 b","HD 69830",8.66700000000,3
"HD 69830 c","HD 69830",31.56000000000,3
"HD 69830 d","HD 69830",197.00000000000,3
"HD 7924 b","HD 7924",5.39792000000,3
"HIP 14810 b","HIP 14810",6.67389200000,3
"HIP 14810 c","HIP 14810",147.74700000000,3
"HIP 14810 d","HIP 14810",981.80000000000,3
"HIP 57274 b","HIP 57274",8.13520000000,3
"HIP 57274 c","HIP 57274",32.03000000000,3
"HIP 57274 d","HIP 57274",431.70000000000,3
"HR 8799 b","HR 8799",170000.00000000000,4
"HR 8799 c","HR 8799",69000.00000000000,4
"HR 8799 d","HR 8799",37000.00000000000,4
"PSR B1257+12 b","PSR B1257+12",25.26200000000,3
"PSR B1257+12 c","PSR B1257+12",66.54190000000,3
"PSR B1257+12 d","PSR B1257+12",98.21140000000,3
"rho CrB b","rho CrB",39.84380000000,4
"ups And b","ups And",4.61703300000,3
"ups And c","ups And",241.25800000000,3
"ups And d","ups And",1276.46000000000,3
"K2-183 b","K2-183",0.46928500000,3
"K2-187 b","K2-187",0.77401000000,4
"K2-219 b","K2-219",3.90128700000,3
"K2-219 c","K2-219",6.66767000000,3
"K2-219 d","K2-219",11.13727800000,3
"K2-80 d","K2-80",28.86725300000,3
"47 UMa b","47 UMa",1078.00000000000,3
"47 UMa c","47 UMa",2391.00000000000,3
"47 UMa d","47 UMa",14002.00000000000,3
"55 Cnc b","55 Cnc",14.65155200000,7
"55 Cnc c","55 Cnc",44.39360000000,7
"55 Cnc d","55 Cnc",4799.00000000000,7
"55 Cnc e","55 Cnc",0.73654740000,7
"55 Cnc f","55 Cnc",260.58000000000,7
"61 Vir b","61 Vir",4.21500000000,3
"61 Vir c","61 Vir",38.02100000000,3
"61 Vir d","61 Vir",123.01000000000,3
"CoRoT-7 b","CoRoT-7",0.85359163000,3
"CoRoT-7 c","CoRoT-7",3.69800000000,3
"GJ 433 b","GJ 433",7.37050000000,3
"GJ 667 C b","GJ 667 C",7.20300000000,5
"GJ 667 C c","GJ 667 C",28.14000000000,5
"GJ 676 A b","GJ 676 A",1051.44521000000,4
"GJ 581 b","GJ 581",5.36860000000,3
"GJ 581 c","GJ 581",12.92110000000,3
"GJ 581 e","GJ 581",3.14810000000,3
"GJ 876 b","GJ 876",61.11660000000,4
"GJ 876 c","GJ 876",30.08810000000,4
"GJ 876 d","GJ 876",1.93778000000,4
"GJ 876 e","GJ 876",124.26000000000,4
"HD 10180 c","HD 10180",5.75969000000,6
"HD 10180 d","HD 10180",16.35700000000,6
"HD 10180 e","HD 10180",49.74800000000,6
"HD 10180 f","HD 10180",122.74400000000,6
"HD 10180 g","HD 10180",604.67000000000,6
"HD 10180 h","HD 10180",2205.00000000000,6
"HD 11506 b","HD 11506",1617.70000000000,3
"HD 11506 c","HD 11506",223.92000000000,3
"HD 125612 b","HD 125612",557.69994000000,3
"HD 125612 c","HD 125612",4.15466000000,3
"HD 125612 d","HD 125612",2822.72698000000,3
"HD 136352 b","HD 136352",11.57797000000,3
"HD 136352 c","HD 136352",27.59221000000,3
"HD 136352 d","HD 136352",107.24500000000,3
"HD 142 b","HD 142",351.43394000000,3
"HD 160691 b","HD 160691",645.00000000000,4
"HD 160691 c","HD 160691",3947.00000000000,4
"HD 160691 d","HD 160691",9.63920000000,4
"HD 160691 e","HD 160691",307.90000000000,4
"HD 164922 b","HD 164922",1207.00000000000,4
"HD 181433 b","HD 181433",9.37450000000,3
"HD 181433 c","HD 181433",1018.50000000000,3
"HD 181433 d","HD 181433",6896.10000000000,3
"HD 204313 b","HD 204313",2041.11539000000,3
"HD 204313 c","HD 204313",34.95875000000,3
"HD 20781 b","HD 20781",5.31350000000,5
"HD 20781 c","HD 20781",13.89050000000,5
"HD 20782 b","HD 20782",597.06430000000,5
"HD 20794 b","HD 20794",18.31400000000,4
"HD 20794 d","HD 20794",89.68000000000,4
"HD 215152 b","HD 215152",5.75999000000,4
"HD 215152 c","HD 215152",7.28243000000,4
"HD 27894 b","HD 27894",18.01939000000,3
"HD 31527 b","HD 31527",16.55350000000,3
"HD 31527 c","HD 31527",51.20530000000,3
"HD 31527 d","HD 31527",271.67370000000,3
"HD 33142 b","HD 33142",330.00000000000,3
"XO-2 N b","XO-2 N",2.61586178000,3
"HD 142 c","HD 142",10159.64279000000,3
"WASP-47 b","WASP-47",4.15915100000,4
"Kepler-46 c","Kepler-46",57.01100000000,3
"Kepler-47 b","Kepler-47",49.46430000000,3
"Kepler-47 c","Kepler-47",303.22700000000,3
"HD 40307 f","HD 40307",51.76000000000,5
"HD 40307 g","HD 40307",197.80000000000,5
"GJ 676 A d","GJ 676 A",3.60076000000,4
"GJ 676 A e","GJ 676 A",35.47358000000,4
"Kepler-68 d","Kepler-68",632.62000000000,4
"Kepler-19 c","Kepler-19",28.73100000000,3
"GJ 163 b","GJ 163",8.63182000000,3
"GJ 163 c","GJ 163",25.63058000000,3
"GJ 163 d","GJ 163",603.95116000000,3
"GJ 667 C e","GJ 667 C",62.24000000000,5
"GJ 667 C f","GJ 667 C",39.02600000000,5
"GJ 667 C g","GJ 667 C",256.20000000000,5
"Kepler-48 e","Kepler-48",982.00000000000,5
"Kepler-25 d","Kepler-25",122.40000000000,3
"KOI-142 c","KOI-142",22.26492000000,3
"XO-2 S b","XO-2 S",18.15700000000,3
"XO-2 S c","XO-2 S",120.80000000000,3
"KIC 10001893 b","KIC 10001893",0.21970000000,3
"KIC 10001893 c","KIC 10001893",0.32528000000,3
"KIC 10001893 d","KIC 10001893",0.81161000000,3
"Kepler-289 d","Kepler-289",66.02820000000,4
"GJ 3293 b","GJ 3293",30.59870000000,4
"GJ 3293 c","GJ 3293",122.61960000000,4
"Kepler-445 d","Kepler-445",8.15275000000,3
"K2-3 b","K2-3",10.05465350000,3
"K2-3 c","K2-3",24.64672900000,3
"K2-3 d","K2-3",44.55603000000,3
"HD 7924 c","HD 7924",15.29900000000,3
"HD 7924 d","HD 7924",24.45100000000,3
"2MASS J19383260+4603591 b","2MASS J19383260+4603591",406.00000000000,3
"K2-19 b","K2-19",7.92280600000,3
"K2-19 c","K2-19",11.89770000000,3
"K2-16 b","K2-16",7.61880000000,3
"K2-16 c","K2-16",19.07863000000,3
"HD 219134 b","HD 219134",3.09292600000,6
"HD 219134 c","HD 219134",6.76458000000,6
"HD 219134 d","HD 219134",46.85900000000,6
"WASP-47 c","WASP-47",589.57000000000,4
"WASP-47 d","WASP-47",9.03050100000,4
"WASP-47 e","WASP-47",0.78961000000,4
"HD 219134 f","HD 219134",22.71700000000,6
"HD 219134 g","HD 219134",94.20000000000,6
"HD 219134 h","HD 219134",2247.00000000000,6
"Kepler-454 c","Kepler-454",524.19000000000,3
"Wolf 1061 b","Wolf 1061",4.88690000000,3
"Wolf 1061 c","Wolf 1061",17.87190000000,3
"Wolf 1061 d","Wolf 1061",217.21000000000,3
"KIC 8540376 b","KOI-7892",31.80990000000,3
"KIC 8540376 c","KOI-7892",75.20000000000,3
"HD 141399 b","HD 141399",94.44000000000,4
"HD 141399 c","HD 141399",201.99000000000,4
"HD 141399 d","HD 141399",1069.80000000000,4
"HD 141399 e","HD 141399",5000.00000000000,4
"TRAPPIST-1 b","TRAPPIST-1",1.51082600000,7
"TRAPPIST-1 c","TRAPPIST-1",2.42193700000,7
"TRAPPIST-1 d","TRAPPIST-1",4.04921900000,7
"HIP 41378 b","HIP 41378",15.57208000000,6
"HIP 41378 c","HIP 41378",31.70603000000,6
"HIP 41378 d","HIP 41378",278.36180000000,6
"HIP 41378 e","HIP 41378",369.00000000000,6
"HIP 41378 f","HIP 41378",542.07975000000,6
"GJ 3998 b","GJ 3998",2.65033000000,3
"GJ 3998 c","GJ 3998",13.72700000000,3
"HD 3167 b","HD 3167",0.95964100000,4
"HD 3167 c","HD 3167",29.84540000000,4
"HD 133131 A b","HD 133131 A",649.00000000000,3
"HD 133131 A c","HD 133131 A",3568.00000000000,3
"HD 133131 B b","HD 133131 B",5769.00000000000,3
"GJ 676 A c","GJ 676 A",13921.42302000000,4
"Kepler-56 d","Kepler-56",1002.00000000000,3
"HD 164922 c","HD 164922",75.74000000000,4
"rho CrB c","rho CrB",102.19000000000,4
"WASP-132 b","WASP-132",7.13351640000,3
"TRAPPIST-1 e","TRAPPIST-1",6.10101300000,7
"TRAPPIST-1 f","TRAPPIST-1",9.20754000000,7
"TRAPPIST-1 g","TRAPPIST-1",12.35244600000,7
"TRAPPIST-1 h","TRAPPIST-1",18.77286600000,7
"Kepler-20 g","Kepler-20",34.94000000000,6
"GJ 3138 b","GJ 3138",1.22003000000,3
"GJ 3138 c","GJ 3138",5.97400000000,3
"GJ 3138 d","GJ 3138",257.80000000000,3
"GJ 3293 d","GJ 3293",48.13450000000,4
"GJ 3293 e","GJ 3293",13.25430000000,4
"Kepler-19 d","Kepler-19",62.95000000000,3
"Kepler-150 f","Kepler-150",637.20930000000,5
"HD 3167 d","HD 3167",8.41120000000,4
"HD 27894 c","HD 27894",36.07000000000,3
"HD 27894 d","HD 27894",5019.54244000000,3
"tau Cet g","tau Cet",20.00000000000,4
"tau Cet h","tau Cet",49.41000000000,4
"tau Cet e","tau Cet",162.87000000000,4
"tau Cet f","tau Cet",636.13000000000,4
"YZ Cet b","YZ Cet",2.02087000000,3
"YZ Cet c","YZ Cet",3.05989000000,3
"YZ Cet d","YZ Cet",4.65626000000,3
"K2-133 b","K2-133",3.07133000000,4
"K2-133 c","K2-133",4.86784000000,4
"K2-133 d","K2-133",11.02454000000,4
"HD 34445 c","HD 34445",214.67000000000,6
"HD 34445 d","HD 34445",117.87000000000,6
"HD 34445 e","HD 34445",49.17500000000,6
"HD 34445 f","HD 34445",676.80000000000,6
"HD 34445 g","HD 34445",5700.00000000000,6
"GJ 9827 b","GJ 9827",1.20897400000,3
"GJ 9827 c","GJ 9827",3.64810300000,3
"GJ 9827 d","GJ 9827",6.20183000000,3
"K2-136 b","K2-136",7.97520000000,3
"K2-136 c","K2-136",17.30713000000,3
"K2-136 d","K2-136",25.57500000000,3
"Kepler-80 g","Kepler-80",14.64558000000,6
"Kepler-90 i","KOI-351",14.44912000000,8
"HD 176986 b","HD 176986",6.49164000000,3
"HD 176986 c","HD 176986",16.81240000000,3
"K2-138 b","K2-138",2.35309000000,6
"K2-138 c","K2-138",3.56004000000,6
"K2-138 d","K2-138",5.40479000000,6
"K2-138 e","K2-138",8.26146000000,6
"K2-138 f","K2-138",12.75758000000,6
"K2-148 b","K2-148",4.38395000000,3
"K2-148 c","K2-148",6.92260000000,3
"K2-148 d","K2-148",9.75790000000,3
"K2-155 b","K2-155",6.34200000000,3
"K2-155 c","K2-155",13.85000000000,3
"K2-155 d","K2-155",40.71800000000,3
"HD 215152 d","HD 215152",10.86499000000,4
"HD 215152 e","HD 215152",25.19670000000,4
"K2-233 b","K2-233",2.46758300000,3
"K2-233 c","K2-233",7.06024000000,3
"K2-233 d","K2-233",24.36810000000,3
"K2-239 b","K2-239",5.24000000000,3
"K2-239 c","K2-239",7.77500000000,3
"K2-239 d","K2-239",10.11500000000,3
"K2-266 b","K2-266",0.65852400000,4
"K2-266 c","K2-266",7.81400000000,4
"K2-266 d","K2-266",14.69700000000,4
"K2-266 e","K2-266",19.48200000000,4
"K2-268 b","K2-268",2.15167600000,5
"pi Men c","HD 39091",6.26783990000,3
"HD 33142 c","HD 33142",810.20000000000,3
"K2-285 b","K2-285",3.47174500000,4
"K2-285 c","K2-285",7.13804800000,4
"K2-285 d","K2-285",10.45582000000,4
"K2-285 e","K2-285",14.76289000000,4
"HD 20781 d","HD 20781",29.15800000000,5
"HD 20781 e","HD 20781",85.50730000000,5
"HD 23472 b","HD 23472",17.66708700000,5
"HD 23472 c","HD 23472",29.79749000000,5
"Kepler-47 d","Kepler-47",187.36600000000,3
"K2-133 e","K2-133",26.58410000000,4
"K2-32 e","K2-32",4.34934000000,4
"EPIC 201754305 d","K2-16",2.71578000000,3
"EPIC 206024342 b","EPIC 206024342",4.50756000000,3
"L 98-59 b","L 98-59",2.25311400000,5
"L 98-59 c","L 98-59",3.69067640000,5
"L 98-59 d","L 98-59",7.45072900000,5
"Kepler-65 e","Kepler-65",258.80000000000,4
"V1298 Tau b","V1298 Tau",24.14000600000,4
"Teegarden's Star b","Teegarden's Star",4.90634000000,3
"Teegarden's Star c","Teegarden's Star",11.41600000000,3
"Kepler-411 e","Kepler-411",31.50972800000,4
"Kepler-82 f","Kepler-82",75.73200000000,5
"HR 858 b","HR 858",3.58528700000,3
"HR 858 c","HR 858",5.97386500000,3
"HR 858 d","HR 858",11.23051100000,3
"TOI-270 b","TOI-270",3.35992000000,3
"TOI-270 c","TOI-270",5.66051000000,3
"TOI-270 d","TOI-270",11.38194000000,3
"GJ 357 b","GJ 357",3.93060000000,3
"GJ 357 c","GJ 357",9.12470000000,3
"GJ 357 d","GJ 357",55.66100000000,3
"GJ 180 b","GJ 180",17.13300000000,3
"GJ 180 c","GJ 180",24.32900000000,3
"GJ 433 c","GJ 433",5094.10500000000,3
"V1298 Tau c","V1298 Tau",8.24916400000,4
"V1298 Tau d","V1298 Tau",12.40139400000,4
"V1298 Tau e","V1298 Tau",48.67771400000,4
"LP 791-18 b","LP 791-18",0.94799810000,3
"LP 791-18 c","LP 791-18",4.98991000000,3
"TOI-125 b","TOI-125",4.65382000000,3
"TOI-125 c","TOI-125",9.15059000000,3
"DMPP-1 b","DMPP-1",17.81200000000,4
"DMPP-1 c","DMPP-1",10.03000000000,4
"DMPP-1 d","DMPP-1",3.14170000000,4
"DMPP-1 e","DMPP-1",5.51600000000,4
"DMPP-2 b","DMPP-2",5.20300000000,3
"GJ 180 d","GJ 180",106.30000000000,3
"GJ 433 d","GJ 433",36.05900000000,3
"EPIC 249893012 b","EPIC 249893012",3.59510000000,3
"EPIC 249893012 c","EPIC 249893012",15.62400000000,3
"EPIC 249893012 d","EPIC 249893012",35.74700000000,3
"TOI-125 d","TOI-125",19.98000000000,3
"GJ 1061 b","GJ 1061",3.20730000000,3
"GJ 1061 c","GJ 1061",6.68210000000,3
"GJ 1061 d","GJ 1061",13.06600000000,3
"HD 158259 b","HD 158259",2.17800000000,5
"HD 158259 c","HD 158259",3.43200000000,5
"HD 158259 d","HD 158259",5.19808140000,5
"HD 158259 e","HD 158259",7.95100000000,5
"HD 158259 f","HD 158259",12.02800000000,5
"HD 164922 d","HD 164922",12.45800000000,4
"Kepler-88 d","KOI-142",1403.00000000000,3
"AU Mic b","AU Mic",8.46344600000,4
"Kepler-160 d","Kepler-160",30.00000000000,3
"GJ 887 b","GJ 887",9.26190000000,4
"GJ 887 c","GJ 887",21.78400000000,4
"HD 191939 b","HD 191939",8.88032560000,6
"HD 191939 c","HD 191939",28.57974300000,6
"HD 191939 d","HD 191939",38.35303700000,6
"TOI-700 b","TOI-700",9.97721900000,4
"TOI-700 c","TOI-700",16.05113700000,4
"TOI-700 d","TOI-700",37.42396000000,4
"HD 63433 b","HD 63433",7.10794750000,3
"HD 63433 c","HD 63433",20.54382810000,3
"TOI-1266 b","TOI-1266",10.89450000000,3
"TOI-1266 c","TOI-1266",18.80270000000,3
"TOI-561 b","TOI-561",0.44656970000,4
"TOI-561 c","TOI-561",10.77883800000,4
"HD 108236 b","HD 108236",3.79596300000,5
"HD 108236 c","HD 108236",6.20344900000,5
"TOI-1233.01","HD 108236",14.17568500000,5
"HD 108236 e","HD 108236",19.59002500000,5
"TOI-451 b","TOI-451",1.85870330000,3
"TOI-451 c","TOI-451",9.19246300000,3
"TOI-451 d","TOI-451",16.36496200000,3
"HD 108236 f","HD 108236",29.54115000000,5
"TOI-178 b","TOI-178",1.91456010000,6
"TOI-178 c","TOI-178",3.23848600000,6
"TOI-178 d","TOI-178",6.55756900000,6
"TOI-178 e","TOI-178",9.96318000000,6
"TOI-178 f","TOI-178",15.23335000000,6
"TOI-178 g","TOI-178",20.71663000000,6
"K2-138 g","K2-138",41.96797000000,6
"KOI-1831 d","Kepler-324",34.16900000000,4
"KOI-1833 d","Kepler-968",7.68500000000,3
"HD 164922 e","HD 164922",41.76300000000,4
"Kepler-129 d","Kepler-129",2646.00000000000,3
"TOI-1260 b","TOI-1260",3.12746300000,3
"TOI-1260 c","TOI-1260",7.49313400000,3
"TOI-1749 b","TOI-1749",2.38839000000,3
"TOI-1749 c","TOI-1749",4.49290000000,3
"TOI-1749 d","TOI-1749",9.04970000000,3
"TOI-2076 b","TOI-2076",10.35523500000,4
"TOI-2076 c","TOI-2076",21.01532700000,4
"TOI-2076 d","TOI-2076",35.12568600000,4
"TOI-431 b","TOI-431",0.49004700000,3
"TOI-431 c","TOI-431",4.84940000000,3
"TOI-431 d","TOI-431",12.46103000000,3
"AU Mic c","AU Mic",18.85902300000,4
"K2-268 f","K2-268",26.27057000000,5
"K2-268 d","K2-268",4.52859800000,5
"K2-268 e","K2-268",6.13124300000,5
"K2-352 c","K2-352",8.23488500000,3
"K2-352 d","K2-352",14.87138700000,3
"K2-352 b","K2-352",3.66591200000,3
"L 98-59 e","L 98-59",12.82780000000,5
"LHS 1678 b","LHS 1678",0.86023250000,3
"LHS 1678 c","LHS 1678",3.69428400000,3
"EPIC 206024342 d","EPIC 206024342",14.64753100000,3
"EPIC 206024342 c","EPIC 206024342",0.91172400000,3
"HD 39194 b","HD 39194",5.63692000000,3
"HD 39194 c","HD 39194",14.03090000000,3
"HD 39194 d","HD 39194",33.87400000000,3
"HD 93385 b","HD 93385",7.34260000000,3
"HD 93385 c","HD 93385",13.18000000000,3
"HD 93385 d","HD 93385",45.85000000000,3
"HD 96700 b","HD 96700",8.12450000000,3
"HD 96700 c","HD 96700",19.88000000000,3
"HD 96700 d","HD 96700",103.50000000000,3
"Kepler-529 d","Kepler-529",35.86619949000,3
"Kepler-1321 d","Kepler-1321",5.72092008600,3
"Kepler-1468 d","Kepler-1468",19.59059906000,3
"Kepler-352 d","Kepler-352",6.88727998700,3
"Kepler-457 d","KOI-7892",10.69060040000,3
"Kepler-196 d","Kepler-196",122.08000180000,3
"Kepler-1530 d","Kepler-1530",9.20761013000,3
"Kepler-1073 d","Kepler-1073",2.50476002700,3
"Kepler-27 d","Kepler-27",6.54628992100,3
"Kepler-394 d","Kepler-394",5.61358022700,3
"Kepler-324 e","Kepler-324",13.97939968000,4
"Kepler-381 d","Kepler-381",8.25629997300,3
"Kepler-1130 d","Kepler-1130",4.27225017500,3
"Kepler-616 d","Kepler-616",51.06740189000,3
"Kepler-487 d","Kepler-487",2.41839003600,3
"Kepler-1669 c","Kepler-1669",1.60932004500,3
"Kepler-1130 c","Kepler-1130",3.26663994800,3
"Kepler-1311 d","Kepler-1311",197.51100160000,3
"GJ 367 b","GJ 367",0.32192250000,3
"Kepler-281 d","Kepler-281",148.27200320000,3
"TOI-500 b","TOI-500",0.54817700000,4
"K2-368 b","K2-368",5.02559800000,3
"K2-368 c","K2-368",9.66018600000,3
"K2-368 d","K2-368",20.20108500000,3
"K2-381 b","K2-381",7.93893340000,3
"K2-381 c","K2-381",16.03465600000,3
"K2-381 d","K2-381",26.80302300000,3
"K2-384 b","K2-384",2.23152700000,5
"K2-384 c","K2-384",4.19476600000,5
"K2-384 d","K2-384",6.67958200000,5
"K2-384 e","K2-384",9.71504300000,5
"K2-384 f","K2-384",13.62749000000,5
"HD 191939 e","HD 191939",101.12000000000,6
"HD 191939 f","HD 191939",2898.00000000000,6
"TOI-500 c","TOI-500",6.63560000000,4
"TOI-500 d","TOI-500",26.23300000000,4
"TOI-500 e","TOI-500",61.30000000000,4
"pi Men d","HD 39091",124.64000000000,3
"TOI-1246 b","TOI-1246",4.30744000000,4
"TOI-1246 c","TOI-1246",5.90413700000,4
"TOI-1246 d","TOI-1246",18.65487400000,4
"TOI-1246 e","TOI-1246",37.92548000000,4
"Kepler-451 c","2MASS J19383260+4603591",1460.00000000000,3
"Kepler-451 d","2MASS J19383260+4603591",43.00000000000,3
"WASP-132 c","WASP-132",1.01153624000,3
"HD 33142 d","HD 33142",89.90000000000,3
"CoRoT-7 d","CoRoT-7",8.96600000000,3
"HD 28109 b","HD 28109",22.89105400000,3
"HD 28109 c","HD 28109",55.99712000000,3
"HD 28109 d","HD 28109",84.28990000000,3
"TOI-712 b","TOI-712",9.53136100000,3
"TOI-712 c","TOI-712",51.69906000000,3
"TOI-712 d","TOI-712",84.83960000000,3
"HD 11506 d","HD 11506",26500.00000000000,3
"HD 142 A d","HD 142",108.45299000000,3
"HD 153557 b","HD 153557",7.29903000000,3
"HD 153557 c","HD 153557",15.27018000000,3
"HD 153557 d","HD 153557",40654.64809000000,3
"HD 204313 e","HD 204313",7325.64666000000,3
"HD 23472 d","HD 23472",3.97664000000,5
"HD 23472 e","HD 23472",7.90754000000,5
"HD 23472 f","HD 23472",12.16218390000,5
"TOI-411 b","HD 22946",4.04029500000,3
"TOI-411 c","HD 22946",9.57308300000,3
"HD 184010 b","HD 184010",286.60000000000,3
"HD 184010 c","HD 184010",484.30000000000,3
"HD 184010 d","HD 184010",836.40000000000,3
"HD 3167 e","HD 3167",96.63000000000,4
"HD 191939 g","HD 191939",284.00000000000,6
"TOI-1136 b","TOI-1136",4.17270000000,6
"TOI-1136 c","TOI-1136",6.25740000000,6
"TOI-1136 d","TOI-1136",12.51990000000,6
"TOI-1136 e","TOI-1136",18.80100000000,6
"TOI-1136 f","TOI-1136",26.32100000000,6
"TOI-1136 g","TOI-1136",39.54500000000,6
"TOI-1260 d","TOI-1260",16.60816400000,3
"Kepler-138 e","Kepler-138",38.23000000000,4
"TOI-700 e","TOI-700",27.80978000000,4
"TOI-561 d","TOI-561",25.71268000000,4
"TOI-561 e","TOI-561",77.14400000000,4
"Kepler-68 e","Kepler-68",3455.00000000000,4
"Kepler-454 d","Kepler-454",4073.00000000000,3
"Kepler-10 d","Kepler-10",151.06000000000,3
"Kepler-58 e","Kepler-58",4.45814897000,4
"Kepler-416 d","Kepler-416",3.07644709000,3
"Kepler-1669 d","Kepler-1669",4.72941177000,3
"Kepler-290 d","Kepler-290",0.76401755300,3
"Kepler-1987 d","Kepler-1987",5.64491415400,4
"Kepler-1987 e","Kepler-1987",8.74292005000,4
"Kepler-1987 c","Kepler-1987",3.64830183000,4
"Kepler-1987 b","Kepler-1987",2.34586300200,4
"Kepler-311 d","Kepler-311",232.04032600000,3
"Kepler-763 d","Kepler-763",6.50327035000,3
"Kepler-763 c","Kepler-763",4.09667624000,3
"Kepler-549 d","Kepler-549",24.61480613000,3
"Kepler-164 e","Kepler-164",94.88690200000,4
"Kepler-619 d","Kepler-619",11.67894236000,3
"Kepler-297 d","Kepler-297",150.01895110000,3
"Kepler-347 d","Kepler-347",85.51734400000,3
"LP 791-18 d","LP 791-18",2.75485000000,3
"TOI-4010 b","TOI-4010",1.34833500000,4
"TOI-4010 c","TOI-4010",5.41465400000,4
"TOI-4010 d","TOI-4010",14.70886000000,4
"TOI-4010 e","TOI-4010",762.00000000000,4
"rho CrB d","rho CrB",282.20000000000,4
"rho CrB e","rho CrB",12.94900000000,4
"HD 22946 d","HD 22946",47.42489000000,3
"GJ 367 c","GJ 367",11.53010000000,3
"GJ 367 d","GJ 367",34.36900000000,3
"TOI-469.01","TOI-469",13.63082050000,3
"HIP 29442 c","TOI-469",3.53795590000,3
"HIP 29442 d","TOI-469",6.42957500000,3
"HD 110067 b","HD 110067",9.11367800000,6
"HD 110067 c","HD 110067",13.67369400000,6
"HD 110067 d","HD 110067",20.51961700000,6
"HD 110067 e","HD 110067",30.79309100000,6
"HD 110067 f","HD 110067",41.05854000000,6
"HD 110067 g","HD 110067",54.76992000000,6
"AU Mic d","AU Mic",12.73596000000,4
"TOI-2141 b","TOI-2141",18.26160800000,3
"HD 63433 d","HD 63433",4.20907500000,3
"Kepler-48 f","Kepler-48",5219.68185400000,5
"Kepler-100 e","Kepler-100",60.88858800000,4
"Kepler-139 d","Kepler-139",7.30569992200,5
"Kepler-139 e","Kepler-139",2047.63537300000,5
"HD 134606 b","HD 134606",12.08900000000,5
"HD 134606 c","HD 134606",58.88300000000,5
"HD 134606 d","HD 134606",966.50000000000,5
"HD 134606 e","HD 134606",4.32030000000,5
"HD 134606 f","HD 134606",26.91500000000,5
"Teegarden's Star d","Teegarden's Star",26.13000000000,3
"LHS 1678 d","LHS 1678",4.96522290000,3
"HD 73344 b","HD 73344",15.61100000000,3
"TOI-663 b","TOI-663",2.59890200000,3
"TOI-663 c","TOI-663",4.69555070000,3
"TOI-663 d","TOI-663",7.10272680000,3
"HD 48948 b","HD 48948",7.34013000000,3
"HD 48948 c","HD 48948",38.06000000000,3
"HD 48948 d","HD 48948",151.92000000000,3
"Barnard b","Barnard's star",3.15420000000,4
"Kepler-158 d","Kepler-158",0.64508800000,3
"Kepler-51 e","Kepler-51",264.28400000000,4
"TOI-4504 b","TOI-4504",2.42614000000,3
"TOI-4504 c","TOI-4504",82.97213000000,3
"TOI-4504 d","TOI-4504",40.56340000000,3
"HD 73344 c","HD 73344",65.94000000000,3
"HD 73344 d","HD 73344",5823.00000000000,3
"WASP-132 d","WASP-132",1816.60000000000,3
"HD 20794 f","HD 20794",647.60000000000,4
"HD 20794 e","HD 20794",147.02000000000,4
"GJ 3998 d","GJ 3998",41.78000000000,3
"Barnard c","Barnard's star",4.12440000000,4
"Barnard d","Barnard's star",2.34020000000,4
"Barnard e","Barnard's star",6.73920000000,4
"TOI-1266 d","TOI-1266",32.50900000000,3
"Kepler-279 e","Kepler-279",98.35310000000,4
"Kepler-289 e","Kepler-289",330.07160000000,4
"Kepler-139 f","Kepler-139",355.00000000000,5
"K2-157 c","K2-157",25.94200000000,3
"K2-157 d","K2-157",66.50000000000,3
"TOI-2076 e","TOI-2076",3.02234450000,4
"TOI-1117 b","TOI-1117",2.22816000000,3
"TOI-1117 c","TOI-1117",4.57900000000,3
"TOI-1117 d","TOI-1117",8.66500000000,3
"L 98-59 f","L 98-59",23.06400000000,5
"HD 224018 b","HD 224018",10.64130000000,3
"HD 224018 c","HD 224018",36.57669000000,3
"HD 224018 d","HD 224018",138.07310000000,3
"HIP 41378 g","HIP 41378",62.06000000000,6
"HD 28471 b","HD 28471",3.16490000000,3
"HD 28471 c","HD 28471",6.12450000000,3
"HD 28471 d","HD 28471",11.68100000000,3
"AU Mic e","AU Mic",33.11000000000,4
"TOI-2141 c","TOI-2141",5.46240000000,3
"TOI-2141 d","TOI-2141",60.45000000000,3
"TOI-1203 b","TOI-1203",4.15728880000,4
"TOI-1203 c","TOI-1203",13.07660000000,4
"TOI-1203.01","TOI-1203",25.50267200000,4
"TOI-1203 e","TOI-1203",204.59000000000,4
"55 Cnc B b","55 Cnc B",6.79940000000,7
"55 Cnc B c","55 Cnc B",33.74700000000,7
"TOI-7510 b","TOI-7510",11.53086900000,3
"TOI-7510 c","TOI-7510",22.56874230000,3
"TOI-7510 d","TOI-7510",48.86446800000,3
"TOI-5789 c","TOI-5789",12.92774800000,4
"TOI-5789 b","TOI-5789",2.76369000000,4
"TOI-5789 d","TOI-5789",29.65000000000,4
"TOI-5789 e","TOI-5789",62.98000000000,4
"HD 176986 d","HD 176986",61.37600000000,3
"TOI-375 b","TOI-375",9.45469000000,3
"TOI-375 c","TOI-375",115.50000000000,3
"TOI-375 d","TOI-375",297.90000000000,3
"GJ 887 d","GJ 887",50.77000000000,4
"GJ 887 e","GJ 887",4.42490000000,4
"LHS 1903 b","LHS 1903",2.15550980000,4
"LHS 1903 c","LHS 1903",6.22618500000,4
"LHS 1903 d","LHS 1903",12.56628700000,4
"LHS 1903 e","LHS 1903",29.31773000000,4
"DMPP-2 c","DMPP-2",3.16800000000,3
"DMPP-2 d","DMPP-2",16.49100000000,3
"TOI-2267 b","TOI-2267 A",2.28909000000,3
"TOI-2267 c","TOI-2267 A",3.49504120000,3
"TOI-2267 d","TOI-2267 B",2.03446710000,3
