mode,alpha,window,n_curves,max_abs_slope_error,rms_slope_error,mean_abs_slope_error,max_adjusted_range,mean_adjusted_range,max_abs_adjusted_last_step,max_abs_adjusted_endpoint_drift,worst_slope_curve,worst_slope_error,worst_range_curve,worst_range
sharp,0,all,3,0.24765740246469692,0.18538050518555613,0.15890520501028685,0.37093593850692397,0.2697520317754643,0.1481947711345999,0.1583504569354952,389a1,0.24765740246469692,389a1,0.37093593850692397
sharp,0.25,all,3,0.24765740246469692,0.18538050518555613,0.15890520501028685,0.37093593850692397,0.2697520317754643,0.1481947711345999,0.1583504569354952,389a1,0.24765740246469692,389a1,0.37093593850692397
sharp,0.5,all,3,0.24765740246469692,0.18538050518555613,0.15890520501028685,0.37093593850692397,0.2697520317754643,0.1481947711345999,0.1583504569354952,389a1,0.24765740246469692,389a1,0.37093593850692397
sharp,0.65,all,3,0.24765740246469692,0.18538050518555613,0.15890520501028685,0.37093593850692397,0.2697520317754643,0.1481947711345999,0.1583504569354952,389a1,0.24765740246469692,389a1,0.37093593850692397
sharp,0.75,all,3,0.24765740246469692,0.18538050518555613,0.15890520501028685,0.37093593850692397,0.2697520317754643,0.1481947711345999,0.1583504569354952,389a1,0.24765740246469692,389a1,0.37093593850692397
sharp,0.85,all,3,0.24765740246469692,0.18538050518555613,0.15890520501028685,0.37093593850692397,0.2697520317754643,0.1481947711345999,0.1583504569354952,389a1,0.24765740246469692,389a1,0.37093593850692397
sharp,0.92,all,3,0.24765740246469692,0.18538050518555613,0.15890520501028685,0.37093593850692397,0.2697520317754643,0.1481947711345999,0.1583504569354952,389a1,0.24765740246469692,389a1,0.37093593850692397
c_only,0,all,3,0.24765740246469692,0.18538050518555613,0.15890520501028685,0.37093593850692397,0.2697520317754643,0.1481947711345999,0.1583504569354952,389a1,0.24765740246469692,389a1,0.37093593850692397
c_only,0.25,all,3,0.24765740246469692,0.18538050518555613,0.15890520501028685,0.37093593850692397,0.2697520317754643,0.1481947711345999,0.1583504569354952,389a1,0.24765740246469692,389a1,0.37093593850692397
c_only,0.5,all,3,0.24765740246469692,0.18538050518555613,0.15890520501028685,0.37093593850692397,0.2697520317754643,0.1481947711345999,0.1583504569354952,389a1,0.24765740246469692,389a1,0.37093593850692397
c_only,0.65,all,3,0.24765740246469692,0.18538050518555613,0.15890520501028685,0.37093593850692397,0.2697520317754643,0.1481947711345999,0.1583504569354952,389a1,0.24765740246469692,389a1,0.37093593850692397
c_only,0.75,all,3,0.24765740246469692,0.18538050518555613,0.15890520501028685,0.37093593850692397,0.2697520317754643,0.1481947711345999,0.1583504569354952,389a1,0.24765740246469692,389a1,0.37093593850692397
c_only,0.85,all,3,0.24765740246469692,0.18538050518555613,0.15890520501028685,0.37093593850692397,0.2697520317754643,0.1481947711345999,0.1583504569354952,389a1,0.24765740246469692,389a1,0.37093593850692397
c_only,0.92,all,3,0.24765740246469692,0.18538050518555613,0.15890520501028685,0.37093593850692397,0.2697520317754643,0.1481947711345999,0.1583504569354952,389a1,0.24765740246469692,389a1,0.37093593850692397
P_only,0,all,3,0.27636735532240886,0.175699980330604,0.14003315263460606,0.23125512775395407,0.11060105455986835,0.02861111943855299,0.23125512775395407,389a1,-0.27636735532240886,389a1,0.23125512775395407
P_only,0.25,all,3,0.1768564325578592,0.10772558963492247,0.08457986666022299,0.18657230122804958,0.0851027205994878,0.060208523659084356,0.18657230122804958,389a1,-0.1768564325578592,389a1,0.18657230122804958
P_only,0.5,all,3,0.08744915380220375,0.0647496562965286,0.06050308692234712,0.15119592677498161,0.08239890906889087,0.12519362372358067,0.1345426700712018,389a1,-0.08744915380220375,389a1,0.15119592677498161
P_only,0.65,all,3,0.05431418694087964,0.03319515343806803,0.026972949492359066,0.20079404925381272,0.12510730011810076,0.14574742604139335,0.055202057512789615,37a1,0.05431418694087964,389a1,0.20079404925381272
P_only,0.75,all,3,0.03900104612785826,0.0345193788069895,0.03379915574514788,0.20635909380823936,0.13488062206420012,0.11778480776439082,0.04882378831749756,389a1,0.03900104612785826,389a1,0.20635909380823936
P_only,0.85,all,3,0.14435337897554779,0.1005731650894116,0.08678972263109419,0.2378642457881881,0.17924722540667384,0.07605402100464431,0.11480832612014114,37a1,-0.14435337897554779,37a1,0.2378642457881881
P_only,0.92,all,3,0.2494171780169565,0.1547183887073219,0.11614201959485144,0.30075867058538996,0.2012330629731227,0.07184109228347868,0.18609630580158631,37a1,-0.2494171780169565,37a1,0.30075867058538996
L2_only,0,all,3,0.24765740246469692,0.18538050518555613,0.15890520501028685,0.37093593850692397,0.2697520317754643,0.1481947711345999,0.1583504569354952,389a1,0.24765740246469692,389a1,0.37093593850692397
L2_only,0.25,all,3,0.24765740246469692,0.18538050518555613,0.15890520501028685,0.37093593850692397,0.2697520317754643,0.1481947711345999,0.1583504569354952,389a1,0.24765740246469692,389a1,0.37093593850692397
L2_only,0.5,all,3,0.24765740246469692,0.18538050518555613,0.15890520501028685,0.37093593850692397,0.2697520317754643,0.1481947711345999,0.1583504569354952,389a1,0.24765740246469692,389a1,0.37093593850692397
L2_only,0.65,all,3,0.24765740246469692,0.18538050518555613,0.15890520501028685,0.37093593850692397,0.2697520317754643,0.1481947711345999,0.1583504569354952,389a1,0.24765740246469692,389a1,0.37093593850692397
L2_only,0.75,all,3,0.24765740246469692,0.18538050518555613,0.15890520501028685,0.37093593850692397,0.2697520317754643,0.1481947711345999,0.1583504569354952,389a1,0.24765740246469692,389a1,0.37093593850692397
L2_only,0.85,all,3,0.24765740246469692,0.18538050518555613,0.15890520501028685,0.37093593850692397,0.2697520317754643,0.1481947711345999,0.1583504569354952,389a1,0.24765740246469692,389a1,0.37093593850692397
L2_only,0.92,all,3,0.24765740246469692,0.18538050518555613,0.15890520501028685,0.37093593850692397,0.2697520317754643,0.1481947711345999,0.1583504569354952,389a1,0.24765740246469692,389a1,0.37093593850692397
cP_only,0,all,3,0.27636735532240886,0.175699980330604,0.14003315263460606,0.23125512775395407,0.11060105455986835,0.02861111943855299,0.23125512775395407,389a1,-0.27636735532240886,389a1,0.23125512775395407
cP_only,0.25,all,3,0.1768564325578592,0.10772558963492247,0.08457986666022299,0.18657230122804958,0.0851027205994878,0.060208523659084356,0.18657230122804958,389a1,-0.1768564325578592,389a1,0.18657230122804958
cP_only,0.5,all,3,0.08744915380220375,0.0647496562965286,0.06050308692234712,0.15119592677498161,0.08239890906889087,0.12519362372358067,0.1345426700712018,389a1,-0.08744915380220375,389a1,0.15119592677498161
cP_only,0.65,all,3,0.05431418694087964,0.03319515343806803,0.026972949492359066,0.20079404925381272,0.12510730011810076,0.14574742604139335,0.055202057512789615,37a1,0.05431418694087964,389a1,0.20079404925381272
cP_only,0.75,all,3,0.03900104612785826,0.0345193788069895,0.03379915574514788,0.20635909380823936,0.13488062206420012,0.11778480776439082,0.04882378831749756,389a1,0.03900104612785826,389a1,0.20635909380823936
cP_only,0.85,all,3,0.14435337897554779,0.1005731650894116,0.08678972263109419,0.2378642457881881,0.17924722540667384,0.07605402100464431,0.11480832612014114,37a1,-0.14435337897554779,37a1,0.2378642457881881
cP_only,0.92,all,3,0.2494171780169565,0.1547183887073219,0.11614201959485144,0.30075867058538996,0.2012330629731227,0.07184109228347868,0.18609630580158631,37a1,-0.2494171780169565,37a1,0.30075867058538996
cL2_only,0,all,3,0.24765740246469692,0.18538050518555613,0.15890520501028685,0.37093593850692397,0.2697520317754643,0.1481947711345999,0.1583504569354952,389a1,0.24765740246469692,389a1,0.37093593850692397
cL2_only,0.25,all,3,0.24765740246469692,0.18538050518555613,0.15890520501028685,0.37093593850692397,0.2697520317754643,0.1481947711345999,0.1583504569354952,389a1,0.24765740246469692,389a1,0.37093593850692397
cL2_only,0.5,all,3,0.24765740246469692,0.18538050518555613,0.15890520501028685,0.37093593850692397,0.2697520317754643,0.1481947711345999,0.1583504569354952,389a1,0.24765740246469692,389a1,0.37093593850692397
cL2_only,0.65,all,3,0.24765740246469692,0.18538050518555613,0.15890520501028685,0.37093593850692397,0.2697520317754643,0.1481947711345999,0.1583504569354952,389a1,0.24765740246469692,389a1,0.37093593850692397
cL2_only,0.75,all,3,0.24765740246469692,0.18538050518555613,0.15890520501028685,0.37093593850692397,0.2697520317754643,0.1481947711345999,0.1583504569354952,389a1,0.24765740246469692,389a1,0.37093593850692397
cL2_only,0.85,all,3,0.24765740246469692,0.18538050518555613,0.15890520501028685,0.37093593850692397,0.2697520317754643,0.1481947711345999,0.1583504569354952,389a1,0.24765740246469692,389a1,0.37093593850692397
cL2_only,0.92,all,3,0.24765740246469692,0.18538050518555613,0.15890520501028685,0.37093593850692397,0.2697520317754643,0.1481947711345999,0.1583504569354952,389a1,0.24765740246469692,389a1,0.37093593850692397
PL2_only,0,all,3,0.27636735532240886,0.175699980330604,0.14003315263460606,0.23125512775395407,0.11060105455986835,0.02861111943855299,0.23125512775395407,389a1,-0.27636735532240886,389a1,0.23125512775395407
PL2_only,0.25,all,3,0.1768564325578592,0.10772558963492247,0.08457986666022299,0.18657230122804958,0.0851027205994878,0.060208523659084356,0.18657230122804958,389a1,-0.1768564325578592,389a1,0.18657230122804958
PL2_only,0.5,all,3,0.08744915380220375,0.0647496562965286,0.06050308692234712,0.15119592677498161,0.08239890906889087,0.12519362372358067,0.1345426700712018,389a1,-0.08744915380220375,389a1,0.15119592677498161
PL2_only,0.65,all,3,0.05431418694087964,0.03319515343806803,0.026972949492359066,0.20079404925381272,0.12510730011810076,0.14574742604139335,0.055202057512789615,37a1,0.05431418694087964,389a1,0.20079404925381272
PL2_only,0.75,all,3,0.03900104612785826,0.0345193788069895,0.03379915574514788,0.20635909380823936,0.13488062206420012,0.11778480776439082,0.04882378831749756,389a1,0.03900104612785826,389a1,0.20635909380823936
PL2_only,0.85,all,3,0.14435337897554779,0.1005731650894116,0.08678972263109419,0.2378642457881881,0.17924722540667384,0.07605402100464431,0.11480832612014114,37a1,-0.14435337897554779,37a1,0.2378642457881881
PL2_only,0.92,all,3,0.2494171780169565,0.1547183887073219,0.11614201959485144,0.30075867058538996,0.2012330629731227,0.07184109228347868,0.18609630580158631,37a1,-0.2494171780169565,37a1,0.30075867058538996
all,0,all,3,0.27636735532240886,0.175699980330604,0.14003315263460606,0.23125512775395407,0.11060105455986835,0.02861111943855299,0.23125512775395407,389a1,-0.27636735532240886,389a1,0.23125512775395407
all,0.25,all,3,0.1768564325578592,0.10772558963492247,0.08457986666022299,0.18657230122804958,0.0851027205994878,0.060208523659084356,0.18657230122804958,389a1,-0.1768564325578592,389a1,0.18657230122804958
all,0.5,all,3,0.08744915380220375,0.0647496562965286,0.06050308692234712,0.15119592677498161,0.08239890906889087,0.12519362372358067,0.1345426700712018,389a1,-0.08744915380220375,389a1,0.15119592677498161
all,0.65,all,3,0.05431418694087964,0.03319515343806803,0.026972949492359066,0.20079404925381272,0.12510730011810076,0.14574742604139335,0.055202057512789615,37a1,0.05431418694087964,389a1,0.20079404925381272
all,0.75,all,3,0.03900104612785826,0.0345193788069895,0.03379915574514788,0.20635909380823936,0.13488062206420012,0.11778480776439082,0.04882378831749756,389a1,0.03900104612785826,389a1,0.20635909380823936
all,0.85,all,3,0.14435337897554779,0.1005731650894116,0.08678972263109419,0.2378642457881881,0.17924722540667384,0.07605402100464431,0.11480832612014114,37a1,-0.14435337897554779,37a1,0.2378642457881881
all,0.92,all,3,0.2494171780169565,0.1547183887073219,0.11614201959485144,0.30075867058538996,0.2012330629731227,0.07184109228347868,0.18609630580158631,37a1,-0.2494171780169565,37a1,0.30075867058538996
sharp,0,tail_ge_100000,3,0.20427308217882167,0.1769796958180443,0.17404967756663123,0.18546139515282611,0.08113817944647672,0.1481947711345999,0.037266624018226224,389a1,0.20427308217882167,389a1,0.18546139515282611
sharp,0.25,tail_ge_100000,3,0.20427308217882167,0.1769796958180443,0.17404967756663123,0.18546139515282611,0.08113817944647672,0.1481947711345999,0.037266624018226224,389a1,0.20427308217882167,389a1,0.18546139515282611
sharp,0.5,tail_ge_100000,3,0.20427308217882167,0.1769796958180443,0.17404967756663123,0.18546139515282611,0.08113817944647672,0.1481947711345999,0.037266624018226224,389a1,0.20427308217882167,389a1,0.18546139515282611
sharp,0.65,tail_ge_100000,3,0.20427308217882167,0.1769796958180443,0.17404967756663123,0.18546139515282611,0.08113817944647672,0.1481947711345999,0.037266624018226224,389a1,0.20427308217882167,389a1,0.18546139515282611
sharp,0.75,tail_ge_100000,3,0.20427308217882167,0.1769796958180443,0.17404967756663123,0.18546139515282611,0.08113817944647672,0.1481947711345999,0.037266624018226224,389a1,0.20427308217882167,389a1,0.18546139515282611
sharp,0.85,tail_ge_100000,3,0.20427308217882167,0.1769796958180443,0.17404967756663123,0.18546139515282611,0.08113817944647672,0.1481947711345999,0.037266624018226224,389a1,0.20427308217882167,389a1,0.18546139515282611
sharp,0.92,tail_ge_100000,3,0.20427308217882167,0.1769796958180443,0.17404967756663123,0.18546139515282611,0.08113817944647672,0.1481947711345999,0.037266624018226224,389a1,0.20427308217882167,389a1,0.18546139515282611
c_only,0,tail_ge_100000,3,0.20427308217882167,0.1769796958180443,0.17404967756663123,0.18546139515282611,0.08113817944647672,0.1481947711345999,0.037266624018226224,389a1,0.20427308217882167,389a1,0.18546139515282611
c_only,0.25,tail_ge_100000,3,0.20427308217882167,0.1769796958180443,0.17404967756663123,0.18546139515282611,0.08113817944647672,0.1481947711345999,0.037266624018226224,389a1,0.20427308217882167,389a1,0.18546139515282611
c_only,0.5,tail_ge_100000,3,0.20427308217882167,0.1769796958180443,0.17404967756663123,0.18546139515282611,0.08113817944647672,0.1481947711345999,0.037266624018226224,389a1,0.20427308217882167,389a1,0.18546139515282611
c_only,0.65,tail_ge_100000,3,0.20427308217882167,0.1769796958180443,0.17404967756663123,0.18546139515282611,0.08113817944647672,0.1481947711345999,0.037266624018226224,389a1,0.20427308217882167,389a1,0.18546139515282611
c_only,0.75,tail_ge_100000,3,0.20427308217882167,0.1769796958180443,0.17404967756663123,0.18546139515282611,0.08113817944647672,0.1481947711345999,0.037266624018226224,389a1,0.20427308217882167,389a1,0.18546139515282611
c_only,0.85,tail_ge_100000,3,0.20427308217882167,0.1769796958180443,0.17404967756663123,0.18546139515282611,0.08113817944647672,0.1481947711345999,0.037266624018226224,389a1,0.20427308217882167,389a1,0.18546139515282611
c_only,0.92,tail_ge_100000,3,0.20427308217882167,0.1769796958180443,0.17404967756663123,0.18546139515282611,0.08113817944647672,0.1481947711345999,0.037266624018226224,389a1,0.20427308217882167,389a1,0.18546139515282611
P_only,0,tail_ge_100000,3,0.23493700448940613,0.13616506023484823,0.08631818837337706,0.042833078912825506,0.015796030314885634,0.02861111943855299,0.042833078912825506,389a1,-0.23493700448940613,389a1,0.042833078912825506
P_only,0.25,tail_ge_100000,3,0.24121368506045826,0.1433860143570026,0.1080633760017131,0.060208523659084356,0.02511244484376829,0.060208523659084356,0.04397313136641223,389a1,-0.24121368506045826,389a1,0.060208523659084356
P_only,0.5,tail_ge_100000,3,0.19468840224423944,0.15301783085468804,0.13708961778937337,0.12519362372358067,0.06536457363955502,0.12519362372358067,0.035498853439740685,37a1,0.19468840224423944,389a1,0.12519362372358067
P_only,0.65,tail_ge_100000,3,0.2926741882235757,0.22730441845072188,0.20888994689089632,0.14574742604139335,0.08775962254165133,0.14574742604139335,0.05336713569561269,37a1,0.2926741882235757,389a1,0.14574742604139335
P_only,0.75,tail_ge_100000,3,0.26061766779338535,0.18971649437616958,0.18072420181736945,0.11778480776439082,0.06977805899261773,0.11778480776439082,0.047522454207657994,37a1,0.26061766779338535,389a1,0.11778480776439082
P_only,0.85,tail_ge_100000,3,0.2540014279083759,0.15253869605458215,0.11306172754311512,0.07605402100464431,0.04587576522294919,0.07605402100464431,0.04631273062858199,37a1,0.2540014279083759,389a1,0.07605402100464431
P_only,0.92,tail_ge_100000,3,0.18441075626693193,0.13784058612206354,0.1322493527185649,0.0884767316210393,0.053414458424793754,0.07184109228347868,0.03362287422952637,37a1,0.18441075626693193,389a1,0.0884767316210393
L2_only,0,tail_ge_100000,3,0.20427308217882167,0.1769796958180443,0.17404967756663123,0.18546139515282611,0.08113817944647672,0.1481947711345999,0.037266624018226224,389a1,0.20427308217882167,389a1,0.18546139515282611
L2_only,0.25,tail_ge_100000,3,0.20427308217882167,0.1769796958180443,0.17404967756663123,0.18546139515282611,0.08113817944647672,0.1481947711345999,0.037266624018226224,389a1,0.20427308217882167,389a1,0.18546139515282611
L2_only,0.5,tail_ge_100000,3,0.20427308217882167,0.1769796958180443,0.17404967756663123,0.18546139515282611,0.08113817944647672,0.1481947711345999,0.037266624018226224,389a1,0.20427308217882167,389a1,0.18546139515282611
L2_only,0.65,tail_ge_100000,3,0.20427308217882167,0.1769796958180443,0.17404967756663123,0.18546139515282611,0.08113817944647672,0.1481947711345999,0.037266624018226224,389a1,0.20427308217882167,389a1,0.18546139515282611
L2_only,0.75,tail_ge_100000,3,0.20427308217882167,0.1769796958180443,0.17404967756663123,0.18546139515282611,0.08113817944647672,0.1481947711345999,0.037266624018226224,389a1,0.20427308217882167,389a1,0.18546139515282611
L2_only,0.85,tail_ge_100000,3,0.20427308217882167,0.1769796958180443,0.17404967756663123,0.18546139515282611,0.08113817944647672,0.1481947711345999,0.037266624018226224,389a1,0.20427308217882167,389a1,0.18546139515282611
L2_only,0.92,tail_ge_100000,3,0.20427308217882167,0.1769796958180443,0.17404967756663123,0.18546139515282611,0.08113817944647672,0.1481947711345999,0.037266624018226224,389a1,0.20427308217882167,389a1,0.18546139515282611
cP_only,0,tail_ge_100000,3,0.23493700448940613,0.13616506023484823,0.08631818837337706,0.042833078912825506,0.015796030314885634,0.02861111943855299,0.042833078912825506,389a1,-0.23493700448940613,389a1,0.042833078912825506
cP_only,0.25,tail_ge_100000,3,0.24121368506045826,0.1433860143570026,0.1080633760017131,0.060208523659084356,0.02511244484376829,0.060208523659084356,0.04397313136641223,389a1,-0.24121368506045826,389a1,0.060208523659084356
cP_only,0.5,tail_ge_100000,3,0.19468840224423944,0.15301783085468804,0.13708961778937337,0.12519362372358067,0.06536457363955502,0.12519362372358067,0.035498853439740685,37a1,0.19468840224423944,389a1,0.12519362372358067
cP_only,0.65,tail_ge_100000,3,0.2926741882235757,0.22730441845072188,0.20888994689089632,0.14574742604139335,0.08775962254165133,0.14574742604139335,0.05336713569561269,37a1,0.2926741882235757,389a1,0.14574742604139335
cP_only,0.75,tail_ge_100000,3,0.26061766779338535,0.18971649437616958,0.18072420181736945,0.11778480776439082,0.06977805899261773,0.11778480776439082,0.047522454207657994,37a1,0.26061766779338535,389a1,0.11778480776439082
cP_only,0.85,tail_ge_100000,3,0.2540014279083759,0.15253869605458215,0.11306172754311512,0.07605402100464431,0.04587576522294919,0.07605402100464431,0.04631273062858199,37a1,0.2540014279083759,389a1,0.07605402100464431
cP_only,0.92,tail_ge_100000,3,0.18441075626693193,0.13784058612206354,0.1322493527185649,0.0884767316210393,0.053414458424793754,0.07184109228347868,0.03362287422952637,37a1,0.18441075626693193,389a1,0.0884767316210393
cL2_only,0,tail_ge_100000,3,0.20427308217882167,0.1769796958180443,0.17404967756663123,0.18546139515282611,0.08113817944647672,0.1481947711345999,0.037266624018226224,389a1,0.20427308217882167,389a1,0.18546139515282611
cL2_only,0.25,tail_ge_100000,3,0.20427308217882167,0.1769796958180443,0.17404967756663123,0.18546139515282611,0.08113817944647672,0.1481947711345999,0.037266624018226224,389a1,0.20427308217882167,389a1,0.18546139515282611
cL2_only,0.5,tail_ge_100000,3,0.20427308217882167,0.1769796958180443,0.17404967756663123,0.18546139515282611,0.08113817944647672,0.1481947711345999,0.037266624018226224,389a1,0.20427308217882167,389a1,0.18546139515282611
cL2_only,0.65,tail_ge_100000,3,0.20427308217882167,0.1769796958180443,0.17404967756663123,0.18546139515282611,0.08113817944647672,0.1481947711345999,0.037266624018226224,389a1,0.20427308217882167,389a1,0.18546139515282611
cL2_only,0.75,tail_ge_100000,3,0.20427308217882167,0.1769796958180443,0.17404967756663123,0.18546139515282611,0.08113817944647672,0.1481947711345999,0.037266624018226224,389a1,0.20427308217882167,389a1,0.18546139515282611
cL2_only,0.85,tail_ge_100000,3,0.20427308217882167,0.1769796958180443,0.17404967756663123,0.18546139515282611,0.08113817944647672,0.1481947711345999,0.037266624018226224,389a1,0.20427308217882167,389a1,0.18546139515282611
cL2_only,0.92,tail_ge_100000,3,0.20427308217882167,0.1769796958180443,0.17404967756663123,0.18546139515282611,0.08113817944647672,0.1481947711345999,0.037266624018226224,389a1,0.20427308217882167,389a1,0.18546139515282611
PL2_only,0,tail_ge_100000,3,0.23493700448940613,0.13616506023484823,0.08631818837337706,0.042833078912825506,0.015796030314885634,0.02861111943855299,0.042833078912825506,389a1,-0.23493700448940613,389a1,0.042833078912825506
PL2_only,0.25,tail_ge_100000,3,0.24121368506045826,0.1433860143570026,0.1080633760017131,0.060208523659084356,0.02511244484376829,0.060208523659084356,0.04397313136641223,389a1,-0.24121368506045826,389a1,0.060208523659084356
PL2_only,0.5,tail_ge_100000,3,0.19468840224423944,0.15301783085468804,0.13708961778937337,0.12519362372358067,0.06536457363955502,0.12519362372358067,0.035498853439740685,37a1,0.19468840224423944,389a1,0.12519362372358067
PL2_only,0.65,tail_ge_100000,3,0.2926741882235757,0.22730441845072188,0.20888994689089632,0.14574742604139335,0.08775962254165133,0.14574742604139335,0.05336713569561269,37a1,0.2926741882235757,389a1,0.14574742604139335
PL2_only,0.75,tail_ge_100000,3,0.26061766779338535,0.18971649437616958,0.18072420181736945,0.11778480776439082,0.06977805899261773,0.11778480776439082,0.047522454207657994,37a1,0.26061766779338535,389a1,0.11778480776439082
PL2_only,0.85,tail_ge_100000,3,0.2540014279083759,0.15253869605458215,0.11306172754311512,0.07605402100464431,0.04587576522294919,0.07605402100464431,0.04631273062858199,37a1,0.2540014279083759,389a1,0.07605402100464431
PL2_only,0.92,tail_ge_100000,3,0.18441075626693193,0.13784058612206354,0.1322493527185649,0.0884767316210393,0.053414458424793754,0.07184109228347868,0.03362287422952637,37a1,0.18441075626693193,389a1,0.0884767316210393
all,0,tail_ge_100000,3,0.23493700448940613,0.13616506023484823,0.08631818837337706,0.042833078912825506,0.015796030314885634,0.02861111943855299,0.042833078912825506,389a1,-0.23493700448940613,389a1,0.042833078912825506
all,0.25,tail_ge_100000,3,0.24121368506045826,0.1433860143570026,0.1080633760017131,0.060208523659084356,0.02511244484376829,0.060208523659084356,0.04397313136641223,389a1,-0.24121368506045826,389a1,0.060208523659084356
all,0.5,tail_ge_100000,3,0.19468840224423944,0.15301783085468804,0.13708961778937337,0.12519362372358067,0.06536457363955502,0.12519362372358067,0.035498853439740685,37a1,0.19468840224423944,389a1,0.12519362372358067
all,0.65,tail_ge_100000,3,0.2926741882235757,0.22730441845072188,0.20888994689089632,0.14574742604139335,0.08775962254165133,0.14574742604139335,0.05336713569561269,37a1,0.2926741882235757,389a1,0.14574742604139335
all,0.75,tail_ge_100000,3,0.26061766779338535,0.18971649437616958,0.18072420181736945,0.11778480776439082,0.06977805899261773,0.11778480776439082,0.047522454207657994,37a1,0.26061766779338535,389a1,0.11778480776439082
all,0.85,tail_ge_100000,3,0.2540014279083759,0.15253869605458215,0.11306172754311512,0.07605402100464431,0.04587576522294919,0.07605402100464431,0.04631273062858199,37a1,0.2540014279083759,389a1,0.07605402100464431
all,0.92,tail_ge_100000,3,0.18441075626693193,0.13784058612206354,0.1322493527185649,0.0884767316210393,0.053414458424793754,0.07184109228347868,0.03362287422952637,37a1,0.18441075626693193,389a1,0.0884767316210393
